customer_id,gender,age,country,city,customer_segment,tenure_months,contract_type,monthly_logins,weekly_active_days,last_login_days_ago,monthly_fee,total_revenue,payment_failures,support_tickets,csat_score,nps_score,churn_probability,future_value,revenue_at_risk,expected_revenue_saved,retention_cost,expected_net_benefit,priority_group,actual_churn
CUST_05648,Female,46,UK,Toronto,Individual,39,Monthly,14,6,5,50,1950,0,1,1.0,7,0.23564338662970868,600,141.3860319778252,42.41580959334756,10.0,32.41580959334756,High,0
CUST_09505,Male,69,India,Toronto,Individual,53,Quarterly,13,5,13,50,2650,0,1,4.0,77,0.039395588348459236,600,23.637353009075543,7.091205902722662,10.0,-2.9087940972773376,Low,0
CUST_08510,Male,53,Canada,New York,Enterprise,58,Monthly,32,5,9,50,2900,3,1,3.0,11,0.2621575551203025,600,157.29453307218148,47.188359921654445,10.0,37.188359921654445,High,0
CUST_02131,Male,54,UK,Dhaka,Individual,29,Yearly,19,3,1,10,290,0,2,3.0,19,0.11069464149713001,120,13.283356979655602,3.9850070938966806,2.0,1.9850070938966806,Low,0
CUST_03347,Female,30,Bangladesh,Berlin,SME,8,Monthly,18,4,5,70,560,2,2,2.0,70,0.2973650889525932,840,249.7866747201783,74.93600241605348,14.0,60.93600241605348,High,0
CUST_05665,Female,38,Germany,London,Individual,57,Monthly,0,6,13,20,1140,1,0,4.0,34,0.33521957367763006,240,80.45269768263121,24.135809304789362,4.0,20.135809304789362,High,0
CUST_08674,Male,57,Australia,Dhaka,SME,22,Yearly,22,1,1,20,440,1,1,4.0,56,0.054148424438240805,240,12.995621865177792,3.8986865595533375,4.0,-0.10131344044666246,Low,0
CUST_00006,Female,36,India,London,Individual,54,Monthly,1,3,20,50,2700,0,0,4.0,-40,0.19996138721589266,600,119.9768323295356,35.99304969886068,10.0,25.99304969886068,High,0
CUST_05539,Male,42,India,London,SME,56,Quarterly,23,1,18,50,2800,0,0,4.0,37,0.06341757481053661,600,38.050544886321966,11.415163465896589,10.0,1.4151634658965886,Low,0
CUST_07484,Male,36,Canada,Delhi,Individual,18,Quarterly,12,6,8,70,1260,1,2,4.0,-42,0.03764066735211566,840,31.618160575777154,9.485448172733145,14.0,-4.514551827266855,Low,0
CUST_06577,Male,61,USA,Sydney,Individual,38,Quarterly,10,2,0,50,1900,3,2,4.0,-23,0.2329217960749825,600,139.7530776449895,41.92592329349685,10.0,31.92592329349685,High,0
CUST_00771,Male,51,Australia,New York,Individual,6,Monthly,23,5,2,30,180,0,0,3.0,16,0.09404250825741237,360,33.855302972668454,10.156590891800535,6.0,4.156590891800535,Low,0
CUST_01720,Male,23,Bangladesh,Delhi,Individual,27,Quarterly,0,0,17,10,270,0,1,3.0,17,0.27716384799236615,120,33.25966175908394,9.977898527725182,2.0,7.977898527725182,High,0
CUST_01479,Female,71,Bangladesh,Delhi,Individual,6,Quarterly,23,3,18,10,60,1,2,4.0,-27,0.16396482419077588,120,19.675778902893104,5.9027336708679305,2.0,3.9027336708679305,High,0
CUST_07479,Female,70,UK,Delhi,Individual,8,Quarterly,11,6,5,20,160,0,2,3.0,62,0.1735262545949675,240,41.6463011027922,12.49389033083766,4.0,8.49389033083766,High,0
CUST_09810,Male,32,Canada,Dhaka,Enterprise,49,Yearly,24,3,12,70,3430,2,3,3.0,-1,0.17157125349191754,840,144.11985293321072,43.235955879963214,14.0,29.235955879963214,High,0
CUST_07376,Female,19,Australia,Toronto,SME,41,Quarterly,12,2,9,10,410,1,1,5.0,50,0.0501640984631836,120,6.019691815582032,1.8059075446746096,2.0,-0.19409245532539043,Low,0
CUST_04601,Male,65,UK,Toronto,Enterprise,35,Quarterly,17,0,0,10,350,1,0,2.0,35,0.20236306585761873,120,24.28356790291425,7.285070370874275,2.0,5.285070370874275,High,1
CUST_06651,Male,30,Germany,New York,Individual,24,Quarterly,10,2,15,50,1200,1,0,3.0,4,0.07221782367864092,600,43.33069420718455,12.999208262155365,10.0,2.9992082621553653,Low,0
CUST_05849,Female,37,UK,Toronto,SME,22,Yearly,29,6,19,20,440,1,1,4.0,33,0.06941575680759464,240,16.659781633822714,4.997934490146814,4.0,0.9979344901468137,Low,0
CUST_06843,Female,53,Germany,Delhi,SME,30,Monthly,36,1,10,30,900,0,1,4.0,20,0.07851451627232993,360,28.265225858038775,8.479567757411631,6.0,2.4795677574116315,Low,0
CUST_09918,Male,45,Canada,Delhi,Individual,52,Monthly,0,0,23,10,520,1,1,3.0,31,0.2572580980270418,120,30.870971763245016,9.261291528973505,2.0,7.261291528973505,High,0
CUST_05234,Male,57,India,Berlin,Individual,1,Quarterly,15,7,7,50,50,1,0,2.0,4,0.32902843503783014,600,197.41706102269808,59.22511830680942,10.0,49.22511830680942,High,1
CUST_03018,Male,46,Canada,Sydney,Individual,8,Monthly,18,6,9,50,400,0,0,4.0,59,0.044258230902775114,600,26.55493854166507,7.966481562499521,10.0,-2.0335184375004793,Low,0
CUST_03064,Female,57,Canada,Berlin,Enterprise,56,Monthly,0,0,4,20,1120,0,1,4.0,18,0.29216562907357757,240,70.11975097765861,21.035925293297584,4.0,17.035925293297584,High,0
CUST_07560,Female,42,UK,Sydney,Individual,38,Yearly,24,6,4,10,380,1,2,3.0,71,0.0625431608217454,120,7.505179298609447,2.251553789582834,2.0,0.25155378958283414,Low,0
CUST_02718,Male,51,USA,Toronto,Enterprise,14,Quarterly,26,5,9,10,140,0,1,2.0,62,0.21018113043028824,120,25.22173565163459,7.566520695490376,2.0,5.566520695490376,High,0
CUST_02302,Male,50,Bangladesh,London,Individual,8,Monthly,30,3,1,10,80,1,0,3.0,56,0.07733886696926685,120,9.280664036312022,2.7841992108936062,2.0,0.7841992108936062,Low,0
CUST_09067,Female,68,Germany,Berlin,Individual,1,Yearly,23,1,17,50,50,0,0,4.0,70,0.26344965498155837,600,158.06979298893503,47.420937896680506,10.0,37.420937896680506,High,0
CUST_01247,Female,28,Australia,Sydney,Enterprise,5,Quarterly,25,2,8,10,50,0,3,4.0,3,0.2815281171840381,120,33.78337406208457,10.13501221862537,2.0,8.13501221862537,High,0
CUST_09247,Female,48,Australia,Dhaka,Individual,39,Monthly,18,2,8,50,1950,0,1,4.0,54,0.06290601074437753,600,37.743606446626515,11.323081933987954,10.0,1.3230819339879538,Low,0
CUST_03144,Male,23,Germany,Dhaka,Individual,23,Quarterly,14,5,6,10,230,1,0,2.0,63,0.38589408337987635,120,46.30729000558516,13.892187001675547,2.0,11.892187001675547,High,0
CUST_07010,Male,39,UK,Toronto,Individual,7,Monthly,20,6,0,20,140,0,1,4.0,57,0.11065031255027145,240,26.55607501206515,7.966822503619545,4.0,3.966822503619545,Low,0
CUST_05804,Male,27,USA,Toronto,SME,46,Monthly,20,5,5,10,460,2,1,4.0,48,0.1408971014549817,120,16.907652174597803,5.072295652379341,2.0,3.072295652379341,Low,0
CUST_02727,Female,54,Canada,Toronto,Individual,17,Monthly,18,1,1,30,510,2,2,5.0,36,0.32498925134134105,360,116.99613048288278,35.09883914486483,6.0,29.098839144864833,High,1
CUST_08789,Male,47,Canada,Dhaka,Enterprise,9,Quarterly,9,5,13,70,630,0,1,5.0,54,0.08239825623646739,840,69.2145352386326,20.76436057158978,14.0,6.76436057158978,Low,0
CUST_02943,Male,73,UK,Sydney,Individual,38,Yearly,21,0,1,50,1900,1,2,4.0,27,0.06477593212406334,600,38.865559274438006,11.659667782331402,10.0,1.659667782331402,Low,0
CUST_00206,Male,21,Canada,London,SME,7,Monthly,21,3,37,20,140,1,1,3.0,71,0.11324302359353954,240,27.178325662449488,8.153497698734846,4.0,4.153497698734846,Low,0
CUST_05973,Male,23,Bangladesh,Sydney,SME,25,Quarterly,31,3,17,50,1250,0,1,5.0,-12,0.044876926331942166,600,26.9261557991653,8.07784673974959,10.0,-1.9221532602504094,Low,0
CUST_09439,Female,28,Germany,Delhi,SME,5,Yearly,22,7,2,70,350,0,0,3.0,4,0.2263216415248176,840,190.11017888084677,57.033053664254034,14.0,43.033053664254034,High,0
CUST_03254,Male,40,Bangladesh,Berlin,Individual,17,Monthly,5,5,6,10,170,1,0,3.0,-9,0.14103407655955774,120,16.92408918714693,5.0772267561440785,2.0,3.0772267561440785,Low,0
CUST_05917,Male,31,Bangladesh,Delhi,Individual,56,Monthly,22,4,6,50,2800,1,1,5.0,91,0.061672220858273535,600,37.00333251496412,11.100999754489235,10.0,1.1009997544892354,Low,0
CUST_04017,Female,18,Canada,Dhaka,Enterprise,29,Quarterly,34,0,23,50,1450,0,0,3.0,37,0.08815970845368595,600,52.89582507221157,15.86874752166347,10.0,5.868747521663471,Low,0
CUST_07290,Male,23,Germany,Delhi,Individual,8,Monthly,18,0,9,20,160,0,0,4.0,19,0.09173316701351762,240,22.01596008324423,6.604788024973269,4.0,2.604788024973269,Low,0
CUST_02168,Male,25,Australia,New York,Individual,31,Yearly,14,6,14,10,310,2,3,3.0,3,0.2995000866152556,120,35.940010393830676,10.782003118149202,2.0,8.782003118149202,High,1
CUST_01818,Male,50,Canada,Berlin,Individual,33,Monthly,10,1,1,100,3300,0,1,3.0,54,0.05893352174173376,1200,70.72022609008052,21.216067827024155,20.0,1.2160678270241547,Low,0
CUST_05119,Male,24,UK,Sydney,Individual,55,Quarterly,22,4,10,10,550,1,3,3.0,48,0.08836232028317301,120,10.603478433980762,3.1810435301942284,2.0,1.1810435301942284,Low,0
CUST_03620,Male,62,Australia,New York,Individual,9,Monthly,23,3,9,50,450,0,1,4.0,-43,0.07053301304661863,600,42.319807827971175,12.695942348391352,10.0,2.695942348391352,Low,0
CUST_01925,Female,52,Canada,Delhi,Individual,16,Quarterly,25,1,1,20,320,0,2,4.0,19,0.05349402312076608,240,12.838565548983858,3.851569664695157,4.0,-0.14843033530484284,Low,0
CUST_08500,Male,70,UK,Sydney,SME,15,Quarterly,41,5,3,20,300,0,3,2.0,0,0.13650961579741624,240,32.7623077913799,9.828692337413969,4.0,5.828692337413969,Low,1
CUST_03283,Male,22,Bangladesh,Toronto,Individual,38,Monthly,17,1,11,10,380,0,1,4.0,28,0.06922505030800535,120,8.307006036960642,2.4921018110881925,2.0,0.4921018110881925,Low,0
CUST_04922,Male,63,Australia,Toronto,Individual,15,Monthly,21,2,52,30,450,0,1,4.0,34,0.12399538752753263,360,44.638339509911745,13.391501852973523,6.0,7.391501852973523,Low,0
CUST_02637,Male,53,Canada,Sydney,SME,26,Quarterly,17,4,15,70,1820,0,1,2.0,53,0.34530186669718693,840,290.05356802563705,87.01607040769112,14.0,73.01607040769112,High,0
CUST_05506,Male,53,Australia,Berlin,Individual,51,Monthly,21,1,2,10,510,0,0,5.0,24,0.01739572516489658,120,2.0874870197875897,0.6262461059362768,2.0,-1.3737538940637233,Low,0
CUST_01786,Female,74,Australia,London,SME,27,Yearly,14,4,3,50,1350,0,0,2.0,-2,0.24414683352382843,600,146.48810011429705,43.946430034289115,10.0,33.946430034289115,High,0
CUST_04474,Female,71,Canada,New York,SME,20,Yearly,20,7,0,20,400,0,3,3.0,24,0.12149770686157055,240,29.15944964677693,8.74783489403308,4.0,4.74783489403308,Low,0
CUST_00302,Male,47,Germany,Sydney,SME,47,Quarterly,20,7,7,70,3290,0,1,1.0,89,0.24472335900081138,840,205.56762156068157,61.670286468204466,14.0,47.670286468204466,High,0
CUST_07753,Female,39,UK,New York,SME,1,Monthly,27,6,8,50,50,0,1,3.0,-10,0.34750616465964246,600,208.50369879578548,62.55110963873564,10.0,52.55110963873564,High,0
CUST_00294,Female,62,UK,Delhi,Enterprise,19,Quarterly,18,2,1,20,380,0,1,4.0,-27,0.019817596592142574,240,4.756223182114218,1.4268669546342654,4.0,-2.5731330453657346,Low,0
CUST_06113,Male,58,Australia,New York,Individual,4,Monthly,0,7,16,30,120,1,1,3.0,76,0.48824931208842204,360,175.76975235183193,52.73092570554957,6.0,46.73092570554957,High,1
CUST_02811,Male,72,Bangladesh,Sydney,Individual,29,Quarterly,26,1,23,20,580,0,2,4.0,22,0.026072790275869267,240,6.257469666208624,1.8772408998625871,4.0,-2.122759100137413,Low,0
CUST_01728,Male,69,Australia,Dhaka,Individual,2,Yearly,7,3,24,30,60,0,1,4.0,4,0.448068922710084,360,161.30481217563025,48.39144365268907,6.0,42.39144365268907,High,0
CUST_08152,Female,27,UK,New York,SME,51,Monthly,24,6,1,70,3570,1,1,4.0,95,0.04339459074782077,840,36.45145622816945,10.935436868450834,14.0,-3.064563131549166,Low,0
CUST_05302,Female,46,Bangladesh,Dhaka,Enterprise,52,Quarterly,23,2,9,50,2600,0,1,4.0,-20,0.041229228224267646,600,24.737536934560588,7.4212610803681756,10.0,-2.5787389196318244,Low,0
CUST_08151,Female,47,Bangladesh,Sydney,SME,57,Yearly,0,6,9,50,2850,0,1,4.0,56,0.2963759527829984,600,177.82557166979902,53.347671500939704,10.0,43.347671500939704,High,0
CUST_09296,Male,19,Canada,Sydney,Individual,6,Monthly,12,2,3,10,60,0,1,3.0,-6,0.10887424665567738,120,13.064909598681286,3.9194728796043856,2.0,1.9194728796043856,Low,0
CUST_07020,Female,45,UK,Dhaka,Individual,12,Monthly,10,1,1,100,1200,0,1,3.0,34,0.08738232369578268,1200,104.85878843493921,31.457636530481764,20.0,11.457636530481764,Low,0
CUST_00531,Male,22,Canada,Dhaka,Individual,16,Monthly,4,1,2,30,480,0,1,2.0,41,0.3947880563311012,360,142.12370027919644,42.637110083758934,6.0,36.637110083758934,High,1
CUST_07073,Male,45,Germany,Delhi,Individual,2,Monthly,27,0,2,30,60,0,2,4.0,-28,0.4160688165031578,360,149.78477394113682,44.935432182341046,6.0,38.935432182341046,High,0
CUST_04354,Female,21,Germany,Delhi,Individual,32,Monthly,28,1,3,30,960,0,0,2.0,64,0.27140009798038595,360,97.70403527293894,29.31121058188168,6.0,23.31121058188168,High,0
CUST_07880,Male,38,Canada,Dhaka,Individual,30,Quarterly,15,7,3,30,900,0,3,5.0,39,0.0844665849822734,360,30.407970593618423,9.122391178085527,6.0,3.122391178085527,Low,0
CUST_06692,Male,47,Australia,New York,Individual,12,Quarterly,23,3,36,50,600,0,1,3.0,44,0.10358055684496308,600,62.14833410697785,18.644500232093353,10.0,8.644500232093353,Low,0
CUST_00468,Male,61,India,Sydney,Individual,34,Monthly,25,5,4,20,680,0,1,3.0,-7,0.04459760702808237,240,10.703425686739768,3.2110277060219303,4.0,-0.7889722939780697,Low,0
CUST_00328,Male,63,Bangladesh,Delhi,Individual,34,Monthly,27,0,12,50,1700,0,0,3.0,-4,0.02682096826209794,600,16.092580957258765,4.827774287177629,10.0,-5.172225712822371,Low,0
CUST_07951,Male,68,Australia,London,Individual,42,Quarterly,12,7,3,30,1260,1,1,1.0,35,0.2521451556623717,360,90.77225603845382,27.231676811536143,6.0,21.231676811536143,High,0
CUST_01279,Male,73,Canada,Sydney,SME,39,Monthly,18,4,3,30,1170,0,1,4.0,-2,0.022771217576986302,360,8.197638327715069,2.4592914983145207,6.0,-3.5407085016854793,Low,0
CUST_04014,Male,56,Germany,Dhaka,Individual,17,Quarterly,15,3,22,20,340,1,0,3.0,20,0.05707925201795503,240,13.699020484309207,4.109706145292762,4.0,0.1097061452927619,Low,0
CUST_08860,Female,58,Canada,Berlin,Individual,53,Monthly,4,0,39,10,530,0,0,4.0,26,0.183386683899045,120,22.0064020678854,6.60192062036562,2.0,4.60192062036562,High,0
CUST_02642,Female,71,UK,Delhi,Individual,9,Yearly,29,4,2,30,270,0,1,5.0,24,0.07986237593001465,360,28.750455334805274,8.625136600441582,6.0,2.625136600441582,Low,0
CUST_08067,Female,69,Bangladesh,Delhi,Individual,51,Monthly,11,0,9,100,5100,1,2,4.0,-33,0.09581836561093757,1200,114.98203873312508,34.49461161993752,20.0,14.494611619937523,Low,0
CUST_06869,Female,63,Australia,London,Individual,52,Quarterly,8,7,6,20,1040,1,2,4.0,-47,0.10714046841356906,240,25.713712419256574,7.714113725776972,4.0,3.714113725776972,Low,0
CUST_02149,Female,45,Bangladesh,New York,Individual,56,Yearly,20,0,12,20,1120,0,1,3.0,11,0.03448243231754675,240,8.27578375621122,2.482735126863366,4.0,-1.517264873136634,Low,0
CUST_04563,Male,62,Bangladesh,New York,SME,13,Monthly,36,6,13,20,260,0,2,3.0,46,0.07146109734179427,240,17.150663362030627,5.145199008609188,4.0,1.1451990086091879,Low,0
CUST_07198,Male,45,Canada,Berlin,Individual,34,Quarterly,14,5,0,30,1020,0,3,3.0,45,0.0480764672353131,360,17.307528204712717,5.192258461413815,6.0,-0.8077415385861846,Low,0
CUST_01390,Male,74,Canada,New York,Individual,37,Quarterly,19,5,1,20,740,0,0,3.0,18,0.10857141936141848,240,26.057140646740436,7.81714219402213,4.0,3.8171421940221304,Low,0
CUST_01789,Male,18,Canada,Berlin,Individual,46,Quarterly,7,2,1,50,2300,1,0,4.0,67,0.04029569968742201,600,24.17741981245321,7.253225943735963,10.0,-2.7467740562640373,Low,0
CUST_06390,Male,62,Germany,Sydney,Individual,54,Monthly,35,4,3,30,1620,1,0,5.0,100,0.024488290553352624,360,8.815784599206944,2.6447353797620834,6.0,-3.3552646202379166,Low,0
CUST_06717,Female,70,Canada,Sydney,Individual,53,Quarterly,2,2,10,100,5300,0,4,4.0,-53,0.18645382350385492,1200,223.7445882046259,67.12337646138776,20.0,47.123376461387764,High,1
CUST_00337,Male,59,Germany,London,SME,17,Yearly,22,6,6,10,170,1,0,2.0,35,0.3100206421902958,120,37.2024770628355,11.160743118850649,2.0,9.160743118850649,High,0
CUST_01276,Female,45,Germany,Toronto,SME,25,Monthly,19,2,0,30,750,0,1,2.0,72,0.28766097784175054,360,103.5579520230302,31.067385606909056,6.0,25.067385606909056,High,1
CUST_00149,Male,29,Canada,Berlin,Individual,15,Quarterly,38,7,1,30,450,0,1,4.0,-3,0.054057049162027714,360,19.460537698329976,5.838161309498992,6.0,-0.16183869050100785,Low,0
CUST_01761,Female,19,Australia,Sydney,Individual,2,Monthly,18,3,35,20,40,0,2,3.0,-24,0.4035678597202076,240,96.85628633284982,29.056885899854944,4.0,25.056885899854944,High,0
CUST_01986,Female,69,Australia,Sydney,Individual,38,Monthly,23,4,5,50,1900,0,2,5.0,5,0.04690541205065141,600,28.143247230390845,8.442974169117253,10.0,-1.557025830882747,Low,0
CUST_07369,Male,41,India,Berlin,Individual,26,Yearly,11,5,4,100,2600,1,0,4.0,-52,0.07205901869061783,1200,86.4708224287414,25.94124672862242,20.0,5.941246728622421,Low,0
CUST_04384,Female,18,India,Sydney,Individual,38,Quarterly,20,2,34,70,2660,1,1,4.0,85,0.09357019007522897,840,78.59895966319233,23.579687898957697,14.0,9.579687898957697,Low,0
CUST_08538,Male,47,Australia,Sydney,SME,6,Monthly,12,7,23,20,120,0,3,4.0,75,0.17997618865422346,240,43.194285277013634,12.95828558310409,4.0,8.95828558310409,High,0
CUST_07752,Female,61,Bangladesh,London,Individual,21,Monthly,17,4,1,50,1050,0,2,3.0,-19,0.023580313876716903,600,14.14818832603014,4.244456497809042,10.0,-5.755543502190958,Low,0
CUST_05364,Female,59,Canada,New York,Enterprise,19,Quarterly,25,2,1,70,1330,0,0,4.0,22,0.05815930069093542,840,48.85381258038575,14.656143774115725,14.0,0.6561437741157246,Low,0
CUST_07467,Female,50,Bangladesh,New York,Enterprise,7,Monthly,15,0,4,30,210,0,0,5.0,36,0.14679436487598815,360,52.845971355355736,15.853791406606721,6.0,9.853791406606721,Low,0
CUST_00256,Male,26,Australia,Delhi,SME,11,Yearly,23,3,4,20,220,1,2,2.0,70,0.2839935361799805,240,68.15844868319533,20.447534604958598,4.0,16.447534604958598,High,1
CUST_03046,Male,34,USA,New York,Individual,17,Monthly,44,1,21,30,510,0,2,2.0,-26,0.18601324056038435,360,66.96476660173836,20.08942998052151,6.0,14.089429980521508,High,0
CUST_05734,Female,59,Germany,Berlin,Individual,15,Yearly,27,0,49,50,750,1,0,4.0,-35,0.15521184887641998,600,93.12710932585199,27.938132797755596,10.0,17.938132797755596,High,0
CUST_02466,Male,44,Canada,London,SME,45,Quarterly,23,7,19,50,2250,1,0,4.0,30,0.05956277946639253,600,35.73766767983552,10.721300303950654,10.0,0.7213003039506543,Low,0
CUST_09023,Male,30,UK,Toronto,Enterprise,51,Monthly,21,3,3,50,2550,3,1,2.0,38,0.29619283977159794,600,177.71570386295878,53.31471115888763,10.0,43.31471115888763,High,0
CUST_03320,Female,46,UK,Dhaka,SME,16,Monthly,19,6,5,20,320,1,2,4.0,26,0.09618110321033813,240,23.08346477048115,6.925039431144345,4.0,2.925039431144345,Low,0
CUST_09305,Male,46,UK,Toronto,Individual,29,Quarterly,39,5,9,50,1450,0,2,1.0,100,0.2257513003748689,600,135.45078022492135,40.635234067476404,10.0,30.635234067476404,High,0
CUST_08453,Female,31,UK,Sydney,SME,28,Quarterly,23,3,1,50,1400,1,0,4.0,-51,0.043572408083091096,600,26.143444849854657,7.843033454956396,10.0,-2.1569665450436037,Low,0
CUST_00320,Female,71,Germany,Toronto,SME,48,Quarterly,17,6,7,50,2400,0,0,4.0,28,0.09021185036997334,600,54.127110221984005,16.2381330665952,10.0,6.2381330665952,Low,0
CUST_09072,Male,69,UK,New York,SME,7,Monthly,26,0,5,70,490,0,1,4.0,-4,0.05986978954806262,840,50.2906232203726,15.08718696611178,14.0,1.08718696611178,Low,0
CUST_05867,Male,39,USA,Delhi,Individual,39,Monthly,12,2,2,10,390,0,1,2.0,43,0.3106177098863068,120,37.27412518635682,11.182237555907045,2.0,9.182237555907045,High,0
CUST_05274,Female,53,Germany,Delhi,Individual,47,Monthly,27,1,0,30,1410,0,1,4.0,-43,0.09732081943067213,360,35.035494995041965,10.51064849851259,6.0,4.510648498512589,Low,0
CUST_08034,Female,65,Germany,London,Individual,39,Yearly,9,0,12,30,1170,1,2,5.0,42,0.09629639830083782,360,34.66670338830161,10.400011016490483,6.0,4.400011016490483,Low,0
CUST_01695,Male,55,Bangladesh,Dhaka,Enterprise,37,Monthly,13,6,7,100,3700,0,2,4.0,100,0.07646577395546955,1200,91.75892874656346,27.527678623969035,20.0,7.5276786239690345,Low,0
CUST_07470,Female,32,Bangladesh,New York,Individual,26,Yearly,17,2,12,30,780,0,1,3.0,58,0.07328627660228541,360,26.38305957682275,7.914917873046824,6.0,1.9149178730468241,Low,0
CUST_01249,Female,51,USA,Delhi,SME,2,Monthly,21,1,1,30,60,0,1,4.0,-57,0.3124432954130518,360,112.47958634869866,33.743875904609595,6.0,27.743875904609595,High,0
CUST_08700,Female,57,USA,London,SME,8,Quarterly,9,4,7,20,160,1,1,3.0,-26,0.10870107970507703,240,26.088259129218486,7.826477738765545,4.0,3.8264777387655453,Low,0
CUST_07843,Female,66,Bangladesh,Delhi,Individual,50,Monthly,37,3,27,30,1500,0,1,3.0,-44,0.08188537481868767,360,29.478734934727562,8.843620480418268,6.0,2.8436204804182683,Low,0
CUST_08893,Male,34,USA,London,Individual,8,Monthly,30,2,4,10,80,0,2,4.0,40,0.09650505917729615,120,11.580607101275538,3.4741821303826614,2.0,1.4741821303826614,Low,0
CUST_03193,Male,58,Bangladesh,Sydney,Enterprise,29,Quarterly,13,0,13,20,580,0,1,4.0,100,0.042088921972254695,240,10.101341273341127,3.0304023820023382,4.0,-0.9695976179976618,Low,0
CUST_05571,Female,35,USA,Toronto,Individual,34,Monthly,25,0,2,10,340,0,3,4.0,-31,0.030273656984608398,120,3.632838838153008,1.0898516514459022,2.0,-0.9101483485540978,Low,0
CUST_02470,Female,38,USA,Delhi,SME,2,Yearly,28,0,20,70,140,0,0,4.0,-23,0.2594968936831019,840,217.9773906938056,65.39321720814168,14.0,51.39321720814168,High,0
CUST_02116,Female,47,UK,Sydney,Individual,25,Monthly,12,3,3,50,1250,0,0,3.0,19,0.03747104268297398,600,22.48262560978439,6.744787682935317,10.0,-3.255212317064683,Low,0
CUST_02884,Male,72,Bangladesh,Berlin,Individual,47,Monthly,26,5,12,10,470,2,0,5.0,38,0.1432390646641582,120,17.188687759698983,5.156606327909695,2.0,3.156606327909695,Low,0
CUST_05559,Female,63,USA,Delhi,Individual,30,Monthly,29,3,6,30,900,1,1,3.0,-8,0.05382232857051375,360,19.37603828538495,5.812811485615485,6.0,-0.18718851438451534,Low,0
CUST_09308,Male,40,Canada,London,SME,12,Quarterly,25,0,5,50,600,2,0,3.0,33,0.3654066362127069,600,219.24398172762415,65.77319451828724,10.0,55.77319451828724,High,0
CUST_03061,Female,70,Germany,London,SME,31,Yearly,15,0,3,100,3100,1,1,4.0,-10,0.08186502033665179,1200,98.23802440398214,29.47140732119464,20.0,9.47140732119464,Low,0
CUST_00509,Female,58,Bangladesh,Dhaka,Individual,11,Quarterly,21,6,8,30,330,0,4,4.0,18,0.05175449642385503,360,18.631618712587812,5.589485613776343,6.0,-0.41051438622365666,Low,0
CUST_01629,Male,42,UK,Berlin,Individual,55,Monthly,1,2,9,30,1650,0,0,4.0,6,0.3250921514511889,360,117.03317452242801,35.1099523567284,6.0,29.1099523567284,High,1
CUST_09016,Male,72,USA,Delhi,SME,28,Monthly,33,6,10,70,1960,0,1,2.0,8,0.18669267510136275,840,156.82184708514473,47.046554125543416,14.0,33.046554125543416,High,1
CUST_08705,Male,48,Canada,Delhi,Individual,58,Monthly,19,0,2,50,2900,1,2,5.0,50,0.05472170197374152,600,32.83302118424491,9.849906355273474,10.0,-0.15009364472652642,Low,0
CUST_01488,Male,23,India,New York,SME,9,Monthly,31,2,1,70,630,2,2,4.0,64,0.17143942821304273,840,144.00911969895589,43.202735909686766,14.0,29.202735909686766,High,0
CUST_01478,Female,23,Canada,Delhi,Enterprise,24,Quarterly,20,6,0,100,2400,1,0,3.0,-16,0.05202530565712342,1200,62.430366788548106,18.729110036564432,20.0,-1.2708899634355681,Low,0
CUST_06414,Female,73,Germany,Sydney,SME,11,Yearly,25,3,10,10,110,0,1,2.0,-32,0.19401590465626034,120,23.28190855875124,6.984572567625372,2.0,4.984572567625372,High,0
CUST_09278,Male,65,UK,New York,Individual,24,Yearly,20,3,9,20,480,0,1,5.0,-14,0.06708749745727587,240,16.100999389746207,4.830299816923862,4.0,0.830299816923862,Low,0
CUST_09546,Female,37,Canada,Delhi,SME,45,Yearly,8,6,2,50,2250,0,0,4.0,93,0.05950938178035332,600,35.70562906821199,10.711688720463597,10.0,0.7116887204635969,Low,0
CUST_08242,Female,36,USA,Dhaka,Individual,9,Yearly,20,5,23,10,90,0,0,3.0,61,0.07741838903215349,120,9.290206683858418,2.7870620051575252,2.0,0.7870620051575252,Low,0
CUST_08144,Male,33,India,Delhi,Individual,48,Monthly,24,6,2,20,960,0,1,3.0,-9,0.06671158739576717,240,16.010780974984122,4.803234292495237,4.0,0.8032342924952367,Low,0
CUST_00851,Male,30,UK,Toronto,SME,32,Quarterly,19,3,5,50,1600,2,0,5.0,-30,0.2085734886165053,600,125.14409316990317,37.54322795097095,10.0,27.54322795097095,High,0
CUST_05926,Female,34,Germany,Sydney,Individual,22,Yearly,10,7,3,20,440,1,2,5.0,-27,0.1055558939422353,240,25.333414546136474,7.600024363840942,4.0,3.6000243638409417,Low,0
CUST_00456,Male,39,USA,Sydney,Enterprise,16,Yearly,0,1,2,20,320,2,0,2.0,44,0.3824581006350235,240,91.78994415240564,27.53698324572169,4.0,23.53698324572169,High,1
CUST_06608,Male,36,India,Toronto,Individual,17,Yearly,13,6,0,50,850,2,1,4.0,13,0.20954336132797124,600,125.72601679678274,37.71780503903482,10.0,27.717805039034822,High,1
CUST_02771,Male,28,Germany,Toronto,Individual,24,Monthly,0,6,0,30,720,1,3,5.0,-25,0.2193294618347401,360,78.95860626050644,23.68758187815193,6.0,17.68758187815193,High,1
CUST_08425,Male,23,India,London,Individual,1,Quarterly,33,7,0,10,10,0,2,5.0,-86,0.23342763455387977,120,28.01131614646557,8.40339484393967,2.0,6.403394843939671,High,0
CUST_00186,Male,35,USA,Dhaka,Individual,27,Yearly,24,1,1,100,2700,0,1,3.0,65,0.04543136959020819,1200,54.517643508249826,16.35529305247495,20.0,-3.6447069475250515,Low,0
CUST_09427,Female,25,Bangladesh,Sydney,Individual,28,Monthly,15,2,28,100,2800,0,3,3.0,46,0.10354422095806455,1200,124.25306514967745,37.27591954490323,20.0,17.275919544903232,Low,0
CUST_05406,Female,27,USA,Delhi,Individual,26,Yearly,15,0,21,100,2600,0,1,4.0,-23,0.1343051618381926,1200,161.16619420583112,48.34985826174933,20.0,28.349858261749333,Low,0
CUST_06599,Male,57,Canada,New York,SME,45,Monthly,0,4,8,50,2250,1,2,2.0,27,0.4503496403818034,600,270.20978422908206,81.06293526872462,10.0,71.06293526872462,High,0
CUST_06236,Female,28,Germany,Berlin,Individual,10,Yearly,23,6,4,50,500,1,3,3.0,3,0.054035205978227044,600,32.421123586936226,9.726337076080867,10.0,-0.27366292391913305,Low,0
CUST_05625,Male,27,UK,New York,Individual,3,Monthly,15,4,1,20,60,0,4,4.0,0,0.3549654354632904,240,85.1917045111897,25.557511353356908,4.0,21.557511353356908,High,0
CUST_03812,Male,59,India,Delhi,SME,45,Monthly,20,5,0,20,900,1,1,4.0,35,0.049605294560987744,240,11.905270694637059,3.5715812083911174,4.0,-0.42841879160888263,Low,0
CUST_02054,Female,28,Canada,Toronto,SME,50,Monthly,10,0,2,30,1500,2,2,4.0,20,0.2966061765780141,360,106.77822356808507,32.033467070425516,6.0,26.033467070425516,High,0
CUST_01040,Male,19,USA,New York,SME,30,Monthly,22,2,5,70,2100,0,2,4.0,98,0.07821628230027582,840,65.70167713223168,19.710503139669502,14.0,5.710503139669502,Low,0
CUST_04803,Male,36,Canada,Dhaka,SME,30,Yearly,21,0,0,70,2100,0,1,3.0,64,0.061021632582972545,840,51.25817136969694,15.377451410909082,14.0,1.3774514109090816,Low,0
CUST_09087,Female,69,India,Berlin,Individual,51,Quarterly,11,6,12,20,1020,1,1,5.0,30,0.0721435877406522,240,17.314461057756528,5.194338317326959,4.0,1.1943383173269586,Low,0
CUST_06679,Female,71,Australia,London,Individual,14,Yearly,22,5,6,30,420,0,2,4.0,-28,0.057526960227351015,360,20.709705681846366,6.2129117045539095,6.0,0.2129117045539095,Low,0
CUST_09660,Female,21,Germany,Sydney,Individual,26,Yearly,23,0,3,20,520,1,2,4.0,27,0.09222816321449899,240,22.134759171479757,6.640427751443927,4.0,2.6404277514439274,Low,0
CUST_03020,Male,34,Australia,London,Individual,31,Monthly,25,3,10,50,1550,0,1,5.0,24,0.03286672188834811,600,19.72003313300887,5.91600993990266,10.0,-4.08399006009734,Low,0
CUST_08901,Female,41,Germany,New York,SME,49,Monthly,17,1,19,20,980,0,0,1.0,59,0.3070027748637262,240,73.68066596729429,22.104199790188286,4.0,18.104199790188286,High,0
CUST_03790,Male,41,Canada,Berlin,SME,49,Monthly,22,0,20,20,980,1,2,4.0,8,0.09613460098364918,240,23.0723042360758,6.92169127082274,4.0,2.9216912708227403,Low,0
CUST_06125,Female,18,UK,London,SME,14,Quarterly,29,6,0,70,980,0,2,3.0,-28,0.08307051728661187,840,69.77923452075397,20.93377035622619,14.0,6.933770356226191,Low,0
CUST_04248,Male,26,UK,Delhi,SME,39,Monthly,18,1,4,10,390,1,0,4.0,29,0.06962206143485968,120,8.35464737218316,2.506394211654948,2.0,0.506394211654948,Low,0
CUST_05424,Male,46,Bangladesh,Berlin,Individual,30,Quarterly,18,3,12,50,1500,2,1,2.0,58,0.27231104447078136,600,163.38662668246883,49.01598800474065,10.0,39.01598800474065,High,0
CUST_08861,Female,54,Australia,Toronto,Individual,18,Monthly,17,1,3,10,180,0,2,4.0,100,0.07848100257283136,120,9.417720308739764,2.825316092621929,2.0,0.8253160926219292,Low,0
CUST_08992,Male,45,India,London,SME,36,Quarterly,4,0,23,70,2520,0,2,4.0,15,0.2335322832736107,840,196.167117949833,58.850135384949894,14.0,44.850135384949894,High,0
CUST_02730,Male,61,USA,Toronto,Individual,30,Quarterly,31,0,47,50,1500,1,1,3.0,0,0.12007629533043303,600,72.04577719825981,21.613733159477942,10.0,11.613733159477942,Low,0
CUST_00892,Male,70,Australia,London,Enterprise,36,Monthly,37,0,5,30,1080,0,2,4.0,-42,0.0802866714154637,360,28.90320170956693,8.670960512870078,6.0,2.670960512870078,Low,0
CUST_05412,Male,51,India,Toronto,SME,32,Monthly,29,1,15,10,320,0,1,3.0,100,0.09640927567019854,120,11.569113080423824,3.470733924127147,2.0,1.4707339241271469,Low,0
CUST_00614,Female,36,Canada,New York,Individual,3,Monthly,13,6,13,10,30,0,2,5.0,77,0.3163234990334639,120,37.95881988401567,11.3876459652047,2.0,9.3876459652047,High,0
CUST_02122,Female,49,Bangladesh,London,Individual,50,Monthly,37,4,4,20,1000,0,3,3.0,39,0.052862555550595644,240,12.687013332142955,3.8061039996428865,4.0,-0.19389600035711352,Low,0
CUST_04136,Male,71,USA,Dhaka,Individual,58,Monthly,19,0,6,20,1160,0,2,4.0,32,0.05655791253461564,240,13.573899008307754,4.072169702492326,4.0,0.07216970249232624,Low,0
CUST_05696,Male,46,India,Berlin,Individual,18,Yearly,16,1,0,70,1260,1,0,3.0,-32,0.06853205525169791,840,57.566926411426245,17.270077923427873,14.0,3.2700779234278734,Low,0
CUST_00695,Female,49,Germany,Delhi,Individual,57,Monthly,41,6,15,30,1710,4,3,4.0,35,0.2053325972086375,360,73.91973499510951,22.17592049853285,6.0,16.17592049853285,High,0
CUST_08727,Female,30,Australia,Delhi,Individual,56,Monthly,42,4,10,70,3920,0,1,5.0,24,0.07456031367939107,840,62.630663490688505,18.78919904720655,14.0,4.7891990472065515,Low,0
CUST_08913,Female,65,UK,Sydney,Individual,16,Quarterly,25,6,14,30,480,0,3,4.0,21,0.0492444120737902,360,17.72798834656447,5.318396503969341,6.0,-0.6816034960306592,Low,0
CUST_04294,Male,20,Australia,New York,SME,22,Monthly,41,7,5,30,660,0,2,3.0,43,0.08068822112970117,360,29.04775960669242,8.714327882007726,6.0,2.7143278820077263,Low,0
CUST_08778,Male,48,Germany,Sydney,Individual,39,Monthly,32,1,48,30,1170,0,0,3.0,-56,0.07346508649778453,360,26.447431139202433,7.934229341760729,6.0,1.9342293417607292,Low,0
CUST_05819,Male,46,Bangladesh,Dhaka,Individual,11,Quarterly,26,3,1,20,220,0,1,4.0,0,0.03569614216675587,240,8.56707412002141,2.570122236006423,4.0,-1.4298777639935771,Low,0
CUST_06002,Male,41,India,Sydney,SME,35,Yearly,25,1,3,20,700,0,0,3.0,94,0.07354941501318735,240,17.651859603164965,5.295557880949489,4.0,1.295557880949489,Low,0
CUST_04673,Male,29,Germany,Dhaka,Individual,57,Monthly,11,5,21,20,1140,2,1,2.0,-23,0.31586312977854447,240,75.80715114685067,22.7421453440552,4.0,18.7421453440552,High,0
CUST_08854,Male,28,Australia,New York,SME,19,Quarterly,22,6,3,10,190,0,1,5.0,13,0.06753042361916405,120,8.103650834299685,2.4310952502899057,2.0,0.4310952502899057,Low,0
CUST_07316,Male,18,Bangladesh,Delhi,Individual,43,Monthly,36,5,13,20,860,0,0,1.0,33,0.2076910794104741,240,49.84585905851378,14.953757717554133,4.0,10.953757717554133,High,0
CUST_06485,Male,18,Australia,Delhi,Individual,35,Quarterly,21,4,4,30,1050,1,0,4.0,100,0.06167650621471809,360,22.203542237298514,6.661062671189554,6.0,0.661062671189554,Low,0
CUST_05008,Male,22,Australia,Sydney,Enterprise,26,Quarterly,27,1,2,100,2600,0,1,4.0,88,0.07932257216486059,1200,95.1870865978327,28.55612597934981,20.0,8.556125979349812,Low,0
CUST_05647,Female,52,Bangladesh,Dhaka,Individual,7,Monthly,14,4,6,30,210,1,3,2.0,65,0.2906068336041159,360,104.61846009748172,31.385538029244515,6.0,25.385538029244515,High,0
CUST_08795,Male,62,USA,London,SME,38,Monthly,34,2,21,100,3800,0,1,4.0,37,0.1358898955819043,1200,163.06787469828518,48.920362409485556,20.0,28.920362409485556,Low,0
CUST_09997,Male,26,USA,Toronto,Individual,42,Yearly,13,2,4,50,2100,1,1,4.0,28,0.05977572556253421,600,35.86543533752052,10.759630601256157,10.0,0.7596306012561573,Low,0
CUST_09795,Female,59,India,Delhi,Individual,48,Monthly,30,0,14,30,1440,0,0,3.0,50,0.034447344243555486,360,12.401043927679975,3.7203131783039924,6.0,-2.2796868216960076,Low,0
CUST_03992,Male,48,USA,Sydney,Individual,4,Yearly,15,1,8,20,80,2,1,4.0,13,0.4364434903597839,240,104.74643768634814,31.423931305904443,4.0,27.423931305904443,High,0
CUST_02065,Male,42,Bangladesh,Delhi,SME,49,Quarterly,20,3,10,30,1470,0,1,5.0,-6,0.051083485726604975,360,18.39005486157779,5.517016458473337,6.0,-0.48298354152666256,Low,0
CUST_09389,Female,28,Australia,Delhi,Individual,49,Monthly,20,4,10,20,980,0,2,3.0,-29,0.05360273847538662,240,12.864657234092789,3.8593971702278367,4.0,-0.14060282977216332,Low,0
CUST_04082,Female,74,Germany,Toronto,Individual,4,Monthly,12,1,4,20,80,0,1,4.0,32,0.35041524133884067,240,84.09965792132176,25.22989737639653,4.0,21.22989737639653,High,0
CUST_03016,Female,52,Germany,Dhaka,Individual,1,Yearly,20,2,7,10,10,0,1,5.0,20,0.32094562892030304,120,38.51347547043636,11.554042641130907,2.0,9.554042641130907,High,1
CUST_01323,Male,34,Bangladesh,Delhi,SME,57,Quarterly,25,7,2,50,2850,2,3,4.0,100,0.15568139299426204,600,93.40883579655723,28.02265073896717,10.0,18.02265073896717,High,0
CUST_06021,Male,30,India,Dhaka,Individual,41,Yearly,19,7,2,50,2050,0,1,3.0,51,0.05865749150290224,600,35.19449490174134,10.558348470522402,10.0,0.558348470522402,Low,0
CUST_00770,Male,72,UK,Toronto,Individual,42,Quarterly,11,5,21,30,1260,0,2,4.0,74,0.04064562067171106,360,14.632423441815982,4.389727032544794,6.0,-1.6102729674552059,Low,0
CUST_08667,Female,54,Australia,Berlin,Individual,1,Monthly,32,5,34,50,50,1,1,3.0,19,0.4307338619481188,600,258.4403171688713,77.53209515066138,10.0,67.53209515066138,High,0
CUST_06188,Female,30,Germany,Delhi,Individual,21,Monthly,20,4,2,10,210,1,3,3.0,-28,0.0751015277257726,120,9.012183327092712,2.7036549981278135,2.0,0.7036549981278135,Low,0
CUST_00083,Male,29,USA,Toronto,SME,17,Monthly,11,1,2,20,340,0,1,3.0,5,0.06342727865141726,240,15.222546876340141,4.566764062902042,4.0,0.5667640629020418,Low,0
CUST_06065,Female,64,USA,Sydney,Individual,16,Quarterly,21,3,2,50,800,0,3,4.0,31,0.03779699214003246,600,22.678195284019477,6.803458585205843,10.0,-3.196541414794157,Low,0
CUST_00460,Male,72,Canada,London,Individual,1,Quarterly,29,1,20,20,20,1,1,2.0,27,0.43860154942861823,240,105.26437186286837,31.57931155886051,4.0,27.57931155886051,High,1
CUST_02258,Female,27,Australia,Sydney,SME,8,Monthly,0,7,26,20,160,1,0,5.0,31,0.2515424984572162,240,60.37019962973189,18.111059888919566,4.0,14.111059888919566,High,0
CUST_01692,Female,41,Bangladesh,London,SME,55,Monthly,21,3,3,30,1650,1,1,3.0,1,0.0655593527563225,360,23.601366992276102,7.08041009768283,6.0,1.0804100976828304,Low,0
CUST_03910,Male,44,Australia,Toronto,Individual,42,Quarterly,26,0,3,30,1260,1,1,2.0,9,0.22956212920654773,360,82.64236651435718,24.792709954307153,6.0,18.792709954307153,High,0
CUST_00203,Male,30,Canada,London,SME,53,Monthly,15,6,19,70,3710,0,0,4.0,77,0.08999257335353628,840,75.59376161697047,22.67812848509114,14.0,8.67812848509114,Low,0
CUST_07038,Male,40,India,Toronto,Enterprise,9,Monthly,19,1,7,50,450,1,3,4.0,33,0.06388484856565875,600,38.33090913939525,11.499272741818576,10.0,1.4992727418185758,Low,0
CUST_01110,Male,37,Germany,Dhaka,Individual,29,Monthly,21,6,7,20,580,2,2,2.0,69,0.2879435547241295,240,69.10645313379109,20.731935940137326,4.0,16.731935940137326,High,1
CUST_04998,Male,40,Bangladesh,Delhi,Enterprise,22,Quarterly,27,5,27,10,220,0,1,4.0,-10,0.04941225062389942,120,5.929470074867931,1.7788410224603792,2.0,-0.22115897753962077,Low,0
CUST_06479,Male,66,USA,Toronto,SME,35,Monthly,22,1,1,30,1050,0,0,5.0,81,0.032981879318146175,360,11.873476554532623,3.562042966359787,6.0,-2.437957033640213,Low,0
CUST_01381,Female,23,Bangladesh,Toronto,Individual,42,Monthly,22,3,1,10,420,0,0,4.0,-22,0.02995255883611414,120,3.594307060333697,1.078292118100109,2.0,-0.921707881899891,Low,0
CUST_08388,Male,66,Bangladesh,Berlin,Individual,29,Quarterly,31,4,14,30,870,0,1,5.0,0,0.04489171520192714,360,16.16101747269377,4.848305241808132,6.0,-1.1516947581918684,Low,0
CUST_03744,Male,64,Canada,Dhaka,SME,37,Quarterly,9,6,6,70,2590,0,0,3.0,-20,0.04462390960987967,840,37.48408407229893,11.245225221689678,14.0,-2.7547747783103222,Low,0
CUST_09713,Female,73,Australia,Berlin,Individual,34,Yearly,37,2,8,30,1020,0,2,3.0,34,0.07529937534661121,360,27.107775124780037,8.13233253743401,6.0,2.13233253743401,Low,0
CUST_03468,Female,27,Australia,Delhi,SME,39,Quarterly,0,5,13,50,1950,0,1,2.0,13,0.33084219552657884,600,198.5053173159473,59.55159519478419,10.0,49.55159519478419,High,0
CUST_09147,Female,53,USA,London,SME,18,Monthly,33,0,2,30,540,0,0,3.0,-3,0.07292384875962217,360,26.25258555346398,7.8757756660391935,6.0,1.8757756660391935,Low,0
CUST_03625,Female,21,Germany,Berlin,Individual,33,Monthly,6,0,0,20,660,0,2,2.0,32,0.2583337494509948,240,62.00009986823875,18.600029960471623,4.0,14.600029960471623,High,0
CUST_02378,Female,26,UK,Toronto,Individual,23,Quarterly,27,4,9,10,230,0,0,5.0,55,0.06705402046357274,120,8.046482455628729,2.4139447366886184,2.0,0.4139447366886184,Low,0
CUST_04735,Male,29,Bangladesh,Dhaka,Individual,34,Monthly,29,4,3,10,340,1,3,5.0,34,0.04143486734978106,120,4.972184081973727,1.491655224592118,2.0,-0.508344775407882,Low,0
CUST_05000,Female,33,Bangladesh,Toronto,Individual,53,Quarterly,42,2,23,20,1060,0,3,2.0,74,0.14858706184229087,240,35.66089484214981,10.698268452644943,4.0,6.6982684526449425,Low,0
CUST_03169,Female,33,UK,Delhi,Individual,30,Yearly,19,6,12,30,900,0,2,3.0,2,0.04696500595936597,360,16.90740214537175,5.072220643611526,6.0,-0.9277793563884744,Low,0
CUST_01104,Male,38,India,Dhaka,Individual,15,Monthly,22,5,7,50,750,0,0,3.0,-53,0.051157403596581476,600,30.694442157948885,9.208332647384665,10.0,-0.7916673526153346,Low,0
CUST_01806,Male,30,Australia,Berlin,SME,52,Monthly,21,4,1,30,1560,1,0,4.0,96,0.04750345492141114,360,17.10124377170801,5.130373131512402,6.0,-0.8696268684875976,Low,0
CUST_05304,Male,46,USA,Toronto,SME,47,Monthly,17,2,13,20,940,0,1,4.0,-25,0.03004353487998075,240,7.210448371195381,2.163134511358614,4.0,-1.836865488641386,Low,0
CUST_07649,Female,50,Germany,New York,Enterprise,38,Monthly,30,4,1,10,380,0,1,3.0,9,0.038231764499231435,120,4.587811739907773,1.3763435219723317,2.0,-0.6236564780276683,Low,0
CUST_01517,Male,26,UK,Delhi,Individual,28,Monthly,28,5,12,10,280,1,2,4.0,-22,0.05547655611989741,120,6.657186734387689,1.9971560203163066,2.0,-0.0028439796836934317,Low,0
CUST_02208,Female,22,Bangladesh,London,SME,35,Quarterly,40,3,37,20,700,0,0,4.0,-26,0.10908988805556381,240,26.181573133335316,7.854471940000595,4.0,3.854471940000595,Low,0
CUST_02756,Male,66,Canada,New York,Enterprise,42,Monthly,6,5,8,30,1260,0,0,5.0,11,0.0427252755013563,360,15.381099180488267,4.61432975414648,6.0,-1.38567024585352,Low,0
CUST_04504,Male,31,Australia,Sydney,Individual,34,Yearly,21,1,8,10,340,0,1,4.0,-2,0.05456444919036305,120,6.547733902843566,1.9643201708530698,2.0,-0.03567982914693024,Low,0
CUST_09262,Female,69,USA,Delhi,SME,36,Monthly,42,7,11,50,1800,0,1,3.0,26,0.0766987805272942,600,46.01926831637652,13.805780494912955,10.0,3.8057804949129554,Low,0
CUST_04704,Male,62,UK,Delhi,SME,47,Monthly,10,6,18,20,940,0,2,5.0,17,0.039724220939114374,240,9.533813025387449,2.8601439076162345,4.0,-1.1398560923837655,Low,0
CUST_05791,Male,34,USA,New York,Individual,9,Monthly,11,6,18,70,630,0,1,4.0,62,0.054157488703795595,840,45.4922905111883,13.64768715335649,14.0,-0.35231284664351037,Low,0
CUST_09706,Male,53,Canada,New York,Individual,7,Quarterly,32,6,7,20,140,0,1,5.0,59,0.057377816927095655,240,13.770676062502957,4.131202818750887,4.0,0.13120281875088668,Low,0
CUST_02940,Male,48,Bangladesh,London,Individual,22,Monthly,15,2,28,10,220,3,1,5.0,17,0.24471351152209267,120,29.36562138265112,8.809686414795335,2.0,6.809686414795335,High,0
CUST_08306,Male,39,India,New York,Individual,15,Monthly,27,3,3,50,750,1,1,4.0,-28,0.019599663945353757,600,11.759798367212253,3.527939510163676,10.0,-6.472060489836323,Low,0
CUST_02068,Male,60,USA,Toronto,SME,33,Monthly,5,4,18,50,1650,0,2,3.0,-31,0.07210064045524979,600,43.260384273149874,12.978115281944962,10.0,2.9781152819449623,Low,0
CUST_08970,Female,36,Australia,Berlin,Individual,26,Quarterly,4,1,3,20,520,0,0,4.0,31,0.2446870533835481,240,58.72489281205154,17.61746784361546,4.0,13.617467843615461,High,1
CUST_09085,Female,34,USA,Sydney,SME,47,Quarterly,3,6,7,50,2350,0,0,5.0,55,0.1785454956665975,600,107.1272973999585,32.138189219987545,10.0,22.138189219987545,High,0
CUST_09951,Female,45,Bangladesh,Dhaka,SME,24,Monthly,0,1,10,70,1680,1,1,3.0,38,0.3297944297271484,840,277.0273209708047,83.1081962912414,14.0,69.1081962912414,High,0
CUST_01971,Male,48,Germany,Sydney,Individual,49,Yearly,32,6,13,100,4900,0,4,3.0,-6,0.08971089780632235,1200,107.65307736758683,32.29592321027605,20.0,12.295923210276051,Low,0
CUST_09269,Female,68,Bangladesh,Toronto,SME,38,Quarterly,3,2,39,100,3800,0,1,3.0,-17,0.25162006843313434,1200,301.9440821197612,90.58322463592836,20.0,70.58322463592836,High,0
CUST_07280,Male,64,USA,Delhi,SME,14,Monthly,5,6,2,50,700,1,1,5.0,57,0.09266075925155921,600,55.59645555093553,16.67893666528066,10.0,6.678936665280659,Low,1
CUST_06861,Male,61,Germany,Sydney,Individual,49,Quarterly,13,2,7,30,1470,1,1,5.0,-6,0.06694051950044873,360,24.098587020161542,7.229576106048462,6.0,1.2295761060484622,Low,0
CUST_06405,Female,40,USA,New York,SME,43,Monthly,21,2,17,20,860,0,0,3.0,29,0.05627230114879712,240,13.505352275711308,4.051605682713392,4.0,0.05160568271339194,Low,0
CUST_09027,Female,30,Australia,Delhi,Individual,53,Monthly,25,7,10,50,2650,0,2,3.0,-5,0.05865152136380464,600,35.19091281828278,10.557273845484834,10.0,0.5572738454848345,Low,0
CUST_05958,Male,29,Australia,New York,Individual,52,Monthly,16,0,18,20,1040,0,3,3.0,40,0.05088963467971474,240,12.213512323131537,3.664053696939461,4.0,-0.3359463030605392,Low,0
CUST_01296,Female,62,USA,Sydney,SME,57,Quarterly,17,0,5,30,1710,0,1,1.0,57,0.32651064790609047,360,117.54383324619256,35.263149973857765,6.0,29.263149973857765,High,0
CUST_00860,Male,60,India,New York,SME,27,Monthly,0,5,21,10,270,0,1,4.0,9,0.33077909630940555,120,39.69349155712867,11.9080474671386,2.0,9.9080474671386,High,0
CUST_09108,Male,36,Australia,New York,Individual,59,Monthly,7,1,14,50,2950,1,0,5.0,39,0.08957805801340007,600,53.74683480804004,16.124050442412013,10.0,6.124050442412013,Low,0
CUST_00429,Male,64,Australia,Toronto,Individual,55,Monthly,31,6,10,20,1100,0,1,4.0,24,0.03544066766539612,240,8.50576023969507,2.5517280719085207,4.0,-1.4482719280914793,Low,0
CUST_04668,Female,42,Bangladesh,Sydney,SME,39,Quarterly,18,2,7,30,1170,0,1,1.0,67,0.23409780466018104,360,84.27520967766517,25.282562903299553,6.0,19.282562903299553,High,0
CUST_01437,Female,43,UK,Berlin,Individual,50,Monthly,7,0,2,20,1000,1,1,3.0,100,0.06948804714134547,240,16.677131313922914,5.003139394176874,4.0,1.0031393941768743,Low,0
CUST_00542,Female,30,Bangladesh,London,SME,24,Monthly,13,3,19,70,1680,1,1,2.0,45,0.3195710763494614,840,268.4397041335476,80.53191124006428,14.0,66.53191124006428,High,0
CUST_00781,Male,23,Canada,Toronto,Individual,52,Monthly,26,6,27,20,1040,0,1,4.0,44,0.05374581101022186,240,12.898994642453246,3.8696983927359736,4.0,-0.1303016072640264,Low,0
CUST_09227,Female,28,Bangladesh,Toronto,Individual,17,Monthly,15,7,15,10,170,0,1,4.0,20,0.09817039265794847,120,11.780447118953816,3.534134135686145,2.0,1.5341341356861449,Low,0
CUST_01024,Female,28,USA,Berlin,Individual,2,Monthly,19,0,16,50,100,1,1,3.0,27,0.334133061926418,600,200.47983715585082,60.14395114675524,10.0,50.14395114675524,High,1
CUST_00168,Male,40,Bangladesh,Sydney,Individual,39,Yearly,25,0,17,70,2730,1,0,4.0,100,0.09699702959337503,840,81.47750485843503,24.443251457530508,14.0,10.443251457530508,Low,0
CUST_02382,Male,28,Bangladesh,Delhi,SME,1,Monthly,16,1,11,20,20,1,3,5.0,20,0.3301043296588884,240,79.22503911813322,23.767511735439967,4.0,19.767511735439967,High,0
CUST_03998,Female,31,India,Dhaka,Individual,33,Yearly,3,0,6,50,1650,0,2,5.0,26,0.21417011598629462,600,128.50206959177677,38.55062087753303,10.0,28.550620877533028,High,0
CUST_04792,Male,28,USA,Berlin,SME,21,Quarterly,33,6,23,10,210,1,2,4.0,-4,0.07070938378691483,120,8.485126054429779,2.5455378163289337,2.0,0.5455378163289337,Low,0
CUST_03725,Male,62,Bangladesh,Berlin,Individual,4,Quarterly,18,0,0,20,80,0,3,5.0,68,0.23989126999480528,240,57.57390479875327,17.27217143962598,4.0,13.272171439625978,High,0
CUST_05797,Male,73,Australia,Toronto,SME,59,Monthly,30,3,21,50,2950,0,0,2.0,-10,0.21940957182715437,600,131.64574309629262,39.493722928887784,10.0,29.493722928887784,High,0
CUST_07197,Male,47,Bangladesh,Toronto,Individual,19,Monthly,20,1,12,70,1330,0,1,3.0,10,0.05872814276390675,840,49.33163992168167,14.7994919765045,14.0,0.7994919765045001,Low,0
CUST_02398,Male,57,UK,Dhaka,Individual,41,Quarterly,45,0,5,30,1230,1,0,4.0,57,0.0728865640602984,360,26.239163061707426,7.871748918512227,6.0,1.8717489185122274,Low,0
CUST_08193,Male,41,Bangladesh,New York,Individual,15,Monthly,16,3,7,70,1050,0,1,4.0,-13,0.036611200071545794,840,30.753408060098465,9.226022418029538,14.0,-4.7739775819704615,Low,0
CUST_08895,Female,64,Bangladesh,New York,Individual,22,Monthly,31,0,12,70,1540,0,2,3.0,12,0.0764954152075297,840,64.25614877432494,19.276844632297482,14.0,5.2768446322974825,Low,0
CUST_00776,Male,68,Canada,Berlin,Individual,52,Yearly,23,6,0,20,1040,1,3,2.0,40,0.2943205544183043,240,70.63693306039303,21.19107991811791,4.0,17.19107991811791,High,0
CUST_08015,Female,65,UK,Sydney,SME,31,Quarterly,10,7,14,30,930,1,0,4.0,50,0.08974570893730587,360,32.30845521743011,9.692536565229032,6.0,3.692536565229032,Low,0
CUST_05850,Female,67,USA,Berlin,SME,58,Yearly,28,1,2,30,1740,0,0,4.0,23,0.027605455371139325,360,9.937963933610156,2.9813891800830468,6.0,-3.0186108199169532,Low,0
CUST_05695,Female,30,Canada,Delhi,Individual,14,Quarterly,19,5,2,10,140,0,3,4.0,26,0.11614796113067276,120,13.93775533568073,4.181326600704219,2.0,2.181326600704219,Low,0
CUST_05910,Male,38,Bangladesh,London,Individual,31,Monthly,17,0,8,10,310,0,3,1.0,25,0.2272536118164751,120,27.270433417977014,8.181130025393104,2.0,6.181130025393104,High,0
CUST_03915,Male,65,UK,Delhi,Individual,33,Quarterly,21,0,26,50,1650,0,1,3.0,-28,0.08226334125382773,600,49.35800475229664,14.80740142568899,10.0,4.80740142568899,Low,0
CUST_06301,Male,33,Bangladesh,Dhaka,Individual,17,Monthly,13,6,6,30,510,1,1,4.0,-7,0.08898639083572511,360,32.035100700861044,9.610530210258313,6.0,3.6105302102583128,Low,0
CUST_06959,Female,73,Germany,Sydney,Individual,57,Monthly,14,3,19,50,2850,0,1,4.0,-14,0.10123604541648808,600,60.741627249892844,18.222488174967854,10.0,8.222488174967854,Low,0
CUST_08486,Male,25,Bangladesh,Toronto,Individual,59,Quarterly,20,5,0,20,1180,1,0,3.0,56,0.0552723416627413,240,13.265361999057912,3.9796085997173734,4.0,-0.02039140028262665,Low,0
CUST_02040,Male,19,USA,Dhaka,Individual,3,Quarterly,3,3,24,10,30,1,2,3.0,26,0.409192395450934,120,49.10308745411208,14.730926236233623,2.0,12.730926236233623,High,1
CUST_04744,Male,22,India,Toronto,Individual,58,Monthly,28,1,7,100,5800,3,1,3.0,29,0.17156311184141768,1200,205.87573420970122,61.76272026291036,20.0,41.76272026291036,High,0
CUST_00158,Female,49,UK,London,Individual,50,Quarterly,11,3,1,10,500,1,1,4.0,23,0.08242836977273663,120,9.891404372728395,2.9674213118185184,2.0,0.9674213118185184,Low,0
CUST_06464,Male,36,Canada,New York,Individual,15,Monthly,20,1,26,10,150,0,0,4.0,-18,0.06332929510105172,120,7.599515412126206,2.2798546236378616,2.0,0.2798546236378616,Low,0
CUST_05013,Female,47,Australia,Dhaka,SME,53,Monthly,3,1,5,50,2650,0,0,3.0,28,0.22659199451969064,600,135.95519671181438,40.78655901354431,10.0,30.786559013544313,High,0
CUST_05938,Female,43,UK,Toronto,Enterprise,41,Monthly,34,0,35,30,1230,1,1,2.0,-9,0.19582730938641302,360,70.49783137910869,21.149349413732605,6.0,15.149349413732605,High,0
CUST_07149,Male,45,Canada,London,SME,36,Yearly,26,7,2,30,1080,0,0,3.0,35,0.06247536510168303,360,22.49113143660589,6.747339430981767,6.0,0.7473394309817669,Low,0
CUST_06263,Male,26,USA,London,SME,50,Monthly,24,6,19,30,1500,1,0,4.0,18,0.03811525708394323,360,13.721492550219562,4.116447765065868,6.0,-1.8835522349341316,Low,0
CUST_04182,Male,71,Bangladesh,Dhaka,SME,6,Yearly,36,5,12,20,120,0,0,3.0,63,0.143639205636277,240,34.473409352706476,10.342022805811942,4.0,6.342022805811942,Low,0
CUST_01826,Male,29,Germany,Sydney,Individual,57,Quarterly,25,3,3,30,1710,0,0,2.0,32,0.24820471223421586,360,89.35369640431772,26.806108921295316,6.0,20.806108921295316,High,0
CUST_03384,Male,28,India,Sydney,Individual,29,Yearly,25,3,17,70,2030,2,1,4.0,-56,0.17240307274936917,840,144.8185811094701,43.445574332841026,14.0,29.445574332841026,High,0
CUST_01415,Female,45,Germany,Toronto,SME,34,Quarterly,22,4,9,50,1700,1,3,3.0,94,0.05819696700416183,600,34.9181802024971,10.47545406074913,10.0,0.4754540607491293,Low,0
CUST_09318,Male,46,India,New York,Individual,24,Quarterly,0,4,14,50,1200,0,1,3.0,-33,0.23862602256377485,600,143.1756135382649,42.952684061479474,10.0,32.952684061479474,High,1
CUST_04982,Male,18,India,Dhaka,Individual,32,Monthly,17,4,1,50,1600,0,1,3.0,17,0.04580163352830129,600,27.480980116980774,8.244294035094232,10.0,-1.7557059649057685,Low,0
CUST_03616,Male,26,Canada,Delhi,Individual,13,Yearly,4,6,2,20,260,1,1,4.0,48,0.16082129478109333,240,38.5971107474624,11.57913322423872,4.0,7.579133224238721,High,0
CUST_06741,Male,48,UK,Toronto,SME,42,Monthly,19,7,3,30,1260,0,0,3.0,-46,0.0444897088477691,360,16.016295185196878,4.804888555559063,6.0,-1.1951114444409372,Low,0
CUST_02776,Female,37,USA,Dhaka,Individual,24,Yearly,35,7,11,70,1680,0,0,3.0,-7,0.04679676053762784,840,39.30927885160738,11.792783655482214,14.0,-2.2072163445177857,Low,0
CUST_02407,Female,30,UK,Sydney,Individual,19,Quarterly,24,2,9,50,950,0,0,3.0,-77,0.07732476189745609,600,46.394857138473654,13.918457141542095,10.0,3.9184571415420955,Low,0
CUST_04219,Female,60,Germany,Toronto,SME,44,Monthly,27,1,28,100,4400,1,0,3.0,63,0.1259865032227994,1200,151.18380386735927,45.35514116020778,20.0,25.35514116020778,Low,0
CUST_06564,Male,61,Germany,New York,Enterprise,46,Monthly,8,4,12,30,1380,0,0,3.0,29,0.0621320201762819,360,22.367527263461486,6.710258179038446,6.0,0.7102581790384459,Low,1
CUST_01400,Male,59,India,London,SME,37,Monthly,31,5,17,20,740,2,0,4.0,-3,0.15991157325847907,240,38.37877758203498,11.513633274610493,4.0,7.513633274610493,High,0
CUST_00913,Male,33,Canada,Delhi,Individual,56,Monthly,18,4,2,20,1120,1,0,4.0,-34,0.04890039376913177,240,11.736094504591625,3.5208283513774874,4.0,-0.4791716486225126,Low,0
CUST_05116,Female,35,Australia,Dhaka,SME,31,Monthly,9,0,9,20,620,1,0,4.0,-23,0.055732272753055756,240,13.37574546073338,4.012723638220014,4.0,0.012723638220013989,Low,0
CUST_01953,Male,50,Australia,Toronto,Individual,50,Quarterly,12,2,5,20,1000,0,3,4.0,-35,0.04695782198884319,240,11.269877277322365,3.3809631831967093,4.0,-0.6190368168032907,Low,0
CUST_00434,Female,68,UK,Dhaka,Individual,59,Quarterly,33,3,4,20,1180,0,0,3.0,60,0.04124827681745083,240,9.8995864361882,2.96987593085646,4.0,-1.03012406914354,Low,0
CUST_03659,Female,34,UK,Toronto,SME,53,Monthly,7,1,4,30,1590,0,4,3.0,64,0.08498254012182711,360,30.59371444385776,9.178114333157328,6.0,3.1781143331573283,Low,0
CUST_02375,Female,63,Germany,Sydney,Individual,18,Monthly,18,1,17,10,180,0,0,4.0,4,0.05919214514128226,120,7.103057416953871,2.1309172250861614,2.0,0.13091722508616144,Low,0
CUST_04912,Male,53,Bangladesh,Berlin,Individual,5,Monthly,37,3,3,50,250,0,0,1.0,-55,0.2940807603161651,600,176.44845618969904,52.93453685690971,10.0,42.93453685690971,High,0
CUST_09289,Male,69,USA,Dhaka,SME,24,Monthly,19,3,7,30,720,0,2,3.0,44,0.09541785488554058,360,34.35042775879461,10.305128327638382,6.0,4.305128327638382,Low,0
CUST_06213,Male,24,UK,Delhi,Individual,41,Quarterly,13,4,0,100,4100,0,3,3.0,100,0.07553544912976987,1200,90.64253895572384,27.19276168671715,20.0,7.1927616867171515,Low,0
CUST_09534,Female,33,Canada,Dhaka,Individual,13,Quarterly,30,5,0,20,260,0,1,4.0,-15,0.10147626403716477,240,24.354303368919545,7.306291010675864,4.0,3.3062910106758636,Low,0
CUST_06684,Male,73,Bangladesh,Toronto,Individual,49,Monthly,23,3,7,10,490,0,1,4.0,7,0.049069167787150175,120,5.888300134458021,1.7664900403374062,2.0,-0.2335099596625938,Low,0
CUST_01130,Female,54,Bangladesh,Berlin,Individual,55,Monthly,8,3,8,20,1100,0,1,3.0,37,0.08310071244217054,240,19.94417098612093,5.983251295836279,4.0,1.9832512958362791,Low,0
CUST_01065,Female,43,Australia,Toronto,SME,18,Yearly,8,0,2,20,360,2,1,4.0,34,0.2253066440632234,240,54.073594575173615,16.222078372552083,4.0,12.222078372552083,High,0
CUST_03657,Male,31,USA,Sydney,SME,19,Monthly,20,2,7,10,190,2,3,2.0,12,0.3477178001588213,120,41.72613601905856,12.517840805717567,2.0,10.517840805717567,High,1
CUST_08545,Male,53,USA,New York,SME,48,Quarterly,7,0,19,20,960,0,1,4.0,43,0.044999633034827874,240,10.79991192835869,3.2399735785076067,4.0,-0.7600264214923933,Low,0
CUST_01822,Male,37,Canada,Sydney,Individual,47,Quarterly,15,0,1,50,2350,0,2,3.0,74,0.08800098318193557,600,52.80058990916134,15.8401769727484,10.0,5.8401769727484005,Low,0
CUST_02459,Male,54,Australia,Delhi,Individual,23,Quarterly,26,7,2,50,1150,0,1,4.0,27,0.022644836139897175,600,13.586901683938304,4.076070505181491,10.0,-5.923929494818509,Low,0
CUST_03273,Female,25,Australia,London,Individual,39,Monthly,27,0,12,10,390,0,0,3.0,-30,0.032381008357221866,120,3.885721002866624,1.1657163008599871,2.0,-0.8342836991400129,Low,0
CUST_05296,Female,56,Canada,Sydney,Individual,28,Quarterly,11,5,68,20,560,0,0,5.0,74,0.0978650520311788,240,23.487612487482913,7.046283746244874,4.0,3.0462837462448737,Low,0
CUST_04545,Male,21,India,Dhaka,SME,20,Monthly,10,1,4,10,200,0,3,4.0,47,0.11838933001484624,120,14.206719601781549,4.262015880534465,2.0,2.262015880534465,Low,0
CUST_08801,Female,73,Bangladesh,Toronto,SME,35,Monthly,24,6,19,70,2450,2,1,3.0,61,0.1417975301925919,840,119.10992536177719,35.732977608533155,14.0,21.732977608533155,Low,0
CUST_03805,Female,25,Canada,New York,SME,17,Yearly,1,4,2,30,510,1,0,5.0,39,0.18849430642906734,360,67.85795031446425,20.357385094339275,6.0,14.357385094339275,High,0
CUST_07011,Male,40,Australia,Sydney,SME,21,Quarterly,21,7,0,30,630,0,0,2.0,12,0.185297546807112,360,66.70711685056033,20.0121350551681,6.0,14.012135055168098,High,0
CUST_04732,Male,25,India,Delhi,SME,56,Monthly,8,1,12,50,2800,1,3,2.0,12,0.32616374374121443,600,195.69824624472867,58.709473873418595,10.0,48.709473873418595,High,0
CUST_07680,Male,34,USA,London,Individual,48,Monthly,32,7,22,20,960,0,1,2.0,52,0.18362955460555,240,44.071093105332,13.221327931599598,4.0,9.221327931599598,High,0
CUST_08563,Male,21,Bangladesh,Delhi,Individual,32,Quarterly,23,4,4,10,320,0,0,3.0,81,0.05012900376225562,120,6.015480451470674,1.8046441354412022,2.0,-0.19535586455879783,Low,0
CUST_07447,Female,22,Germany,New York,SME,40,Monthly,0,1,6,70,2800,0,2,3.0,32,0.2425857119556395,840,203.77199804273718,61.13159941282115,14.0,47.13159941282115,High,0
CUST_08270,Male,19,UK,Dhaka,SME,11,Monthly,18,3,2,10,110,0,2,5.0,-9,0.09875029481001818,120,11.850035377202182,3.5550106131606545,2.0,1.5550106131606545,Low,0
CUST_06027,Male,62,UK,New York,Individual,39,Monthly,15,2,10,30,1170,1,2,3.0,2,0.033475382200023274,360,12.051137592008379,3.6153412776025133,6.0,-2.3846587223974867,Low,0
CUST_09643,Male,28,Canada,New York,Individual,26,Yearly,17,0,3,10,260,0,1,2.0,73,0.2736980617680356,120,32.843767412164276,9.853130223649282,2.0,7.853130223649282,High,0
CUST_01349,Female,33,Canada,Sydney,SME,28,Quarterly,23,5,6,10,280,0,2,2.0,12,0.2634987742113839,120,31.619852905366066,9.48595587160982,2.0,7.48595587160982,High,1
CUST_03927,Male,36,Germany,Sydney,Individual,17,Monthly,27,3,0,10,170,0,2,4.0,6,0.07894768482671746,120,9.473722179206096,2.8421166537618285,2.0,0.8421166537618285,Low,0
CUST_04514,Male,65,Bangladesh,Toronto,Individual,24,Monthly,30,7,13,10,240,1,1,4.0,40,0.10138316182805701,120,12.165979419366842,3.649793825810052,2.0,1.6497938258100522,Low,0
CUST_06912,Female,73,India,Sydney,SME,16,Monthly,29,6,28,100,1600,0,2,4.0,27,0.0879289158794885,1200,105.5146990553862,31.65440971661586,20.0,11.65440971661586,Low,0
CUST_07939,Male,59,USA,Dhaka,Individual,25,Monthly,28,5,5,50,1250,0,7,5.0,36,0.05964692884105192,600,35.78815730463115,10.736447191389344,10.0,0.7364471913893436,Low,0
CUST_08965,Male,19,Bangladesh,Dhaka,SME,46,Quarterly,25,2,2,100,4600,0,1,5.0,28,0.05539276749521842,1200,66.4713209942621,19.94139629827863,20.0,-0.05860370172137053,Low,0
CUST_00060,Male,56,USA,Delhi,SME,5,Quarterly,46,0,1,50,250,0,1,3.0,59,0.20212666012138378,600,121.27599607283027,36.38279882184908,10.0,26.38279882184908,High,0
CUST_05517,Male,33,Canada,London,Individual,38,Monthly,28,3,2,10,380,0,0,4.0,59,0.03296981605608928,120,3.9563779267307133,1.186913378019214,2.0,-0.813086621980786,Low,0
CUST_08442,Male,25,India,Toronto,SME,37,Monthly,10,4,3,100,3700,0,1,4.0,-2,0.09044958279688638,1200,108.53949935626365,32.561849806879096,20.0,12.561849806879096,Low,0
CUST_01866,Female,35,USA,Berlin,Individual,23,Quarterly,23,5,8,20,460,1,0,2.0,13,0.25724467209750385,240,61.73872130340092,18.521616391020277,4.0,14.521616391020277,High,0
CUST_08135,Female,32,India,Sydney,Individual,47,Yearly,32,6,0,100,4700,0,0,2.0,45,0.2121786672434947,1200,254.61440069219364,76.38432020765809,20.0,56.38432020765809,High,0
CUST_03920,Male,58,Germany,Delhi,SME,4,Monthly,31,3,6,20,80,0,0,5.0,93,0.2905707376876,240,69.736977045024,20.9210931135072,4.0,16.9210931135072,High,0
CUST_04695,Female,63,Australia,Sydney,Enterprise,3,Monthly,23,5,12,10,30,1,1,3.0,45,0.4060779354586645,120,48.72935225503974,14.618805676511922,2.0,12.618805676511922,High,1
CUST_08698,Male,22,Canada,Sydney,SME,52,Monthly,27,4,3,50,2600,0,2,3.0,6,0.07923880292044023,600,47.54328175226414,14.262984525679242,10.0,4.262984525679242,Low,0
CUST_09577,Male,55,Bangladesh,Toronto,Individual,29,Quarterly,13,4,18,20,580,0,2,2.0,56,0.2893151543823045,240,69.43563705175308,20.830691115525923,4.0,16.830691115525923,High,1
CUST_06136,Female,73,UK,Delhi,Individual,7,Yearly,35,7,13,20,140,0,0,4.0,38,0.16863084678502818,240,40.471403228406764,12.141420968522029,4.0,8.141420968522029,High,0
CUST_05689,Male,43,Germany,New York,Individual,24,Monthly,25,3,4,20,480,0,0,5.0,29,0.02565856619684304,240,6.158055887242329,1.8474167661726988,4.0,-2.1525832338273014,Low,0
CUST_02335,Male,52,Canada,New York,Individual,10,Quarterly,16,0,2,100,1000,0,0,3.0,22,0.10513647650754647,1200,126.16377180905576,37.84913154271673,20.0,17.849131542716727,Low,0
CUST_04752,Male,33,USA,Sydney,Individual,18,Monthly,26,1,0,20,360,0,0,3.0,3,0.02388564748314417,240,5.732555395954601,1.7197666187863803,4.0,-2.2802333812136197,Low,0
CUST_00588,Male,20,Germany,Delhi,Individual,39,Monthly,9,2,11,50,1950,0,0,4.0,55,0.0964831754694865,600,57.889905281691895,17.366971584507567,10.0,7.366971584507567,Low,0
CUST_00417,Male,21,Canada,Berlin,SME,11,Monthly,31,5,14,20,220,0,1,4.0,-10,0.07961517271660315,240,19.107641451984755,5.732292435595427,4.0,1.7322924355954266,Low,0
CUST_02715,Female,32,Bangladesh,Delhi,Individual,16,Monthly,0,7,0,20,320,0,3,3.0,-10,0.2230800236007413,240,53.53920566417791,16.061761699253374,4.0,12.061761699253374,High,0
CUST_00791,Female,68,USA,Delhi,Individual,57,Yearly,39,7,4,30,1710,1,2,4.0,35,0.07167220584532721,360,25.801994104317796,7.740598231295339,6.0,1.7405982312953387,Low,0
CUST_05823,Male,27,India,Sydney,Individual,13,Quarterly,6,7,3,20,260,1,1,4.0,72,0.06293701105878,240,15.104882654107199,4.531464796232159,4.0,0.531464796232159,Low,0
CUST_01093,Female,43,Germany,Toronto,Enterprise,39,Quarterly,31,6,3,10,390,0,3,3.0,15,0.09202487732007941,120,11.04298527840953,3.312895583522859,2.0,1.312895583522859,Low,0
CUST_07731,Female,65,USA,Sydney,Individual,4,Quarterly,22,5,1,10,40,0,1,5.0,-31,0.3316093437861929,120,39.79312125434315,11.937936376302945,2.0,9.937936376302945,High,0
CUST_09848,Female,45,UK,Delhi,Individual,45,Yearly,19,6,2,50,2250,0,4,4.0,55,0.03248896457923478,600,19.493378747540866,5.84801362426226,10.0,-4.15198637573774,Low,0
CUST_07964,Male,55,USA,Delhi,SME,56,Quarterly,24,7,8,50,2800,0,3,5.0,-9,0.0742241037815198,600,44.53446226891188,13.360338680673564,10.0,3.3603386806735642,Low,0
CUST_07060,Female,18,Canada,Delhi,SME,4,Quarterly,16,5,2,30,120,0,0,5.0,0,0.3078327387371429,360,110.81978594537145,33.245935783611436,6.0,27.245935783611436,High,0
CUST_05981,Male,45,Australia,Toronto,Individual,39,Quarterly,15,1,13,30,1170,0,1,4.0,0,0.026374677766167077,360,9.494883995820148,2.848465198746044,6.0,-3.151534801253956,Low,0
CUST_08754,Female,51,USA,Delhi,SME,2,Monthly,5,2,16,10,20,0,0,4.0,-9,0.2287761380942627,120,27.453136571311525,8.235940971393457,2.0,6.2359409713934575,High,1
CUST_06759,Male,18,Australia,New York,Individual,51,Monthly,5,4,0,20,1020,0,0,3.0,63,0.062426488131997256,240,14.982357151679341,4.494707145503802,4.0,0.4947071455038019,Low,0
CUST_01245,Male,30,Bangladesh,New York,Individual,59,Monthly,20,6,2,20,1180,1,0,3.0,-63,0.05652775101453302,240,13.566660243487926,4.069998073046378,4.0,0.06999807304637784,Low,0
CUST_02868,Female,38,UK,Berlin,Individual,25,Yearly,21,7,5,70,1750,0,3,5.0,-10,0.06507538024763328,840,54.66331940801195,16.398995822403585,14.0,2.3989958224035846,Low,0
CUST_07118,Male,34,Canada,Delhi,Individual,45,Monthly,35,5,5,20,900,0,3,4.0,-18,0.09425761037483202,240,22.621826489959684,6.786547946987905,4.0,2.7865479469879046,Low,0
CUST_02913,Female,55,UK,Sydney,Individual,45,Quarterly,0,1,1,70,3150,1,1,2.0,-1,0.35846905727010536,840,301.1140081068885,90.33420243206655,14.0,76.33420243206655,High,0
CUST_07803,Female,24,Canada,Toronto,Individual,28,Monthly,23,2,31,50,1400,2,1,4.0,43,0.1897876869505689,600,113.87261217034134,34.161783651102404,10.0,24.161783651102404,High,0
CUST_04080,Male,58,UK,New York,Individual,41,Quarterly,33,3,3,50,2050,1,0,3.0,100,0.046919565304458864,600,28.151739182675318,8.445521754802595,10.0,-1.554478245197405,Low,0
CUST_07903,Male,65,Bangladesh,Dhaka,Enterprise,31,Quarterly,30,4,3,30,930,0,1,2.0,59,0.1763098123748683,360,63.471532454952595,19.041459736485777,6.0,13.041459736485777,High,0
CUST_02327,Female,51,India,Dhaka,Individual,33,Monthly,22,3,19,30,990,0,1,4.0,33,0.028235995088928045,360,10.164958232014097,3.049487469604229,6.0,-2.950512530395771,Low,0
CUST_07105,Female,57,Canada,Toronto,Individual,53,Monthly,10,6,17,30,1590,1,2,4.0,35,0.04622791855513237,360,16.642050679847653,4.992615203954296,6.0,-1.007384796045704,Low,0
CUST_08632,Female,34,USA,Dhaka,Individual,5,Monthly,13,0,28,20,100,0,0,5.0,10,0.44007051247773776,240,105.61692299465706,31.685076898397117,4.0,27.685076898397117,High,1
CUST_08584,Male,53,Canada,Dhaka,Individual,24,Monthly,29,4,5,70,1680,0,1,4.0,28,0.04350862042959618,840,36.54724116086079,10.964172348258238,14.0,-3.035827651741762,Low,0
CUST_03369,Male,27,UK,Dhaka,Individual,56,Yearly,26,7,12,50,2800,0,0,2.0,18,0.2399920613072202,600,143.99523678433212,43.198571035299636,10.0,33.198571035299636,High,0
CUST_06533,Male,72,Bangladesh,London,Individual,37,Quarterly,30,3,1,20,740,0,0,4.0,70,0.01985383328579941,240,4.764919988591858,1.4294759965775574,4.0,-2.5705240034224426,Low,0
CUST_05975,Male,38,India,London,Individual,43,Quarterly,17,1,5,100,4300,0,1,2.0,42,0.2957566842469795,1200,354.90802109637536,106.47240632891261,20.0,86.47240632891261,High,0
CUST_05684,Female,23,Germany,Sydney,Individual,5,Monthly,23,0,25,30,150,1,1,3.0,-30,0.27911521672386763,360,100.48147802059235,30.144443406177704,6.0,24.144443406177704,High,1
CUST_04846,Male,65,Canada,London,Individual,17,Monthly,13,3,0,50,850,1,1,5.0,-42,0.06957138188586545,600,41.74282913151927,12.522848739455782,10.0,2.5228487394557817,Low,0
CUST_00207,Female,59,Australia,London,SME,31,Yearly,25,3,4,20,620,1,1,3.0,15,0.06208312462291157,240,14.899949909498778,4.469984972849633,4.0,0.46998497284963303,Low,0
CUST_06417,Male,37,Germany,Berlin,SME,10,Quarterly,29,3,3,20,200,1,1,2.0,16,0.249473176889596,240,59.87356245350304,17.962068736050913,4.0,13.962068736050913,High,0
CUST_04612,Female,62,Australia,Berlin,SME,43,Quarterly,18,4,18,30,1290,0,1,3.0,-45,0.040327030580980076,360,14.517731009152827,4.355319302745848,6.0,-1.6446806972541523,Low,0
CUST_09035,Female,54,UK,Delhi,Individual,43,Monthly,21,4,15,50,2150,2,3,5.0,-8,0.18412816953833744,600,110.47690172300247,33.14307051690074,10.0,23.143070516900742,High,1
CUST_07759,Female,36,Germany,Toronto,SME,45,Monthly,30,1,18,10,450,1,0,3.0,6,0.044634503096480614,120,5.356140371577673,1.606842111473302,2.0,-0.393157888526698,Low,0
CUST_03931,Female,56,Germany,Toronto,Individual,57,Monthly,26,6,14,50,2850,0,0,4.0,-3,0.06173381154523394,600,37.040286927140365,11.11208607814211,10.0,1.1120860781421094,Low,0
CUST_02450,Male,44,USA,New York,Individual,2,Quarterly,26,6,3,30,60,1,0,4.0,40,0.2341252060932859,360,84.28507419358293,25.285522258074877,6.0,19.285522258074877,High,1
CUST_08690,Female,41,Canada,Berlin,Individual,9,Quarterly,35,2,18,10,90,0,1,4.0,-13,0.08984973280553421,120,10.781967936664106,3.2345903809992316,2.0,1.2345903809992316,Low,0
CUST_06645,Female,31,Canada,London,Individual,24,Yearly,17,2,12,20,480,0,1,4.0,-33,0.03417771750401607,240,8.202652200963856,2.4607956602891567,4.0,-1.5392043397108433,Low,0
CUST_01569,Male,60,UK,Delhi,Individual,9,Monthly,28,5,4,20,180,2,1,4.0,73,0.31194633442059344,240,74.86712026094243,22.460136078282726,4.0,18.460136078282726,High,1
CUST_02279,Male,64,Germany,Toronto,Individual,28,Quarterly,47,3,34,20,560,0,0,3.0,-4,0.11763199552183567,240,28.231678925240562,8.469503677572169,4.0,4.469503677572169,Low,0
CUST_08903,Male,67,Germany,Delhi,SME,39,Yearly,19,1,20,20,780,0,0,3.0,58,0.05680318946752692,240,13.63276547220646,4.089829641661938,4.0,0.08982964166193774,Low,0
CUST_05793,Male,24,India,Sydney,SME,7,Monthly,26,6,17,30,210,0,0,4.0,-55,0.10841751543653352,360,39.03030555715207,11.70909166714562,6.0,5.7090916671456196,Low,0
CUST_08819,Female,43,India,Berlin,Individual,7,Monthly,32,2,18,30,210,0,0,2.0,-15,0.20280076138615763,360,73.00827409901675,21.902482229705022,6.0,15.902482229705022,High,0
CUST_00424,Male,66,USA,Toronto,Individual,45,Yearly,15,4,0,50,2250,2,2,3.0,47,0.13140781205289245,600,78.84468723173548,23.653406169520643,10.0,13.653406169520643,Low,0
CUST_02303,Male,57,Canada,Berlin,SME,42,Quarterly,9,7,1,70,2940,2,2,2.0,40,0.2424753981268383,840,203.67933442654416,61.10380032796324,14.0,47.10380032796324,High,1
CUST_04993,Female,23,UK,Dhaka,Individual,20,Yearly,12,4,0,100,2000,1,0,3.0,10,0.10480625051377622,1200,125.76750061653146,37.73025018495944,20.0,17.730250184959438,Low,0
CUST_08153,Female,52,Bangladesh,Toronto,SME,58,Monthly,7,6,8,30,1740,0,2,4.0,59,0.09260393432145717,360,33.33741635572458,10.001224906717374,6.0,4.001224906717374,Low,0
CUST_03579,Female,22,Canada,Berlin,SME,25,Quarterly,23,4,7,30,750,2,0,5.0,28,0.35375874738015795,360,127.35314905685686,38.20594471705706,6.0,32.20594471705706,High,0
CUST_01406,Female,65,India,Dhaka,Individual,30,Monthly,22,6,2,10,300,0,2,3.0,4,0.0740406231064355,120,8.88487477277226,2.665462431831678,2.0,0.6654624318316782,Low,0
CUST_03699,Female,40,USA,Sydney,Individual,19,Quarterly,22,7,0,10,190,1,0,4.0,18,0.09192985678650228,120,11.031582814380274,3.309474844314082,2.0,1.309474844314082,Low,0
CUST_06037,Female,55,Australia,Toronto,Individual,24,Yearly,21,0,10,30,720,0,1,5.0,18,0.04358937184228998,360,15.692173863224394,4.707652158967318,6.0,-1.292347841032682,Low,0
CUST_05943,Male,64,Germany,Berlin,Individual,25,Monthly,23,6,9,50,1250,1,1,4.0,-28,0.051811281747627516,600,31.08676904857651,9.326030714572953,10.0,-0.6739692854270469,Low,0
CUST_00451,Female,47,India,New York,SME,57,Monthly,19,1,12,100,5700,0,1,5.0,37,0.11010914340308685,1200,132.13097208370422,39.63929162511126,20.0,19.639291625111262,Low,0
CUST_06780,Female,33,UK,Berlin,Enterprise,21,Monthly,37,4,9,50,1050,2,2,5.0,43,0.20425464954475467,600,122.55278972685281,36.76583691805584,10.0,26.76583691805584,High,0
CUST_00011,Male,60,Australia,New York,Individual,46,Yearly,31,6,27,30,1380,1,2,5.0,18,0.10754053755180995,360,38.71459351865158,11.614378055595475,6.0,5.614378055595475,Low,0
CUST_05716,Male,56,India,Delhi,Individual,3,Quarterly,7,1,10,20,60,0,2,5.0,-62,0.33268279682736956,240,79.8438712385687,23.95316137157061,4.0,19.95316137157061,High,0
CUST_03486,Male,19,Bangladesh,Delhi,SME,31,Monthly,10,3,5,20,620,0,1,4.0,37,0.09749732498717277,240,23.399357996921466,7.01980739907644,4.0,3.0198073990764396,Low,0
CUST_07284,Male,74,USA,Dhaka,Individual,1,Monthly,20,7,1,30,30,0,0,5.0,-8,0.3290339075028301,360,118.45220670101884,35.53566201030565,6.0,29.53566201030565,High,0
CUST_08570,Male,35,India,Berlin,Individual,46,Quarterly,16,2,13,20,920,1,3,4.0,38,0.07469421197786141,240,17.926610874686737,5.377983262406021,4.0,1.3779832624060209,Low,0
CUST_03005,Male,41,Bangladesh,Sydney,Individual,42,Monthly,0,2,11,100,4200,1,1,3.0,28,0.18349914500000383,1200,220.1989740000046,66.05969220000138,20.0,46.05969220000138,High,0
CUST_05035,Female,35,UK,Sydney,SME,14,Monthly,17,6,20,30,420,0,2,4.0,1,0.07208941531272711,360,25.95218951258176,7.785656853774528,6.0,1.7856568537745279,Low,0
CUST_02044,Male,54,UK,Sydney,Individual,38,Monthly,30,3,17,30,1140,0,3,3.0,12,0.028278154925833843,360,10.180135773300183,3.054040731990055,6.0,-2.945959268009945,Low,0
CUST_02298,Male,44,Germany,London,SME,46,Monthly,32,7,2,100,4600,0,0,2.0,22,0.2541634422484301,1200,304.99613069811613,91.49883920943483,20.0,71.49883920943483,High,1
CUST_08099,Female,36,UK,London,SME,56,Monthly,32,1,1,20,1120,0,2,3.0,28,0.08210588488135225,240,19.705412371524538,5.911623711457361,4.0,1.911623711457361,Low,0
CUST_07017,Male,22,Australia,Berlin,Individual,3,Yearly,3,0,0,50,150,1,3,2.0,-27,0.4317281277179367,600,259.03687663076204,77.71106298922861,10.0,67.71106298922861,High,0
CUST_09088,Female,40,Bangladesh,Delhi,Enterprise,45,Monthly,13,5,0,100,4500,0,0,4.0,-47,0.11842727274438537,1200,142.11272729326245,42.63381818797873,20.0,22.633818187978733,Low,0
CUST_08435,Male,35,USA,London,Enterprise,34,Monthly,8,0,4,50,1700,1,1,5.0,10,0.05814468777425366,600,34.886812664552195,10.466043799365659,10.0,0.466043799365659,Low,0
CUST_09415,Male,71,Australia,Dhaka,Individual,55,Monthly,22,4,22,50,2750,1,0,4.0,27,0.05884628191649098,600,35.30776914989459,10.592330744968377,10.0,0.5923307449683772,Low,0
CUST_07141,Male,47,Bangladesh,Berlin,Individual,57,Monthly,33,1,15,30,1710,2,1,5.0,77,0.12991712109972953,360,46.77016359590263,14.031049078770788,6.0,8.031049078770788,Low,0
CUST_04692,Male,34,UK,Dhaka,SME,30,Quarterly,18,0,10,30,900,1,2,5.0,34,0.04270913729220519,360,15.37528942519387,4.612586827558161,6.0,-1.387413172441839,Low,1
CUST_01129,Female,71,USA,Sydney,SME,51,Quarterly,9,1,7,50,2550,0,0,4.0,-41,0.08386378558075638,600,50.31827134845383,15.095481404536148,10.0,5.095481404536148,Low,0
CUST_02487,Female,55,India,Delhi,Individual,38,Monthly,16,7,2,10,380,1,0,4.0,39,0.05239588591634031,120,6.287506309960838,1.8862518929882512,2.0,-0.11374810701174876,Low,0
CUST_03448,Male,21,USA,Toronto,SME,3,Quarterly,16,7,21,10,30,0,0,2.0,55,0.3781487607857348,120,45.37785129428818,13.613355388286452,2.0,11.613355388286452,High,1
CUST_08418,Female,25,UK,New York,SME,54,Monthly,13,2,3,20,1080,1,0,4.0,-23,0.05647290884914623,240,13.553498123795094,4.0660494371385285,4.0,0.06604943713852851,Low,0
CUST_00853,Male,19,India,Sydney,SME,11,Quarterly,11,2,22,10,110,0,1,4.0,66,0.18620653459972783,120,22.34478415196734,6.703435245590201,2.0,4.703435245590201,High,0
CUST_03278,Female,70,India,London,Individual,3,Yearly,19,0,34,50,150,2,1,4.0,-66,0.3328679302968406,600,199.72075817810435,59.916227453431304,10.0,49.916227453431304,High,0
CUST_09674,Female,56,India,Sydney,Individual,40,Yearly,9,5,36,10,400,0,0,2.0,-29,0.23881225807929046,120,28.657470969514854,8.597241290854456,2.0,6.5972412908544555,High,0
CUST_05894,Male,44,Canada,New York,SME,11,Monthly,22,1,3,50,550,0,1,2.0,20,0.3264606458544422,600,195.8763875126653,58.76291625379959,10.0,48.76291625379959,High,0
CUST_03116,Male,50,Canada,Dhaka,Individual,34,Yearly,11,7,11,100,3400,0,0,4.0,31,0.058024045030923815,1200,69.62885403710858,20.888656211132574,20.0,0.8886562111325738,Low,0
CUST_01108,Female,38,USA,London,SME,6,Monthly,12,0,8,20,120,1,1,3.0,10,0.14464137656134013,240,34.71393037472163,10.414179112416488,4.0,6.4141791124164875,Low,0
CUST_03633,Male,37,Germany,London,SME,16,Quarterly,21,2,6,30,480,0,0,2.0,28,0.1991588054085282,360,71.69716994707015,21.509150984121046,6.0,15.509150984121046,High,0
CUST_05482,Male,33,India,Sydney,SME,28,Quarterly,31,6,22,50,1400,0,1,3.0,32,0.07967987048943581,600,47.807922293661484,14.342376688098446,10.0,4.342376688098446,Low,0
CUST_01715,Female,74,Bangladesh,Berlin,Individual,3,Monthly,16,6,2,10,30,0,0,4.0,35,0.3530590429295383,120,42.3670851515446,12.710125545463379,2.0,10.710125545463379,High,0
CUST_08765,Male,66,Australia,New York,SME,29,Monthly,9,1,0,30,870,1,1,2.0,0,0.32995043735804064,360,118.78215744889462,35.634647234668385,6.0,29.634647234668385,High,0
CUST_00552,Female,48,Canada,Toronto,Individual,13,Monthly,23,4,26,10,130,0,1,3.0,64,0.10984665402152105,120,13.181598482582526,3.954479544774758,2.0,1.9544795447747578,Low,0
CUST_01394,Female,33,UK,Berlin,SME,42,Monthly,12,1,3,50,2100,0,1,3.0,72,0.03358832094868321,600,20.15299256920993,6.045897770762978,10.0,-3.954102229237022,Low,0
CUST_01062,Male,27,Germany,Delhi,Individual,19,Monthly,9,5,20,100,1900,0,2,4.0,26,0.040787126892695154,1200,48.94455227123419,14.683365681370255,20.0,-5.316634318629745,Low,0
CUST_03311,Male,43,UK,New York,SME,50,Quarterly,40,3,4,20,1000,1,2,4.0,18,0.05402251230109754,240,12.965402952263409,3.8896208856790224,4.0,-0.11037911432097758,Low,0
CUST_07071,Female,24,Australia,Delhi,Individual,34,Monthly,24,7,8,50,1700,0,0,1.0,18,0.19283820851507222,600,115.70292510904333,34.710877532713,10.0,24.710877532713,High,0
CUST_03858,Male,55,India,Berlin,Individual,2,Quarterly,25,7,12,10,20,2,0,3.0,17,0.30704645487072935,120,36.84557458448752,11.053672375346256,2.0,9.053672375346256,High,0
CUST_04965,Female,27,India,Delhi,Enterprise,35,Quarterly,15,2,20,50,1750,0,2,4.0,-52,0.05074373800121086,600,30.446242800726516,9.133872840217954,10.0,-0.8661271597820459,Low,0
CUST_07670,Male,49,UK,Dhaka,Individual,52,Quarterly,17,7,1,50,2600,1,1,4.0,16,0.060092332134503046,600,36.05539928070183,10.816619784210548,10.0,0.8166197842105483,Low,0
CUST_09419,Female,72,USA,Dhaka,Individual,57,Monthly,39,1,5,20,1140,2,1,1.0,46,0.18489279662026836,240,44.374271188864405,13.312281356659321,4.0,9.312281356659321,High,0
CUST_05420,Male,35,Australia,New York,Individual,44,Quarterly,1,6,14,20,880,3,1,5.0,-11,0.23896801874645773,240,57.35232449914986,17.205697349744955,4.0,13.205697349744955,High,1
CUST_06680,Female,27,Canada,Berlin,Individual,36,Quarterly,23,4,35,30,1080,0,2,3.0,49,0.08384879953149313,360,30.185567831337526,9.055670349401257,6.0,3.0556703494012574,Low,0
CUST_03961,Male,74,India,London,Individual,31,Yearly,3,7,0,30,930,0,3,5.0,64,0.2938077985064203,360,105.77080746231131,31.73124223869339,6.0,25.73124223869339,High,1
CUST_00702,Female,35,Germany,London,SME,6,Monthly,8,2,25,50,300,0,2,5.0,-6,0.11442593511704198,600,68.65556107022519,20.596668321067558,10.0,10.596668321067558,Low,0
CUST_06604,Male,65,Germany,Berlin,Individual,18,Monthly,34,0,0,50,900,1,0,3.0,30,0.04131053141968318,600,24.78631885180991,7.435895655542972,10.0,-2.5641043444570277,Low,0
CUST_04225,Female,38,Australia,London,Individual,40,Yearly,38,5,3,10,400,0,0,5.0,-24,0.051767131564184395,120,6.212055787702127,1.863616736310638,2.0,-0.13638326368936204,Low,0
CUST_00266,Female,58,USA,Berlin,Individual,34,Yearly,39,3,2,50,1700,2,3,2.0,44,0.2522904190532023,600,151.37425143192138,45.41227542957641,10.0,35.41227542957641,High,0
CUST_08577,Male,24,Canada,Toronto,Individual,30,Yearly,35,1,2,20,600,0,0,4.0,15,0.05392740656559654,240,12.942577575743169,3.8827732727229503,4.0,-0.11722672727704975,Low,0
CUST_08136,Female,67,Germany,New York,SME,27,Quarterly,12,3,1,20,540,0,0,3.0,6,0.07053924498226928,240,16.929418795744628,5.078825638723388,4.0,1.078825638723388,Low,0
CUST_03860,Male,35,Germany,Delhi,Individual,11,Monthly,24,4,4,10,110,0,1,4.0,59,0.09835743439262791,120,11.80289212711535,3.5408676381346047,2.0,1.5408676381346047,Low,0
CUST_04798,Female,46,USA,Berlin,SME,54,Monthly,24,1,13,70,3780,2,0,3.0,27,0.2684410737729978,840,225.49050196931816,67.64715059079545,14.0,53.64715059079545,High,0
CUST_00663,Male,41,USA,Toronto,SME,15,Yearly,2,4,1,70,1050,0,0,2.0,100,0.37582093855157483,840,315.68958838332287,94.70687651499686,14.0,80.70687651499686,High,0
CUST_07956,Male,40,Australia,Sydney,Individual,51,Monthly,22,5,1,20,1020,1,2,4.0,-2,0.015481215818570492,240,3.7154917964569183,1.1146475389370754,4.0,-2.885352461062925,Low,0
CUST_02818,Male,34,Canada,Berlin,SME,44,Monthly,26,5,6,50,2200,0,3,5.0,38,0.038281554812160036,600,22.96893288729602,6.890679866188806,10.0,-3.1093201338111944,Low,0
CUST_03152,Female,54,UK,London,Individual,48,Quarterly,17,1,2,10,480,0,0,2.0,15,0.2799561128744091,120,33.59473354492909,10.078420063478728,2.0,8.078420063478728,High,0
CUST_07378,Female,56,Bangladesh,Toronto,Individual,26,Quarterly,19,2,5,100,2600,0,0,3.0,19,0.07620272246272096,1200,91.44326695526514,27.432980086579544,20.0,7.432980086579544,Low,0
CUST_09629,Male,41,Bangladesh,Toronto,Individual,27,Monthly,9,5,1,50,1350,0,1,5.0,-23,0.04076638694847989,600,24.45983216908793,7.3379496507263795,10.0,-2.6620503492736205,Low,0
CUST_03354,Male,71,Bangladesh,New York,Individual,47,Monthly,11,3,5,50,2350,2,2,4.0,-5,0.22675572074736536,600,136.05343244841922,40.81602973452576,10.0,30.816029734525763,High,0
CUST_02675,Male,69,India,Sydney,Individual,30,Monthly,10,1,10,50,1500,0,0,3.0,-4,0.04873577837493851,600,29.241467024963107,8.772440107488931,10.0,-1.227559892511069,Low,0
CUST_03660,Male,42,USA,London,Individual,21,Monthly,33,4,14,50,1050,2,1,3.0,38,0.22923449105999913,600,137.54069463599947,41.26220839079984,10.0,31.26220839079984,High,0
CUST_08200,Male,67,Australia,London,Individual,53,Monthly,3,1,4,30,1590,0,2,4.0,24,0.3488976318206223,360,125.60314745542402,37.680944236627205,6.0,31.680944236627205,High,0
CUST_00842,Female,34,Germany,London,SME,55,Monthly,17,3,2,10,550,0,0,4.0,25,0.05876741507514697,120,7.0520898090176365,2.115626942705291,2.0,0.11562694270529095,Low,0
CUST_09411,Male,66,Germany,Sydney,SME,3,Quarterly,13,5,7,70,210,0,2,2.0,-11,0.42757938364837095,840,359.1666822646316,107.75000467938948,14.0,93.75000467938948,High,0
CUST_06671,Male,19,India,Dhaka,SME,41,Quarterly,24,0,7,20,820,0,2,2.0,72,0.22953585869281587,240,55.08860608627581,16.526581825882744,4.0,12.526581825882744,High,0
CUST_06158,Male,44,Australia,Delhi,SME,22,Monthly,14,0,43,20,440,0,1,4.0,-79,0.18167271367256962,240,43.60145128141671,13.080435384425012,4.0,9.080435384425012,High,0
CUST_03447,Male,26,Australia,New York,Individual,55,Quarterly,18,6,7,30,1650,0,1,3.0,59,0.04406553126834098,360,15.863591256602753,4.759077376980826,6.0,-1.2409226230191743,Low,0
CUST_09136,Male,73,Bangladesh,Delhi,Individual,58,Monthly,8,7,10,50,2900,1,2,2.0,21,0.25333186895039106,600,151.99912137023463,45.59973641107039,10.0,35.59973641107039,High,1
CUST_01803,Male,51,USA,Delhi,Individual,52,Quarterly,15,2,3,70,3640,0,1,4.0,100,0.0366487454578496,840,30.784946184593664,9.2354838553781,14.0,-4.764516144621901,Low,0
CUST_09353,Male,42,India,London,SME,14,Monthly,34,1,23,30,420,0,1,4.0,-4,0.06803684225298898,360,24.49326321107603,7.3479789633228085,6.0,1.3479789633228085,Low,0
CUST_02611,Female,55,Australia,Toronto,Individual,4,Quarterly,33,2,0,100,400,0,3,3.0,28,0.29095465928911424,1200,349.1455911469371,104.74367734408112,20.0,84.74367734408112,High,0
CUST_01566,Male,60,USA,New York,SME,32,Quarterly,18,1,18,30,960,0,2,5.0,-50,0.043907437264525895,360,15.806677415229322,4.742003224568796,6.0,-1.257996775431204,Low,0
CUST_02862,Female,61,India,London,Individual,34,Monthly,13,2,9,30,1020,0,3,4.0,13,0.0551956631312907,360,19.870438727264652,5.961131618179396,6.0,-0.03886838182060437,Low,0
CUST_04843,Female,63,Australia,London,SME,40,Quarterly,0,5,14,70,2800,0,1,3.0,0,0.2555626795321492,840,214.6726508070053,64.40179524210158,14.0,50.401795242101585,High,0
CUST_02869,Female,74,Canada,Berlin,SME,3,Monthly,21,7,4,20,60,0,4,3.0,76,0.40400274687362403,240,96.96065924966976,29.088197774900927,4.0,25.088197774900927,High,0
CUST_05730,Female,36,Germany,Sydney,Individual,19,Yearly,25,1,0,100,1900,0,0,3.0,37,0.11070668861135022,1200,132.84802633362025,39.85440790008607,20.0,19.854407900086073,Low,0
CUST_06357,Male,60,Germany,Sydney,Individual,43,Monthly,3,0,0,20,860,0,1,5.0,-17,0.22854265676251648,240,54.850237623003956,16.455071286901187,4.0,12.455071286901187,High,0
CUST_06319,Female,61,India,New York,SME,28,Yearly,0,3,19,70,1960,0,1,3.0,65,0.32216673722825373,840,270.6200592717331,81.18601778151994,14.0,67.18601778151994,High,0
CUST_08043,Female,51,Bangladesh,London,Individual,36,Yearly,38,0,1,20,720,1,0,4.0,-13,0.011928092232015663,240,2.8627421356837592,0.8588226407051277,4.0,-3.1411773592948724,Low,0
CUST_08476,Male,26,Bangladesh,Delhi,Enterprise,59,Quarterly,15,1,11,30,1770,0,0,3.0,-2,0.0992236527706597,360,35.72051499743749,10.716154499231246,6.0,4.716154499231246,Low,0
CUST_00924,Male,63,India,Dhaka,Individual,43,Monthly,21,3,18,100,4300,1,2,3.0,4,0.04685380209206946,1200,56.22456251048335,16.867368753145005,20.0,-3.132631246854995,Low,0
CUST_02769,Male,27,Australia,London,Individual,56,Yearly,19,7,9,20,1120,0,2,3.0,2,0.08119010530670132,240,19.485625273608317,5.845687582082495,4.0,1.845687582082495,Low,0
CUST_03539,Female,50,India,Dhaka,Individual,22,Monthly,18,3,5,50,1100,0,1,2.0,64,0.3301612991313391,600,198.09677947880348,59.429033843641044,10.0,49.429033843641044,High,0
CUST_02433,Female,58,Bangladesh,Toronto,Enterprise,40,Monthly,15,3,3,20,800,3,1,5.0,28,0.22292226011814753,240,53.50134242835541,16.050402728506622,4.0,12.050402728506622,High,0
CUST_03760,Male,24,UK,Sydney,Individual,41,Quarterly,23,6,10,10,410,0,1,3.0,2,0.04624404187912989,120,5.549285025495586,1.664785507648676,2.0,-0.33521449235132406,Low,0
CUST_02952,Male,74,India,Berlin,Individual,17,Monthly,36,1,4,10,170,1,1,3.0,-4,0.10534236551150879,120,12.641083861381054,3.792325158414316,2.0,1.7923251584143158,Low,0
CUST_08567,Female,53,UK,New York,Individual,41,Quarterly,13,7,14,20,820,0,1,2.0,6,0.3582090795554008,240,85.9701790932962,25.791053727988857,4.0,21.791053727988857,High,1
CUST_06798,Male,65,Australia,London,Individual,1,Monthly,24,5,23,10,10,0,2,3.0,41,0.31167486110089543,120,37.40098333210745,11.220294999632236,2.0,9.220294999632236,High,0
CUST_00926,Male,55,UK,Berlin,SME,40,Monthly,17,2,13,20,800,1,2,2.0,4,0.2927493301688346,240,70.25983924052031,21.07795177215609,4.0,17.07795177215609,High,0
CUST_09851,Male,45,Germany,Delhi,Individual,53,Yearly,20,7,0,10,530,0,0,2.0,11,0.28723686488733025,120,34.46842378647963,10.340527135943889,2.0,8.340527135943889,High,0
CUST_08603,Female,19,Australia,London,SME,30,Quarterly,22,4,18,20,600,0,0,3.0,14,0.06284059763092374,240,15.081743431421698,4.5245230294265095,4.0,0.5245230294265095,Low,0
CUST_08938,Female,71,Bangladesh,Delhi,SME,42,Monthly,29,5,2,50,2100,0,1,5.0,18,0.037126119393190694,600,22.275671635914417,6.682701490774325,10.0,-3.317298509225675,Low,0
CUST_06606,Female,52,Australia,Toronto,Individual,22,Monthly,19,2,9,100,2200,1,1,3.0,1,0.09335317057890812,1200,112.02380469468974,33.607141408406925,20.0,13.607141408406925,Low,0
CUST_03446,Female,30,India,Dhaka,Individual,27,Monthly,26,2,20,50,1350,0,1,4.0,-71,0.0422841606289141,600,25.370496377348463,7.611148913204539,10.0,-2.3888510867954613,Low,0
CUST_06361,Male,22,Bangladesh,Toronto,Individual,27,Quarterly,25,5,0,20,540,1,1,5.0,20,0.052492193739521464,240,12.59812649748515,3.779437949245545,4.0,-0.220562050754455,Low,0
CUST_09069,Male,33,Bangladesh,Dhaka,Individual,5,Monthly,20,0,9,10,50,0,1,4.0,-30,0.3130063950598761,120,37.56076740718513,11.26823022215554,2.0,9.26823022215554,High,1
CUST_02688,Female,28,Australia,Sydney,Individual,9,Quarterly,7,2,7,70,630,1,0,4.0,30,0.07143716565214418,840,60.007219147801116,18.002165744340335,14.0,4.002165744340335,Low,0
CUST_01316,Female,56,UK,New York,Individual,56,Monthly,51,2,28,30,1680,1,1,4.0,50,0.1311019735569635,360,47.196710480506866,14.159013144152059,6.0,8.159013144152059,Low,0
CUST_01023,Female,53,Australia,London,Individual,52,Monthly,10,6,4,20,1040,0,0,3.0,86,0.08902063793460399,240,21.36495310430496,6.409485931291488,4.0,2.4094859312914876,Low,0
CUST_09482,Female,41,India,New York,Individual,40,Quarterly,22,2,3,30,1200,2,1,2.0,25,0.327635688080511,360,117.94884770898396,35.38465431269519,6.0,29.38465431269519,High,0
CUST_06094,Male,28,UK,Sydney,Individual,36,Quarterly,40,5,6,100,3600,0,3,4.0,61,0.051341075726412375,1200,61.60929087169485,18.482787261508456,20.0,-1.5172127384915441,Low,0
CUST_06098,Male,57,UK,Sydney,Individual,8,Quarterly,23,2,22,50,400,0,3,2.0,19,0.2159394343828707,600,129.56366062972242,38.86909818891672,10.0,28.869098188916723,High,1
CUST_08619,Female,58,Bangladesh,Delhi,Enterprise,38,Quarterly,29,1,19,100,3800,2,1,5.0,39,0.12936856666107846,1200,155.24227999329415,46.57268399798824,20.0,26.572683997988243,Low,0
CUST_03120,Female,52,USA,Dhaka,SME,58,Quarterly,0,2,16,30,1740,2,3,3.0,63,0.2301310907460443,360,82.84719266857594,24.854157800572782,6.0,18.854157800572782,High,1
CUST_04831,Male,64,Canada,London,Individual,23,Quarterly,33,5,14,50,1150,1,0,3.0,50,0.07434966588670096,600,44.609799532020574,13.382939859606171,10.0,3.3829398596061715,Low,0
CUST_08678,Female,74,Germany,Berlin,SME,14,Quarterly,8,2,20,20,280,1,1,2.0,100,0.3752167425204051,240,90.05201820489722,27.015605461469168,4.0,23.015605461469168,High,1
CUST_05773,Male,22,Australia,London,Individual,33,Monthly,38,7,7,70,2310,1,2,3.0,4,0.098436355945225,840,82.686538993989,24.8059616981967,14.0,10.8059616981967,Low,0
CUST_05668,Female,64,Germany,Dhaka,Individual,57,Monthly,22,7,3,10,570,0,0,5.0,55,0.054445029806369366,120,6.533403576764324,1.960021073029297,2.0,-0.03997892697070293,Low,0
CUST_09540,Male,48,Germany,New York,SME,37,Monthly,19,0,12,30,1110,0,1,5.0,-44,0.03533518306991912,360,12.720665905170883,3.8161997715512648,6.0,-2.1838002284487352,Low,0
CUST_05094,Female,19,UK,Dhaka,Enterprise,47,Yearly,17,5,5,70,3290,0,5,4.0,-18,0.08805718375887686,840,73.96803435745656,22.190410307236967,14.0,8.190410307236967,Low,0
CUST_09496,Male,66,Bangladesh,Dhaka,SME,38,Quarterly,30,0,4,30,1140,0,0,5.0,10,0.057943322887999596,360,20.859596239679856,6.257878871903957,6.0,0.25787887190395686,Low,0
CUST_01648,Female,69,Germany,Dhaka,SME,6,Monthly,19,3,0,30,180,0,1,4.0,-70,0.11552481518682578,360,41.58893346725728,12.476680040177182,6.0,6.4766800401771825,Low,0
CUST_06063,Male,68,Canada,Dhaka,Individual,28,Yearly,19,6,31,30,840,1,1,4.0,0,0.06083066538516291,360,21.89903953865865,6.569711861597594,6.0,0.569711861597594,Low,0
CUST_04363,Male,40,Bangladesh,Berlin,Individual,30,Monthly,10,1,3,10,300,1,0,4.0,43,0.07324329966233135,120,8.789195959479763,2.6367587878439287,2.0,0.6367587878439287,Low,0
CUST_04468,Female,55,UK,Toronto,SME,36,Yearly,40,5,6,10,360,0,2,4.0,4,0.06816688590422212,120,8.180026308506655,2.454007892551996,2.0,0.45400789255199614,Low,0
CUST_03419,Female,54,Australia,Delhi,SME,59,Monthly,21,4,5,10,590,0,2,4.0,52,0.04897691770266952,120,5.877230124320342,1.7631690372961026,2.0,-0.23683096270389736,Low,0
CUST_01338,Female,52,UK,Berlin,Individual,37,Monthly,7,3,10,20,740,0,2,3.0,66,0.05448083970171146,240,13.075401528410751,3.922620458523225,4.0,-0.07737954147677506,Low,0
CUST_02328,Male,63,Germany,New York,Individual,55,Quarterly,14,7,12,10,550,1,0,2.0,29,0.23495747571020384,120,28.19489708522446,8.458469125567339,2.0,6.458469125567339,High,0
CUST_05745,Female,59,India,London,Individual,15,Yearly,24,2,1,20,300,0,0,4.0,-18,0.054476284162326215,240,13.074308198958292,3.9222924596874873,4.0,-0.0777075403125127,Low,0
CUST_07926,Male,39,India,Toronto,SME,33,Monthly,18,5,2,20,660,2,0,3.0,56,0.21591888142847337,240,51.820531542833606,15.546159462850081,4.0,11.546159462850081,High,0
CUST_04024,Female,67,UK,Delhi,SME,53,Yearly,28,2,2,50,2650,1,1,4.0,36,0.06049491719085842,600,36.29695031451505,10.889085094354515,10.0,0.889085094354515,Low,0
CUST_06668,Male,74,Australia,Sydney,SME,27,Quarterly,35,6,3,50,1350,2,0,4.0,12,0.17701860317026036,600,106.21116190215622,31.863348570646863,10.0,21.863348570646863,High,0
CUST_00106,Female,61,USA,Sydney,SME,33,Monthly,15,0,1,50,1650,0,2,3.0,12,0.05270177632241158,600,31.62106579344695,9.486319738034084,10.0,-0.5136802619659164,Low,0
CUST_09658,Male,18,USA,London,SME,55,Quarterly,22,2,2,50,2750,0,0,2.0,-7,0.21370978499472817,600,128.2258709968369,38.46776129905107,10.0,28.46776129905107,High,0
CUST_07433,Male,20,UK,Berlin,Individual,36,Quarterly,18,0,4,30,1080,3,1,4.0,32,0.16083368989043062,360,57.90012836055502,17.370038508166505,6.0,11.370038508166505,High,0
CUST_05942,Female,65,Germany,Delhi,Individual,58,Yearly,9,3,8,20,1160,0,4,4.0,35,0.06635146952071665,240,15.924352684971995,4.777305805491598,4.0,0.777305805491598,Low,0
CUST_06809,Male,71,Canada,Delhi,Individual,48,Monthly,10,7,6,30,1440,0,0,3.0,11,0.10023279505402133,360,36.08380621944768,10.825141865834304,6.0,4.825141865834304,Low,0
CUST_02224,Male,63,USA,Toronto,Individual,40,Monthly,25,5,0,70,2800,0,3,2.0,30,0.22141193296789866,840,185.98602369303487,55.795807107910456,14.0,41.795807107910456,High,0
CUST_02364,Female,22,India,Toronto,Enterprise,43,Monthly,26,3,26,30,1290,0,3,5.0,72,0.07588689305923486,360,27.31928150132455,8.195784450397365,6.0,2.1957844503973654,Low,1
CUST_07497,Female,65,Germany,Dhaka,SME,57,Monthly,32,1,12,50,2850,1,0,4.0,-14,0.07751628919599905,600,46.509773517599434,13.95293205527983,10.0,3.9529320552798293,Low,0
CUST_09877,Male,65,UK,Toronto,Individual,17,Monthly,25,2,21,20,340,1,1,3.0,-37,0.03840557466625345,240,9.217337919900828,2.7652013759702485,4.0,-1.2347986240297515,Low,0
CUST_04726,Male,73,Canada,Delhi,Individual,1,Monthly,8,0,8,50,50,0,0,2.0,5,0.4094560589520091,600,245.67363537120545,73.70209061136163,10.0,63.702090611361626,High,1
CUST_08069,Female,46,UK,Delhi,Individual,24,Monthly,17,1,6,20,480,0,1,3.0,74,0.07172578491187186,240,17.214188378849247,5.164256513654774,4.0,1.1642565136547738,Low,0
CUST_02095,Male,66,Canada,Toronto,Individual,41,Quarterly,2,0,21,50,2050,0,0,3.0,28,0.18258659757969545,600,109.55195854781726,32.86558756434518,10.0,22.865587564345176,High,1
CUST_04473,Male,56,India,Delhi,Individual,12,Quarterly,38,1,14,20,240,0,2,4.0,29,0.05034739423262354,240,12.08337461582965,3.625012384748895,4.0,-0.37498761525110513,Low,0
CUST_05711,Female,63,Canada,Dhaka,SME,15,Quarterly,12,2,1,100,1500,0,2,3.0,-72,0.07054001279916644,1200,84.64801535899973,25.39440460769992,20.0,5.394404607699919,Low,0
CUST_09344,Female,61,UK,London,Enterprise,42,Yearly,8,3,0,50,2100,0,2,4.0,1,0.049917443253371586,600,29.950465952022952,8.985139785606885,10.0,-1.0148602143931154,Low,0
CUST_08627,Female,59,Canada,Sydney,Individual,45,Monthly,19,4,48,50,2250,0,0,2.0,25,0.2686838586069246,600,161.21031516415476,48.363094549246426,10.0,38.363094549246426,High,0
CUST_00358,Female,68,Australia,Berlin,SME,11,Yearly,21,0,6,10,110,0,0,3.0,58,0.128338013113862,120,15.40056157366344,4.6201684720990315,2.0,2.6201684720990315,Low,0
CUST_02888,Female,62,USA,London,Individual,6,Monthly,19,0,0,50,300,3,1,5.0,9,0.26764441817338863,600,160.58665090403318,48.17599527120995,10.0,38.17599527120995,High,1
CUST_01451,Female,52,USA,Delhi,Enterprise,28,Quarterly,10,0,8,30,840,0,1,2.0,21,0.2288716620202396,360,82.39379832728625,24.718139498185874,6.0,18.718139498185874,High,0
CUST_05752,Female,38,Australia,Sydney,Individual,42,Monthly,8,3,16,50,2100,0,0,3.0,44,0.0900859026246553,600,54.05154157479318,16.215462472437952,10.0,6.215462472437952,Low,0
CUST_06461,Male,52,Bangladesh,Dhaka,Individual,33,Yearly,2,7,16,50,1650,0,3,2.0,50,0.44543963898958966,600,267.2637833937538,80.17913501812613,10.0,70.17913501812613,High,0
CUST_02928,Female,73,UK,Delhi,Individual,51,Yearly,17,7,3,100,5100,1,3,2.0,-16,0.2411763399316902,1200,289.4116079180282,86.82348237540846,20.0,66.82348237540846,High,0
CUST_00859,Female,64,UK,Berlin,Individual,53,Monthly,27,2,3,10,530,1,1,4.0,-43,0.0273584016512658,120,3.283008198151896,0.9849024594455688,2.0,-1.0150975405544314,Low,0
CUST_02977,Female,18,Bangladesh,Berlin,SME,36,Quarterly,15,4,3,10,360,0,1,4.0,57,0.08506422658342168,120,10.207707190010602,3.0623121570031806,2.0,1.0623121570031806,Low,0
CUST_03083,Female,33,UK,Berlin,Individual,48,Yearly,25,5,1,70,3360,1,1,5.0,51,0.0272868786201922,840,22.920978040961447,6.876293412288434,14.0,-7.123706587711566,Low,0
CUST_02014,Female,29,UK,Delhi,Enterprise,18,Monthly,30,1,9,50,900,0,0,3.0,3,0.07177331598227223,600,43.06398958936334,12.919196876809002,10.0,2.9191968768090018,Low,0
CUST_08258,Male,57,India,Dhaka,Individual,50,Monthly,9,0,5,10,500,0,2,4.0,-52,0.018303822635682677,120,2.196458716281921,0.6589376148845764,2.0,-1.3410623851154235,Low,0
CUST_03454,Female,55,Germany,London,Individual,20,Quarterly,15,4,45,10,200,0,2,5.0,9,0.13732818737566915,120,16.479382485080297,4.943814745524089,2.0,2.9438147455240893,Low,0
CUST_06770,Male,63,UK,Dhaka,Individual,1,Monthly,0,6,13,50,50,0,2,4.0,50,0.3864615380993398,600,231.8769228596039,69.56307685788117,10.0,59.56307685788117,High,1
CUST_02064,Female,56,UK,London,SME,56,Monthly,18,2,14,50,2800,3,1,5.0,100,0.1484087922346917,600,89.04527534081501,26.713582602244504,10.0,16.713582602244504,Low,0
CUST_00650,Male,21,India,London,Enterprise,34,Monthly,23,2,8,20,680,4,3,5.0,21,0.1683077672408633,240,40.39386413780719,12.118159241342157,4.0,8.118159241342157,High,0
CUST_06475,Female,21,Australia,Delhi,Individual,6,Yearly,34,0,32,20,120,0,2,4.0,-16,0.1995659803409646,240,47.8958352818315,14.368750584549451,4.0,10.368750584549451,High,0
CUST_07237,Male,26,USA,Toronto,SME,46,Monthly,27,2,3,10,460,0,0,4.0,17,0.054252386912266505,120,6.51028642947198,1.953085928841594,2.0,-0.04691407115840596,Low,0
CUST_05979,Female,55,Australia,Toronto,Individual,51,Quarterly,23,4,26,20,1020,1,1,5.0,-7,0.045023724186139515,240,10.805693804673483,3.2417081414020448,4.0,-0.7582918585979552,Low,1
CUST_07404,Female,34,Germany,Sydney,Individual,26,Monthly,29,0,9,50,1300,1,0,3.0,3,0.07502910311238913,600,45.017461867433475,13.505238560230042,10.0,3.505238560230042,Low,0
CUST_05375,Female,37,India,Dhaka,SME,18,Monthly,12,1,2,50,900,0,1,3.0,46,0.10075632734209555,600,60.45379640525733,18.1361389215772,10.0,8.1361389215772,Low,0
CUST_03187,Male,18,India,Delhi,SME,36,Yearly,21,5,0,10,360,0,2,3.0,65,0.061559728326541316,120,7.387167399184958,2.2161502197554874,2.0,0.21615021975548743,Low,0
CUST_06974,Male,42,Germany,London,Individual,25,Monthly,11,3,3,10,250,1,2,3.0,11,0.10053766959801222,120,12.064520351761466,3.6193561055284396,2.0,1.6193561055284396,Low,0
CUST_09107,Female,62,UK,Sydney,Individual,45,Yearly,20,3,2,10,450,1,3,4.0,2,0.03977542259335257,120,4.773050711202309,1.4319152133606927,2.0,-0.5680847866393073,Low,0
CUST_04815,Female,53,Germany,Delhi,SME,45,Quarterly,28,3,9,70,3150,0,0,3.0,-29,0.10190068716756776,840,85.59657722075691,25.678973166227074,14.0,11.678973166227074,Low,0
CUST_09685,Female,60,Bangladesh,Toronto,Individual,55,Monthly,19,4,0,10,550,2,0,3.0,-12,0.24661389108495488,120,29.593666930194587,8.878100079058376,2.0,6.878100079058376,High,0
CUST_04696,Male,20,India,London,SME,2,Monthly,12,5,10,10,20,0,1,4.0,9,0.31718688499940845,120,38.062426199929014,11.418727859978704,2.0,9.418727859978704,High,1
CUST_09653,Male,64,Germany,Sydney,Individual,12,Monthly,30,4,1,30,360,1,1,3.0,-1,0.07120983280167231,360,25.635539808602033,7.6906619425806095,6.0,1.6906619425806095,Low,0
CUST_00972,Male,72,UK,Sydney,SME,37,Monthly,23,0,2,10,370,0,1,2.0,37,0.23797909112620155,120,28.557490935144187,8.567247280543256,2.0,6.567247280543256,High,0
CUST_05184,Male,30,USA,Dhaka,Individual,8,Quarterly,18,4,24,100,800,0,2,4.0,-11,0.06815592413881287,1200,81.78710896657545,24.536132689972632,20.0,4.536132689972632,Low,0
CUST_07957,Female,33,Germany,Toronto,Individual,50,Monthly,0,0,9,20,1000,0,2,3.0,-21,0.2887927736124252,240,69.31026566698205,20.793079700094612,4.0,16.793079700094612,High,0
CUST_08699,Female,65,UK,Berlin,Individual,12,Monthly,37,3,1,50,600,1,0,4.0,24,0.038890071460875926,600,23.334042876525555,7.0002128629576665,10.0,-2.9997871370423335,Low,0
CUST_00446,Male,44,USA,Toronto,SME,30,Monthly,35,7,35,20,600,0,3,4.0,5,0.1620108392171938,240,38.88260141212651,11.664780423637954,4.0,7.6647804236379535,High,0
CUST_07593,Female,31,UK,London,Individual,18,Monthly,10,5,7,10,180,0,2,4.0,-37,0.06629731292922927,120,7.955677551507513,2.3867032654522538,2.0,0.38670326545225375,Low,0
CUST_06794,Female,64,USA,Dhaka,Individual,21,Yearly,7,4,11,100,2100,0,2,4.0,-54,0.09612459298387013,1200,115.34951158064416,34.60485347419325,20.0,14.604853474193249,Low,0
CUST_06306,Female,29,Canada,Sydney,Enterprise,58,Monthly,28,1,0,50,2900,1,1,3.0,-44,0.09436279680763075,600,56.61767808457845,16.985303425373534,10.0,6.985303425373534,Low,0
CUST_03119,Female,45,USA,Delhi,Individual,36,Monthly,21,3,4,20,720,1,0,4.0,37,0.04077253339180556,240,9.785408014033335,2.9356224042100005,4.0,-1.0643775957899995,Low,0
CUST_01283,Male,71,Germany,New York,Individual,45,Monthly,15,5,13,30,1350,0,0,4.0,9,0.05048572679194517,360,18.17486164510026,5.452458493530078,6.0,-0.5475415064699218,Low,0
CUST_00161,Male,42,UK,Dhaka,Individual,29,Monthly,15,0,1,100,2900,0,1,3.0,26,0.06424869877833633,1200,77.0984385340036,23.12953156020108,20.0,3.1295315602010803,Low,0
CUST_01849,Male,22,Canada,Delhi,SME,35,Monthly,27,7,1,20,700,0,1,5.0,11,0.052795256956471796,240,12.670861669553231,3.801258500865969,4.0,-0.19874149913403105,Low,0
CUST_00671,Male,26,UK,Delhi,Enterprise,10,Monthly,30,3,7,30,300,0,1,3.0,2,0.06528640107505126,360,23.503104387018457,7.050931316105537,6.0,1.0509313161055367,Low,0
CUST_04144,Male,39,Bangladesh,New York,Individual,1,Yearly,14,6,4,50,50,1,1,3.0,-1,0.48167745886907637,600,289.0064753214458,86.70194259643374,10.0,76.70194259643374,High,1
CUST_03631,Female,27,India,London,SME,25,Quarterly,15,1,4,100,2500,1,2,4.0,-38,0.10663157294642163,1200,127.95788753570595,38.38736626071179,20.0,18.387366260711786,Low,0
CUST_09208,Male,32,USA,Berlin,Individual,4,Monthly,15,4,46,20,80,0,3,3.0,83,0.3895300596940103,240,93.48721432656247,28.04616429796874,4.0,24.04616429796874,High,1
CUST_05417,Female,23,India,London,Individual,7,Monthly,25,0,4,10,70,0,2,4.0,22,0.14786287588905414,120,17.743545106686497,5.323063532005949,2.0,3.323063532005949,Low,0
CUST_01182,Female,20,India,London,Individual,54,Monthly,29,0,1,30,1620,0,2,3.0,36,0.031160246132882482,360,11.217688607837694,3.365306582351308,6.0,-2.634693417648692,Low,0
CUST_01074,Male,32,Canada,Toronto,Individual,25,Quarterly,6,2,4,30,750,0,0,4.0,55,0.06522010176837595,360,23.47923663661534,7.043770990984602,6.0,1.0437709909846022,Low,0
CUST_01019,Female,55,India,Sydney,Individual,6,Yearly,6,2,6,20,120,1,0,4.0,22,0.1960913123143735,240,47.06191495544964,14.118574486634891,4.0,10.118574486634891,High,0
CUST_02036,Female,68,Australia,Dhaka,Individual,58,Yearly,16,5,12,100,5800,0,2,3.0,54,0.14112622579555284,1200,169.3514709546634,50.80544128639902,20.0,30.805441286399017,Low,0
CUST_03932,Male,27,USA,Sydney,Individual,37,Yearly,8,5,12,50,1850,0,0,2.0,21,0.2501902994270636,600,150.11417965623818,45.034253896871455,10.0,35.034253896871455,High,0
CUST_06432,Male,46,Bangladesh,London,SME,18,Quarterly,3,2,7,10,180,0,0,3.0,33,0.3996203661034871,120,47.95444393241846,14.386333179725536,2.0,12.386333179725536,High,0
CUST_07514,Male,71,Australia,Berlin,SME,35,Monthly,4,7,9,50,1750,0,0,3.0,27,0.31483906074260803,600,188.9034364455648,56.67103093366944,10.0,46.67103093366944,High,0
CUST_02124,Male,23,UK,Sydney,Individual,27,Yearly,0,2,21,50,1350,0,3,4.0,59,0.26172312480487286,600,157.03387488292373,47.110162464877114,10.0,37.110162464877114,High,0
CUST_08743,Male,37,India,Toronto,SME,31,Yearly,15,4,2,20,620,1,4,5.0,6,0.07442891309868167,240,17.8629391436836,5.35888174310508,4.0,1.35888174310508,Low,0
CUST_00425,Female,41,India,Delhi,SME,13,Quarterly,30,5,8,20,260,0,3,3.0,20,0.10320853571922103,240,24.77004857261305,7.431014571783915,4.0,3.4310145717839147,Low,0
CUST_04142,Female,41,India,Toronto,Individual,29,Monthly,18,2,6,20,580,0,0,5.0,-16,0.024702603159792273,240,5.9286247583501455,1.7785874275050435,4.0,-2.2214125724949563,Low,0
CUST_07850,Female,42,Bangladesh,London,Individual,46,Quarterly,3,4,6,30,1380,0,0,4.0,29,0.2616355638681859,360,94.18880299254694,28.256640897764083,6.0,22.256640897764083,High,0
CUST_03250,Male,42,Bangladesh,Sydney,Individual,27,Quarterly,31,0,4,10,270,1,1,5.0,26,0.07020082713911698,120,8.424099256694037,2.527229777008211,2.0,0.5272297770082108,Low,1
CUST_07865,Male,47,UK,Toronto,Individual,18,Yearly,31,6,10,30,540,1,0,3.0,-31,0.042235197783871845,360,15.204671202193865,4.561401360658159,6.0,-1.4385986393418406,Low,1
CUST_08440,Female,26,India,London,Individual,27,Yearly,19,2,11,30,810,0,1,4.0,-2,0.04347635029201683,360,15.65148610512606,4.695445831537818,6.0,-1.3045541684621824,Low,0
CUST_05769,Female,19,Germany,Delhi,Individual,54,Monthly,21,1,5,20,1080,0,3,2.0,52,0.34577655714926925,240,82.98637371582461,24.895912114747382,4.0,20.895912114747382,High,0
CUST_03710,Male,21,USA,London,Individual,39,Yearly,31,0,0,30,1170,2,4,5.0,8,0.10960857824809901,360,39.45908816931564,11.837726450794692,6.0,5.837726450794692,Low,0
CUST_08006,Male,19,USA,Delhi,SME,37,Quarterly,15,5,13,50,1850,0,0,5.0,-24,0.10104358873060952,600,60.62615323836571,18.187845971509713,10.0,8.187845971509713,Low,0
CUST_04853,Male,19,Canada,Delhi,Individual,39,Quarterly,42,0,0,50,1950,0,1,4.0,-55,0.07479787176916403,600,44.87872306149841,13.463616918449523,10.0,3.4636169184495227,Low,0
CUST_07881,Male,45,India,New York,SME,28,Quarterly,28,6,0,70,1960,0,0,3.0,16,0.03348757487319142,840,28.129562893480795,8.438868868044239,14.0,-5.5611311319557615,Low,0
CUST_02020,Female,32,USA,Toronto,SME,52,Monthly,28,0,5,20,1040,0,0,1.0,23,0.19872486150389482,240,47.69396676093476,14.308190028280427,4.0,10.308190028280427,High,0
CUST_04460,Female,32,India,Berlin,SME,20,Monthly,36,5,5,30,600,1,1,4.0,90,0.020403435444897977,360,7.345236760163272,2.2035710280489815,6.0,-3.7964289719510185,Low,0
CUST_00991,Female,45,Canada,Delhi,Individual,13,Yearly,16,3,24,10,130,0,3,3.0,-49,0.09712792829133798,120,11.655351394960558,3.4966054184881674,2.0,1.4966054184881674,Low,0
CUST_06085,Male,57,UK,London,Individual,28,Quarterly,0,2,4,10,280,0,1,4.0,28,0.22661141412507604,120,27.193369695009125,8.158010908502737,2.0,6.158010908502737,High,1
CUST_05477,Male,73,India,Toronto,Individual,49,Monthly,13,1,9,50,2450,1,0,5.0,-57,0.08284513795531769,600,49.70708277319061,14.912124831957183,10.0,4.912124831957183,Low,0
CUST_05031,Male,56,USA,Berlin,Individual,19,Monthly,25,0,2,10,190,0,1,3.0,-47,0.06086044211761056,120,7.303253054113267,2.19097591623398,2.0,0.19097591623398014,Low,0
CUST_03743,Male,35,USA,Toronto,Individual,20,Quarterly,8,7,13,10,200,1,2,1.0,65,0.22204636032833425,120,26.64556323940011,7.993668971820033,2.0,5.993668971820033,High,0
CUST_08370,Male,68,USA,London,Individual,12,Monthly,24,0,8,50,600,0,0,2.0,77,0.22629477391190916,600,135.7768643471455,40.73305930414365,10.0,30.73305930414365,High,1
CUST_05088,Male,24,UK,London,SME,11,Monthly,31,1,2,50,550,0,1,4.0,-32,0.037914838693533875,600,22.748903216120326,6.8246709648360975,10.0,-3.1753290351639025,Low,0
CUST_02821,Female,33,Germany,New York,Individual,10,Monthly,5,4,14,100,1000,0,2,5.0,-6,0.14463821587787518,1200,173.5658590534502,52.069757716035056,20.0,32.069757716035056,Low,0
CUST_06681,Female,20,India,London,Individual,27,Quarterly,13,4,5,30,810,1,1,4.0,22,0.09444331472656577,360,33.99959330156368,10.199877990469103,6.0,4.199877990469103,Low,0
CUST_03155,Male,58,Canada,Berlin,Individual,18,Yearly,20,0,0,20,360,0,1,4.0,14,0.05046707300308879,240,12.112097520741308,3.633629256222392,4.0,-0.3663707437776078,Low,0
CUST_08963,Male,66,UK,Delhi,SME,2,Monthly,27,2,11,70,140,0,0,4.0,21,0.23076349331870546,840,193.84133438771258,58.15240031631377,14.0,44.15240031631377,High,1
CUST_00946,Male,71,UK,Dhaka,Individual,44,Monthly,24,4,2,30,1320,0,1,5.0,35,0.06559594210386695,360,23.6145391573921,7.08436174721763,6.0,1.0843617472176303,Low,0
CUST_00516,Male,44,USA,Berlin,SME,12,Quarterly,45,2,1,20,240,2,0,2.0,-10,0.24909104486585454,240,59.78185076780509,17.934555230341527,4.0,13.934555230341527,High,1
CUST_06896,Female,64,UK,Toronto,Individual,11,Yearly,22,4,4,50,550,0,2,4.0,-39,0.03974558808845382,600,23.84735285307229,7.1542058559216875,10.0,-2.8457941440783125,Low,0
CUST_04171,Female,21,Bangladesh,New York,Individual,40,Monthly,28,0,36,50,2000,0,0,3.0,1,0.0856535461554263,600,51.39212769325577,15.41763830797673,10.0,5.4176383079767305,Low,0
CUST_07294,Female,56,USA,New York,Individual,14,Monthly,38,2,1,20,280,1,4,5.0,-19,0.07848055562453785,240,18.835333349889083,5.650600004966725,4.0,1.6506000049667247,Low,0
CUST_05163,Male,72,India,Dhaka,Individual,49,Quarterly,19,1,23,70,3430,1,3,3.0,17,0.08598731972762205,840,72.22934857120252,21.668804571360756,14.0,7.668804571360756,Low,0
CUST_01893,Male,50,India,Delhi,Individual,13,Monthly,23,4,0,30,390,2,1,4.0,74,0.13625706414433325,360,49.05254309195997,14.71576292758799,6.0,8.71576292758799,Low,0
CUST_08032,Female,60,UK,London,SME,32,Monthly,1,3,5,50,1600,1,1,3.0,35,0.24887318135654363,600,149.32390881392618,44.797172644177856,10.0,34.797172644177856,High,0
CUST_04434,Male,62,Australia,Delhi,Individual,21,Monthly,13,0,8,50,1050,1,2,4.0,15,0.10963312278059126,600,65.77987366835475,19.733962100506425,10.0,9.733962100506425,Low,0
CUST_02098,Female,48,Australia,New York,SME,51,Quarterly,17,5,9,30,1530,2,0,1.0,87,0.334017870709986,360,120.24643345559497,36.07393003667849,6.0,30.07393003667849,High,1
CUST_09646,Male,40,USA,Sydney,SME,2,Monthly,13,1,9,50,100,0,0,3.0,78,0.3133712261068989,600,188.02273566413933,56.4068206992418,10.0,46.4068206992418,High,0
CUST_08268,Male,40,Germany,Berlin,Individual,47,Monthly,17,1,3,20,940,0,1,3.0,79,0.05787924692562825,240,13.89101926215078,4.167305778645233,4.0,0.16730577864523344,Low,0
CUST_01026,Female,35,India,Toronto,Individual,3,Yearly,14,7,1,50,150,3,1,3.0,24,0.20474283442334823,600,122.84570065400894,36.85371019620268,10.0,26.853710196202677,High,0
CUST_08499,Male,74,Germany,Dhaka,Enterprise,9,Yearly,23,5,6,20,180,0,1,3.0,62,0.09305268411992562,240,22.332644188782147,6.699793256634644,4.0,2.699793256634644,Low,0
CUST_01489,Male,60,UK,Delhi,Individual,51,Monthly,13,3,8,20,1020,1,1,4.0,-46,0.04306852499988569,240,10.336445999972566,3.1009337999917697,4.0,-0.8990662000082303,Low,0
CUST_05501,Male,74,Bangladesh,New York,Individual,5,Quarterly,21,6,25,10,50,1,0,4.0,-72,0.3096142280509896,120,37.15370736611875,11.146112209835625,2.0,9.146112209835625,High,0
CUST_06953,Female,55,Bangladesh,Delhi,SME,57,Monthly,14,5,2,10,570,0,2,3.0,4,0.07506590065278239,120,9.007908078333887,2.702372423500166,2.0,0.702372423500166,Low,0
CUST_04645,Female,56,Bangladesh,Berlin,Enterprise,12,Monthly,26,5,3,30,360,1,3,4.0,4,0.037613750745913895,360,13.540950268529002,4.0622850805587,6.0,-1.9377149194412997,Low,0
CUST_09005,Male,53,UK,Berlin,Individual,2,Quarterly,8,2,24,20,40,0,0,3.0,54,0.4544948736429032,240,109.07876967429677,32.72363090228903,4.0,28.72363090228903,High,0
CUST_00283,Female,18,Australia,Toronto,Individual,13,Quarterly,33,4,8,50,650,3,1,4.0,-14,0.29216422578033785,600,175.29853546820272,52.58956064046081,10.0,42.58956064046081,High,0
CUST_08259,Female,67,USA,Dhaka,SME,26,Quarterly,24,3,4,30,780,0,1,2.0,18,0.3111199273686876,360,112.00317385272754,33.60095215581826,6.0,27.600952155818263,High,0
CUST_02439,Male,53,USA,Sydney,Enterprise,2,Monthly,28,3,6,20,40,0,0,5.0,8,0.387451253534211,240,92.98830084821064,27.896490254463192,4.0,23.896490254463192,High,0
CUST_04026,Male,39,USA,Toronto,Individual,57,Monthly,3,2,9,30,1710,1,0,2.0,36,0.45008971246601204,360,162.03229648776434,48.6096889463293,6.0,42.6096889463293,High,0
CUST_08241,Female,57,India,New York,Individual,21,Quarterly,15,4,9,20,420,1,2,3.0,-42,0.0677406913467226,240,16.257765923213423,4.877329776964027,4.0,0.8773297769640269,Low,0
CUST_05748,Female,23,UK,Berlin,Individual,19,Monthly,24,7,7,30,570,0,0,4.0,46,0.057171891551512095,360,20.581880958544353,6.174564287563306,6.0,0.17456428756330578,Low,0
CUST_08848,Female,67,USA,Berlin,Individual,21,Quarterly,4,3,4,20,420,0,3,2.0,25,0.4276444561976523,240,102.63466948743655,30.790400846230966,4.0,26.790400846230966,High,0
CUST_03832,Female,73,Australia,Berlin,SME,39,Quarterly,15,3,13,10,390,1,0,5.0,43,0.0729380666049173,120,8.752567992590077,2.625770397777023,2.0,0.625770397777023,Low,0
CUST_00968,Female,30,UK,Dhaka,Enterprise,36,Quarterly,17,1,3,70,2520,1,1,5.0,23,0.04082063956125941,840,34.28933723145791,10.286801169437371,14.0,-3.7131988305626287,Low,0
CUST_00610,Female,26,India,Toronto,Individual,16,Quarterly,3,4,51,20,320,0,0,4.0,24,0.25257197961435346,240,60.61727510744483,18.185182532233448,4.0,14.185182532233448,High,0
CUST_06072,Male,60,Canada,Delhi,Enterprise,29,Monthly,18,1,3,30,870,0,1,3.0,33,0.06064257761406671,360,21.831327941064014,6.549398382319204,6.0,0.5493983823192039,Low,0
CUST_08540,Male,55,Australia,Dhaka,Enterprise,14,Monthly,7,4,42,20,280,0,1,3.0,0,0.27193053372362075,240,65.26332809366897,19.578998428100693,4.0,15.578998428100693,High,1
CUST_03226,Female,48,UK,Berlin,Individual,42,Quarterly,10,5,4,20,840,1,0,3.0,-5,0.07302589531337599,240,17.526214875210236,5.257864462563071,4.0,1.257864462563071,Low,0
CUST_07742,Female,65,Canada,New York,Individual,5,Monthly,20,7,20,50,250,0,0,4.0,28,0.27401364256322763,600,164.4081855379366,49.32245566138098,10.0,39.32245566138098,High,0
CUST_07006,Male,53,Australia,Berlin,Individual,29,Monthly,11,1,18,20,580,2,1,4.0,-22,0.2156588341485957,240,51.75812019566297,15.527436058698889,4.0,11.527436058698889,High,0
CUST_06546,Male,30,Bangladesh,Sydney,Individual,31,Quarterly,18,5,2,50,1550,1,0,4.0,53,0.04390969360437762,600,26.34581616262657,7.90374484878797,10.0,-2.0962551512120298,Low,0
CUST_09978,Female,21,USA,New York,Individual,7,Monthly,36,7,22,30,210,0,5,4.0,33,0.08144182417125706,360,29.319056701652542,8.795717010495762,6.0,2.7957170104957623,Low,0
CUST_06451,Female,36,Bangladesh,Toronto,SME,31,Monthly,39,1,1,50,1550,0,0,3.0,64,0.05545161140900121,600,33.27096684540073,9.981290053620219,10.0,-0.018709946379781073,Low,0
CUST_04870,Female,28,UK,Berlin,SME,52,Monthly,19,5,3,100,5200,0,4,2.0,10,0.20666694439717914,1200,248.00033327661498,74.40009998298449,20.0,54.400099982984486,High,0
CUST_04290,Female,22,Canada,Toronto,Individual,1,Monthly,25,5,8,50,50,3,1,4.0,5,0.3388108486686725,600,203.2865092012035,60.985952760361045,10.0,50.985952760361045,High,1
CUST_04011,Female,55,India,Berlin,Individual,12,Monthly,24,5,17,30,360,0,0,2.0,53,0.20345514395415734,360,73.24385182349664,21.973155547048993,6.0,15.973155547048993,High,0
CUST_00929,Female,37,Canada,Berlin,Individual,5,Monthly,25,1,3,20,100,1,0,2.0,-26,0.34968046931093677,240,83.92331263462482,25.176993790387446,4.0,21.176993790387446,High,1
CUST_06729,Female,69,USA,Delhi,Enterprise,31,Monthly,24,0,24,100,3100,1,0,5.0,21,0.10994027570618747,1200,131.92833084742497,39.57849925422749,20.0,19.578499254227488,Low,0
CUST_02464,Female,65,Bangladesh,Delhi,Individual,33,Monthly,9,2,4,20,660,2,2,3.0,100,0.20523711494832553,240,49.25690758759813,14.777072276279437,4.0,10.777072276279437,High,0
CUST_05453,Male,36,Germany,Dhaka,Individual,2,Monthly,10,0,0,20,40,0,2,4.0,87,0.2817768749399537,240,67.62644998558888,20.28793499567666,4.0,16.28793499567666,High,0
CUST_01873,Male,50,India,Sydney,Individual,29,Quarterly,31,3,9,30,870,0,3,4.0,69,0.0524418546256695,360,18.87906766524102,5.663720299572306,6.0,-0.33627970042769384,Low,0
CUST_09413,Male,38,Germany,Sydney,Individual,42,Yearly,21,0,35,20,840,0,3,2.0,-3,0.22356877397600347,240,53.65650575424083,16.09695172627225,4.0,12.096951726272248,High,0
CUST_05639,Male,34,Bangladesh,Toronto,Individual,43,Yearly,22,1,3,30,1290,0,1,1.0,81,0.3336121999955807,360,120.10039199840907,36.03011759952272,6.0,30.03011759952272,High,0
CUST_07310,Female,46,UK,New York,SME,43,Yearly,0,1,0,50,2150,0,0,5.0,29,0.2631112837278122,600,157.8667702366873,47.36003107100619,10.0,37.36003107100619,High,0
CUST_07605,Female,21,Bangladesh,New York,Individual,15,Quarterly,18,1,3,100,1500,0,1,4.0,49,0.08064599492882564,1200,96.77519391459077,29.03255817437723,20.0,9.032558174377229,Low,0
CUST_04359,Male,50,UK,London,Individual,52,Quarterly,28,5,15,10,520,2,2,3.0,23,0.28190417602692897,120,33.828501123231476,10.148550336969443,2.0,8.148550336969443,High,0
CUST_01867,Female,46,Germany,Delhi,Individual,51,Quarterly,32,3,20,20,1020,0,2,3.0,-2,0.07947978939767096,240,19.075149455441032,5.722544836632309,4.0,1.7225448366323093,Low,0
CUST_08611,Female,39,India,Toronto,Individual,59,Monthly,25,6,14,20,1180,0,4,3.0,1,0.04801497120830864,240,11.523593089994073,3.4570779269982217,4.0,-0.5429220730017783,Low,0
CUST_00879,Male,50,UK,Toronto,SME,43,Monthly,16,3,9,20,860,0,0,3.0,42,0.039320796159513144,240,9.436991078283155,2.8310973234849466,4.0,-1.1689026765150534,Low,0
CUST_03076,Female,23,Germany,Dhaka,Individual,44,Monthly,19,1,3,10,440,1,0,3.0,12,0.076489468696617,120,9.17873624359404,2.7536208730782117,2.0,0.7536208730782117,Low,0
CUST_08937,Male,73,Germany,London,Individual,38,Monthly,9,6,3,50,1900,0,2,5.0,30,0.09694696567393711,600,58.16817940436226,17.450453821308678,10.0,7.4504538213086775,Low,0
CUST_05398,Female,61,Canada,Toronto,SME,38,Quarterly,15,1,3,30,1140,0,1,5.0,51,0.07085692225136724,360,25.508492010492205,7.652547603147661,6.0,1.652547603147661,Low,0
CUST_07559,Male,31,Germany,Sydney,Individual,36,Monthly,12,0,4,50,1800,0,0,3.0,-58,0.05801371540605182,600,34.80822924363109,10.442468773089326,10.0,0.44246877308932575,Low,0
CUST_02871,Female,37,UK,Delhi,Individual,7,Yearly,24,5,16,30,210,1,1,2.0,-57,0.2773351348997292,360,99.84064856390252,29.952194569170754,6.0,23.952194569170754,High,0
CUST_04921,Male,59,UK,Delhi,Individual,11,Yearly,9,0,7,20,220,0,2,3.0,-1,0.12002690972270857,240,28.80645833345006,8.641937500035018,4.0,4.641937500035018,Low,0
CUST_01475,Female,54,Australia,Berlin,Individual,57,Monthly,32,4,0,70,3990,0,1,2.0,95,0.2489489475082039,840,209.11711590689129,62.73513477206738,14.0,48.73513477206738,High,1
CUST_03981,Female,66,USA,Dhaka,Individual,40,Quarterly,10,5,11,10,400,0,3,4.0,43,0.06179733087063724,120,7.415679704476469,2.2247039113429405,2.0,0.22470391134294054,Low,0
CUST_07642,Female,22,USA,Delhi,Individual,51,Quarterly,16,0,3,50,2550,0,4,3.0,36,0.06963919962556306,600,41.78351977533784,12.53505593260135,10.0,2.5350559326013506,Low,0
CUST_05630,Female,63,Canada,Berlin,SME,14,Monthly,28,2,8,30,420,0,1,4.0,-16,0.057660758206942525,360,20.75787295449931,6.227361886349793,6.0,0.22736188634979282,Low,0
CUST_01958,Male,62,Canada,New York,SME,44,Yearly,13,0,6,70,3080,0,0,2.0,66,0.37114690304873943,840,311.76339856094114,93.52901956828234,14.0,79.52901956828234,High,0
CUST_02621,Male,37,Australia,Toronto,Individual,26,Monthly,16,4,8,50,1300,1,2,3.0,27,0.05100370638725991,600,30.602223832355943,9.180667149706782,10.0,-0.8193328502932182,Low,0
CUST_02007,Female,66,Australia,Sydney,Individual,28,Quarterly,17,7,3,20,560,0,1,5.0,40,0.07595223437614786,240,18.228536250275486,5.4685608750826455,4.0,1.4685608750826455,Low,0
CUST_01032,Female,56,Canada,Berlin,SME,46,Monthly,8,6,7,10,460,0,3,3.0,0,0.06230444401689809,120,7.476533282027771,2.2429599846083312,2.0,0.24295998460833124,Low,0
CUST_01392,Female,61,India,Delhi,Individual,33,Monthly,26,1,17,10,330,0,1,4.0,33,0.06788380080564661,120,8.146056096677594,2.443816829003278,2.0,0.443816829003278,Low,0
CUST_05483,Male,34,Canada,Dhaka,Individual,2,Quarterly,16,1,8,20,40,0,2,3.0,2,0.3588133223828179,240,86.11519737187629,25.834559211562887,4.0,21.834559211562887,High,0
CUST_05368,Female,43,Australia,New York,Individual,31,Monthly,33,2,8,10,310,0,0,4.0,37,0.038973128899988524,120,4.676775467998623,1.403032640399587,2.0,-0.596967359600413,Low,0
CUST_05320,Female,70,Australia,Toronto,Individual,16,Monthly,25,1,0,50,800,0,0,5.0,17,0.07472563728788842,600,44.83538237273305,13.450614711819915,10.0,3.450614711819915,Low,0
CUST_00258,Female,32,India,Berlin,SME,47,Quarterly,19,3,9,50,2350,0,2,2.0,31,0.2616135356518304,600,156.96812139109824,47.09043641732947,10.0,37.09043641732947,High,0
CUST_01881,Female,31,Australia,London,Individual,19,Quarterly,16,7,19,30,570,0,4,3.0,-65,0.08563602117019385,360,30.828967621269786,9.248690286380935,6.0,3.248690286380935,Low,0
CUST_05042,Female,70,Bangladesh,Delhi,Individual,58,Monthly,0,5,2,10,580,0,1,4.0,27,0.36314221625288035,120,43.57706595034564,13.073119785103692,2.0,11.073119785103692,High,0
CUST_00804,Male,41,USA,Delhi,Individual,2,Yearly,24,3,2,10,20,0,1,5.0,10,0.3740409788801155,120,44.88491746561386,13.465475239684158,2.0,11.465475239684158,High,0
CUST_00826,Female,57,Bangladesh,London,Individual,6,Monthly,1,5,10,50,300,0,0,4.0,-36,0.2684634947841233,600,161.07809687047398,48.32342906114219,10.0,38.32342906114219,High,1
CUST_08844,Female,45,Canada,Berlin,Individual,40,Monthly,13,6,5,50,2000,0,0,3.0,-13,0.04741555317024732,600,28.449331902148394,8.534799570644518,10.0,-1.4652004293554821,Low,0
CUST_00377,Female,35,India,London,Individual,28,Yearly,22,5,3,100,2800,0,0,3.0,42,0.08692246085510953,1200,104.30695302613144,31.29208590783943,20.0,11.292085907839429,Low,0
CUST_00519,Female,25,Australia,New York,SME,10,Yearly,33,5,1,20,200,0,2,5.0,1,0.09082857045147076,240,21.79885690835298,6.539657072505894,4.0,2.539657072505894,Low,0
CUST_04475,Male,43,India,Delhi,SME,47,Yearly,27,5,1,50,2350,2,4,4.0,10,0.18085419605573255,600,108.51251763343953,32.55375529003186,10.0,22.55375529003186,High,0
CUST_02798,Female,39,Germany,Toronto,SME,7,Quarterly,16,5,5,20,140,1,1,3.0,-100,0.13013865402912222,240,31.233276966989333,9.369983090096799,4.0,5.369983090096799,Low,0
CUST_07525,Male,59,Australia,Berlin,Individual,40,Quarterly,28,0,26,30,1200,0,4,4.0,-11,0.040641090369574355,360,14.630792533046767,4.38923775991403,6.0,-1.61076224008597,Low,0
CUST_04116,Male,37,Australia,Berlin,Individual,22,Monthly,24,4,2,30,660,0,0,2.0,-29,0.21375038245478356,360,76.95013768372208,23.085041305116622,6.0,17.085041305116622,High,0
CUST_09410,Female,69,Bangladesh,New York,Enterprise,24,Yearly,2,4,0,50,1200,1,1,5.0,-14,0.2672118415212806,600,160.32710491276833,48.0981314738305,10.0,38.0981314738305,High,0
CUST_07435,Female,26,USA,New York,SME,12,Monthly,21,6,1,20,240,1,1,3.0,26,0.06422890630314293,240,15.414937512754303,4.624481253826291,4.0,0.6244812538262909,Low,0
CUST_04708,Male,27,Australia,Berlin,Individual,50,Quarterly,15,4,6,50,2500,1,1,3.0,82,0.06886285525129554,600,41.31771315077732,12.395313945233196,10.0,2.3953139452331964,Low,0
CUST_08958,Female,29,Bangladesh,Delhi,Enterprise,43,Quarterly,25,5,5,20,860,0,1,4.0,80,0.017646653447161428,240,4.235196827318743,1.2705590481956228,4.0,-2.729440951804377,Low,1
CUST_08046,Male,69,Canada,New York,Individual,29,Monthly,26,7,7,50,1450,1,2,3.0,-46,0.06966447802061367,600,41.798686812368196,12.539606043710458,10.0,2.5396060437104584,Low,0
CUST_02949,Female,27,Canada,Berlin,Individual,4,Quarterly,26,2,10,10,40,0,2,4.0,7,0.3393853386126344,120,40.72624063351613,12.217872190054837,2.0,10.217872190054837,High,0
CUST_04032,Male,64,Australia,Toronto,Individual,2,Monthly,21,4,3,20,40,0,0,4.0,19,0.31708527178462403,240,76.10046522830977,22.830139568492932,4.0,18.830139568492932,High,0
CUST_07707,Male,65,Canada,Delhi,SME,19,Quarterly,0,4,4,70,1330,0,1,3.0,2,0.2468169671188027,840,207.32625237979425,62.197875713938274,14.0,48.197875713938274,High,1
CUST_09320,Male,58,Canada,Dhaka,Individual,38,Monthly,34,6,9,70,2660,0,1,4.0,44,0.03906849468360869,840,32.817535534231304,9.84526066026939,14.0,-4.154739339730609,Low,0
CUST_09511,Male,47,USA,London,Individual,22,Monthly,14,3,0,20,440,0,0,3.0,17,0.030592251983815794,240,7.342140476115791,2.2026421428347374,4.0,-1.7973578571652626,Low,0
CUST_01021,Male,19,Bangladesh,Sydney,Individual,59,Monthly,0,5,7,10,590,1,1,3.0,-1,0.20820468904739778,120,24.984562685687735,7.49536880570632,2.0,5.49536880570632,High,0
CUST_05315,Male,60,Germany,Dhaka,SME,40,Yearly,25,7,3,10,400,0,1,4.0,-1,0.052482854101194,120,6.29794249214328,1.8893827476429839,2.0,-0.11061725235701614,Low,0
CUST_02722,Male,46,Bangladesh,London,Individual,59,Quarterly,8,5,19,20,1180,0,2,4.0,1,0.09483637802153892,240,22.760730725169342,6.828219217550802,4.0,2.828219217550802,Low,0
CUST_08419,Male,63,UK,New York,Individual,17,Monthly,19,4,7,10,170,0,1,5.0,77,0.08971064077980795,120,10.765276893576953,3.2295830680730857,2.0,1.2295830680730857,Low,0
CUST_04228,Female,28,India,New York,SME,30,Monthly,39,6,2,30,900,1,0,5.0,93,0.04530022491985388,360,16.308080971147398,4.892424291344219,6.0,-1.107575708655781,Low,0
CUST_06275,Female,66,USA,Berlin,SME,3,Quarterly,6,0,4,100,300,0,0,3.0,21,0.340167629438513,1200,408.2011553262156,122.46034659786467,20.0,102.46034659786467,Critical,0
CUST_05216,Female,55,UK,Toronto,Individual,50,Monthly,4,1,3,70,3500,0,1,4.0,83,0.19847508726523802,840,166.71907330279993,50.01572199083998,14.0,36.01572199083998,High,0
CUST_09799,Male,43,Australia,New York,Individual,16,Quarterly,29,6,9,100,1600,0,2,2.0,0,0.23774245673670752,1200,285.29094808404903,85.5872844252147,20.0,65.5872844252147,High,0
CUST_07779,Male,64,Australia,New York,SME,43,Quarterly,17,2,3,70,3010,2,1,2.0,23,0.2987412272166301,840,250.9426308619693,75.28278925859078,14.0,61.28278925859078,High,0
CUST_09385,Male,33,Bangladesh,Toronto,SME,50,Monthly,27,6,26,30,1500,0,1,5.0,8,0.0537316483666036,360,19.343393411977296,5.8030180235931885,6.0,-0.19698197640681148,Low,0
CUST_06697,Male,43,Bangladesh,Berlin,Individual,58,Yearly,32,5,6,20,1160,0,2,3.0,2,0.032173168114693396,240,7.721560347526415,2.3164681042579245,4.0,-1.6835318957420755,Low,0
CUST_05485,Female,40,India,Dhaka,Individual,1,Monthly,20,0,2,10,10,0,1,3.0,100,0.3346243471740592,120,40.154921660887105,12.04647649826613,2.0,10.04647649826613,High,0
CUST_08371,Male,60,Canada,Delhi,SME,58,Monthly,0,0,15,70,4060,0,0,5.0,-3,0.24431050376928998,840,205.2208231662036,61.566246949861075,14.0,47.566246949861075,High,0
CUST_04600,Male,50,USA,Delhi,SME,57,Quarterly,3,1,9,30,1710,0,2,5.0,14,0.2885920620884423,360,103.89314235183923,31.167942705551766,6.0,25.167942705551766,High,0
CUST_06090,Female,33,India,Sydney,Individual,16,Yearly,14,2,0,70,1120,0,1,3.0,34,0.12876805759782697,840,108.16516838217466,32.449550514652394,14.0,18.449550514652394,Low,0
CUST_04713,Female,51,Canada,New York,SME,43,Monthly,6,1,12,10,430,0,1,4.0,8,0.1086759346337063,120,13.041112156044756,3.9123336468134267,2.0,1.9123336468134267,Low,0
CUST_09287,Male,41,Germany,Delhi,Individual,51,Quarterly,24,2,11,20,1020,0,1,4.0,25,0.07408898131633761,240,17.781355515921025,5.334406654776307,4.0,1.3344066547763074,Low,0
CUST_01902,Male,36,USA,Toronto,Individual,25,Quarterly,22,0,18,30,750,0,1,5.0,54,0.04792761984681544,360,17.253943144853558,5.176182943456067,6.0,-0.8238170565439331,Low,0
CUST_05189,Male,41,Canada,Berlin,Individual,16,Yearly,14,1,2,10,160,0,0,5.0,64,0.09303705749256677,120,11.164446899108013,3.3493340697324037,2.0,1.3493340697324037,Low,0
CUST_01160,Female,40,Australia,New York,Individual,25,Quarterly,45,2,17,70,1750,0,5,4.0,-24,0.06688871707313977,840,56.18652234143741,16.85595670243122,14.0,2.8559567024312216,Low,0
CUST_02063,Male,28,India,Sydney,Individual,58,Quarterly,7,1,10,10,580,1,2,4.0,73,0.05615269774322139,120,6.7383237291865665,2.02149711875597,2.0,0.021497118755970046,Low,0
CUST_02713,Female,19,Bangladesh,Toronto,SME,17,Yearly,25,3,18,70,1190,1,2,4.0,9,0.06864094429290947,840,57.658393206043954,17.297517961813185,14.0,3.2975179618131847,Low,0
CUST_05223,Male,37,India,Dhaka,Individual,15,Yearly,9,0,11,30,450,1,0,5.0,42,0.04678055315078306,360,16.8409991342819,5.05229974028457,6.0,-0.9477002597154298,Low,0
CUST_07297,Male,23,USA,Toronto,SME,41,Monthly,29,5,2,50,2050,1,0,4.0,3,0.03600141953817602,600,21.60085172290561,6.480255516871683,10.0,-3.519744483128317,Low,0
CUST_06285,Female,70,Germany,Toronto,Enterprise,54,Quarterly,19,0,6,20,1080,1,2,4.0,-30,0.043981474802180454,240,10.555553952523308,3.166666185756992,4.0,-0.8333338142430078,Low,0
CUST_04376,Male,55,Australia,New York,SME,22,Monthly,14,3,8,50,1100,1,2,3.0,-5,0.06858074756361522,600,41.148448538169134,12.34453456145074,10.0,2.3445345614507396,Low,0
CUST_03434,Male,55,India,Dhaka,SME,51,Monthly,25,7,14,20,1020,1,1,5.0,83,0.05273525053686316,240,12.65646012884716,3.796938038654148,4.0,-0.2030619613458522,Low,0
CUST_03328,Male,43,Canada,Sydney,SME,34,Quarterly,10,1,5,50,1700,1,1,4.0,85,0.06420901314746437,600,38.52540788847862,11.557622366543585,10.0,1.557622366543585,Low,0
CUST_03404,Female,25,Canada,London,Individual,7,Yearly,12,3,32,20,140,0,1,4.0,-34,0.17790408434246874,240,42.696980242192495,12.809094072657748,4.0,8.809094072657748,High,0
CUST_00252,Male,29,USA,London,Individual,14,Quarterly,5,4,8,70,980,0,1,3.0,-15,0.07999163373061842,840,67.19297233371947,20.15789170011584,14.0,6.15789170011584,Low,0
CUST_00135,Male,38,India,New York,Individual,6,Quarterly,20,5,2,10,60,0,0,3.0,17,0.08426619010733559,120,10.11194281288027,3.0335828438640813,2.0,1.0335828438640813,Low,0
CUST_05024,Male,50,Germany,Dhaka,Individual,50,Yearly,27,2,1,70,3500,0,0,3.0,72,0.05334007936654287,840,44.80566666789601,13.441700000368803,14.0,-0.5582999996311973,Low,0
CUST_03292,Female,37,UK,Delhi,Enterprise,28,Yearly,16,7,23,20,560,1,3,4.0,-24,0.08064504412150998,240,19.354810589162394,5.806443176748718,4.0,1.8064431767487177,Low,0
CUST_00042,Male,72,Canada,Dhaka,Individual,47,Quarterly,19,7,2,30,1410,1,0,3.0,55,0.044815554288562334,360,16.13359954388244,4.840079863164732,6.0,-1.159920136835268,Low,0
CUST_03504,Male,50,USA,Dhaka,Individual,31,Monthly,5,2,22,50,1550,0,4,3.0,88,0.0570269192703604,600,34.21615156221624,10.264845468664872,10.0,0.2648454686648716,Low,0
CUST_07260,Female,67,Bangladesh,Dhaka,Individual,17,Quarterly,25,3,3,20,340,0,2,3.0,-6,0.0565368126328781,240,13.568835031890744,4.070650509567223,4.0,0.07065050956722274,Low,0
CUST_03452,Male,65,India,Sydney,Individual,46,Yearly,25,1,0,30,1380,0,0,3.0,47,0.07282725671077941,360,26.21781241588059,7.865343724764177,6.0,1.8653437247641769,Low,1
CUST_05377,Male,19,Canada,Dhaka,Individual,12,Quarterly,9,3,13,20,240,0,2,5.0,67,0.09884169499208803,240,23.722006798101127,7.1166020394303375,4.0,3.1166020394303375,Low,0
CUST_05327,Male,46,Canada,London,SME,37,Quarterly,8,3,14,10,370,0,2,2.0,70,0.25782084570904135,120,30.938501485084963,9.281550445525488,2.0,7.281550445525488,High,0
CUST_08257,Male,36,Canada,Delhi,Individual,47,Monthly,32,0,0,50,2350,2,0,5.0,23,0.18691545590216033,600,112.1492735412962,33.644782062388856,10.0,23.644782062388856,High,0
CUST_03831,Female,32,India,London,Enterprise,10,Yearly,23,0,1,100,1000,1,1,4.0,2,0.07431365248502914,1200,89.17638298203497,26.752914894610488,20.0,6.7529148946104876,Low,0
CUST_03227,Male,34,Australia,Dhaka,Individual,26,Monthly,24,3,6,30,780,1,4,3.0,-18,0.08316300887945903,360,29.93868319660525,8.981604958981574,6.0,2.981604958981574,Low,0
CUST_00573,Male,35,UK,Dhaka,Individual,20,Monthly,15,2,8,30,600,0,1,4.0,2,0.014361755846774286,360,5.170232104838743,1.551069631451623,6.0,-4.4489303685483765,Low,0
CUST_04575,Male,48,UK,Delhi,SME,44,Yearly,21,5,1,50,2200,1,1,5.0,-13,0.010714178387293384,600,6.4285070323760305,1.928552109712809,10.0,-8.07144789028719,Low,0
CUST_07340,Female,73,India,Toronto,SME,5,Monthly,1,0,5,100,500,1,0,3.0,8,0.2507032609887376,1200,300.8439131864851,90.25317395594553,20.0,70.25317395594553,High,1
CUST_08753,Female,74,Germany,Toronto,SME,35,Quarterly,22,1,21,20,700,0,0,4.0,74,0.09874831208204125,240,23.699594899689902,7.10987846990697,4.0,3.1098784699069704,Low,0
CUST_07213,Female,34,Bangladesh,Toronto,Enterprise,17,Yearly,39,4,17,30,510,2,5,3.0,22,0.11638870393500601,360,41.89993341660217,12.56998002498065,6.0,6.56998002498065,Low,0
CUST_07233,Male,71,Bangladesh,London,Individual,36,Quarterly,25,7,0,50,1800,0,1,2.0,0,0.21786439149101947,600,130.71863489461168,39.2155904683835,10.0,29.215590468383503,High,0
CUST_01621,Male,58,UK,Delhi,SME,42,Monthly,19,6,11,50,2100,0,1,5.0,51,0.04017219934663222,600,24.103319607979333,7.2309958823938,10.0,-2.7690041176062,Low,1
CUST_03595,Male,26,Bangladesh,Sydney,SME,36,Monthly,23,5,0,10,360,0,2,2.0,44,0.28626390240020183,120,34.35166828802422,10.305500486407267,2.0,8.305500486407267,High,0
CUST_03337,Female,53,India,Delhi,SME,28,Monthly,22,4,10,20,560,1,3,2.0,-34,0.18495150761124693,240,44.38836182669926,13.316508548009777,4.0,9.316508548009777,High,0
CUST_04901,Female,68,UK,Toronto,Individual,12,Yearly,0,3,2,10,120,0,2,2.0,5,0.32836007117449295,120,39.403208540939154,11.820962562281746,2.0,9.820962562281746,High,1
CUST_03379,Female,62,Australia,London,Enterprise,12,Quarterly,30,4,1,50,600,0,1,3.0,79,0.06688947639629128,600,40.13368583777477,12.040105751332431,10.0,2.0401057513324314,Low,0
CUST_04511,Male,30,Australia,Dhaka,Individual,34,Monthly,37,3,3,30,1020,0,2,5.0,70,0.059120822963609085,360,21.28349626689927,6.385048880069781,6.0,0.3850488800697809,Low,0
CUST_04659,Male,39,Bangladesh,Sydney,Individual,1,Quarterly,40,5,1,10,10,1,2,3.0,92,0.22562797155920483,120,27.07535658710458,8.122606976131374,2.0,6.122606976131374,High,0
CUST_08288,Female,32,Canada,Toronto,Individual,56,Monthly,23,6,6,20,1120,0,2,4.0,-71,0.0760472159312102,240,18.251331823490446,5.475399547047133,4.0,1.4753995470471333,Low,1
CUST_06897,Male,59,India,Sydney,Individual,38,Yearly,14,6,1,20,760,0,0,5.0,-22,0.04029030206144295,240,9.669672494746308,2.9009017484238924,4.0,-1.0990982515761076,Low,0
CUST_02052,Male,26,Canada,Dhaka,Individual,41,Quarterly,24,5,16,30,1230,0,2,4.0,-51,0.07099314232007169,360,25.557531235225806,7.667259370567741,6.0,1.6672593705677414,Low,0
CUST_03781,Female,26,UK,Dhaka,SME,59,Monthly,30,0,1,20,1180,1,1,3.0,26,0.0883278693493739,240,21.198688643849735,6.35960659315492,4.0,2.35960659315492,Low,0
CUST_09390,Male,23,Australia,Toronto,Individual,9,Quarterly,14,4,25,30,270,1,0,5.0,-16,0.12134885352649662,360,43.68558726953878,13.105676180861634,6.0,7.105676180861634,Low,0
CUST_01298,Male,54,USA,Berlin,Individual,43,Monthly,30,4,2,50,2150,0,0,3.0,-10,0.027501570774635043,600,16.500942464781026,4.950282739434308,10.0,-5.049717260565692,Low,0
CUST_02203,Male,65,India,Toronto,Individual,50,Yearly,8,1,12,70,3500,0,0,3.0,30,0.056581498627677716,840,47.52845884724928,14.258537654174784,14.0,0.25853765417478414,Low,0
CUST_08181,Male,40,Germany,Berlin,SME,39,Monthly,12,6,8,70,2730,0,1,4.0,80,0.07987822677388785,840,67.0977104900658,20.129313147019737,14.0,6.129313147019737,Low,0
CUST_04760,Female,30,Australia,Delhi,SME,20,Quarterly,24,5,6,10,200,0,0,4.0,34,0.08539019393416077,120,10.246823272099292,3.0740469816297873,2.0,1.0740469816297873,Low,0
CUST_09747,Male,31,Canada,Sydney,Enterprise,28,Monthly,19,7,1,10,280,0,0,3.0,-19,0.08197867353706655,120,9.837440824447986,2.9512322473343957,2.0,0.9512322473343957,Low,0
CUST_09621,Female,25,Australia,New York,Individual,38,Quarterly,0,5,19,10,380,0,0,4.0,8,0.2170315392601708,120,26.043784711220496,7.813135413366148,2.0,5.813135413366148,High,0
CUST_03542,Female,63,India,New York,SME,10,Quarterly,5,3,12,30,300,0,1,2.0,3,0.32058917668725245,360,115.41210360741088,34.62363108222326,6.0,28.623631082223262,High,0
CUST_03063,Female,53,USA,Dhaka,SME,23,Monthly,13,5,2,50,1150,1,0,5.0,-35,0.03545087826234316,600,21.270526957405895,6.381158087221769,10.0,-3.6188419127782314,Low,0
CUST_03687,Male,46,India,Toronto,Individual,38,Quarterly,17,2,10,20,760,1,2,2.0,7,0.2716165562290819,240,65.18797349497964,19.556392048493894,4.0,15.556392048493894,High,1
CUST_07940,Female,43,USA,New York,Individual,22,Monthly,38,5,3,30,660,0,1,4.0,27,0.049910829414153784,360,17.967898589095363,5.390369576728609,6.0,-0.6096304232713914,Low,0
CUST_07805,Male,24,Australia,Delhi,Individual,51,Quarterly,15,0,6,10,510,2,1,4.0,36,0.2453539158362842,120,29.4424699003541,8.83274097010623,2.0,6.832740970106229,High,0
CUST_00408,Female,63,USA,Toronto,SME,28,Monthly,35,3,18,100,2800,1,0,3.0,100,0.15816881513017714,1200,189.80257815621258,56.94077344686377,20.0,36.94077344686377,High,0
CUST_09276,Male,68,Australia,Berlin,SME,21,Quarterly,16,5,5,50,1050,0,1,1.0,-28,0.19855524544042918,600,119.13314726425752,35.73994417927725,10.0,25.739944179277252,High,0
CUST_07209,Female,31,Bangladesh,Toronto,Individual,47,Yearly,33,4,22,20,940,0,2,3.0,-36,0.03682785887540728,240,8.838686130097747,2.651605839029324,4.0,-1.3483941609706762,Low,0
CUST_07102,Female,38,Australia,Toronto,Individual,42,Yearly,23,3,1,20,840,2,4,4.0,17,0.16857959154123786,240,40.459101969897084,12.137730590969126,4.0,8.137730590969126,High,0
CUST_07489,Male,27,India,London,SME,47,Yearly,39,7,3,20,940,2,1,4.0,84,0.1509785688475687,240,36.23485652341648,10.870456957024944,4.0,6.870456957024944,High,0
CUST_02223,Female,24,Germany,Toronto,Enterprise,19,Yearly,15,0,0,30,570,0,0,5.0,44,0.07135449054012141,360,25.687616594443707,7.7062849783331115,6.0,1.7062849783331115,Low,0
CUST_08349,Female,31,Australia,London,SME,52,Monthly,18,7,29,30,1560,0,0,4.0,24,0.12460079661538805,360,44.856286781539694,13.456886034461908,6.0,7.456886034461908,Low,0
CUST_06403,Male,48,Canada,Toronto,Enterprise,1,Monthly,44,4,6,10,10,1,2,3.0,68,0.21579266534140543,120,25.89511984096865,7.768535952290595,2.0,5.768535952290595,High,0
CUST_06422,Male,70,USA,New York,Individual,59,Yearly,39,6,5,10,590,1,3,3.0,-45,0.07194877021908849,120,8.63385242629062,2.590155727887186,2.0,0.5901557278871858,Low,0
CUST_04423,Male,58,Bangladesh,Berlin,Individual,41,Monthly,31,4,9,20,820,2,1,4.0,21,0.25918173181931636,240,62.20361563663593,18.66108469099078,4.0,14.66108469099078,High,0
CUST_03491,Male,69,USA,New York,Individual,3,Quarterly,29,2,0,10,30,0,1,3.0,-3,0.30253381219541564,120,36.30405746344988,10.891217239034964,2.0,8.891217239034964,High,0
CUST_08224,Male,47,India,Sydney,Individual,45,Monthly,16,4,12,20,900,0,3,2.0,-6,0.2942388290104981,240,70.61731896251953,21.185195688755858,4.0,17.185195688755858,High,1
CUST_07202,Male,25,Australia,New York,Individual,43,Quarterly,25,4,3,30,1290,0,2,1.0,38,0.29199795478307733,360,105.11926372190784,31.53577911657235,6.0,25.53577911657235,High,0
CUST_04552,Male,43,Germany,Toronto,SME,8,Monthly,13,6,5,100,800,1,0,4.0,39,0.07371223368800617,1200,88.4546804256074,26.53640412768222,20.0,6.536404127682221,Low,0
CUST_05566,Male,36,Canada,London,SME,57,Yearly,7,1,1,10,570,0,0,2.0,100,0.24284458270958006,120,29.14134992514961,8.742404977544883,2.0,6.742404977544883,High,0
CUST_02074,Female,69,Australia,New York,Individual,6,Monthly,22,3,23,70,420,0,0,3.0,96,0.09199642480097872,840,77.27699683282212,23.183099049846636,14.0,9.183099049846636,Low,0
CUST_09093,Male,74,Canada,Dhaka,SME,34,Monthly,28,6,25,50,1700,1,2,4.0,-25,0.07594440323280877,600,45.56664193968526,13.669992581905579,10.0,3.6699925819055785,Low,0
CUST_00522,Male,66,Germany,Delhi,SME,39,Monthly,16,3,0,30,1170,0,2,5.0,-2,0.060968833593784855,360,21.948780093762547,6.584634028128764,6.0,0.5846340281287636,Low,0
CUST_07100,Female,29,UK,London,SME,34,Yearly,11,1,13,20,680,0,1,3.0,71,0.05413259085135112,240,12.99182180432427,3.8975465412972805,4.0,-0.10245345870271949,Low,0
CUST_05220,Female,48,Canada,Delhi,Individual,29,Yearly,30,4,5,50,1450,0,0,2.0,29,0.276872601498612,600,166.1235608991672,49.837068269750155,10.0,39.837068269750155,High,0
CUST_01915,Female,38,Bangladesh,London,SME,46,Monthly,16,1,8,30,1380,1,1,3.0,37,0.0782987894067793,360,28.187564186440547,8.456269255932163,6.0,2.4562692559321633,Low,0
CUST_07597,Female,22,UK,London,Individual,2,Quarterly,20,6,2,30,60,0,1,4.0,-25,0.21402814500024633,360,77.05013220008868,23.115039660026603,6.0,17.115039660026603,High,1
CUST_02289,Male,71,Australia,Delhi,Individual,58,Monthly,20,4,6,20,1160,0,0,4.0,54,0.06413177761234559,240,15.391626626962942,4.617487988088882,4.0,0.6174879880888824,Low,0
CUST_04113,Female,34,Australia,Dhaka,Individual,11,Quarterly,32,5,5,30,330,1,3,5.0,62,0.07317107093936506,360,26.341585538171422,7.902475661451426,6.0,1.902475661451426,Low,0
CUST_08016,Female,63,Canada,Dhaka,Individual,18,Quarterly,0,7,10,20,360,0,0,5.0,1,0.21478202390360507,240,51.54768573686522,15.464305721059565,4.0,11.464305721059565,High,1
CUST_05691,Female,71,USA,London,SME,15,Monthly,39,0,0,20,300,1,0,3.0,58,0.11137212886105,240,26.729310926651998,8.018793277995599,4.0,4.018793277995599,Low,0
CUST_03591,Male,47,USA,Toronto,Individual,13,Quarterly,13,0,17,20,260,0,1,2.0,38,0.31777265169921803,240,76.26543640781233,22.879630922343697,4.0,18.879630922343697,High,0
CUST_04551,Female,35,USA,Dhaka,SME,48,Yearly,37,7,10,100,4800,0,2,4.0,7,0.08163316509249202,1200,97.95979811099042,29.387939433297124,20.0,9.387939433297124,Low,0
CUST_03724,Female,41,Bangladesh,Sydney,Individual,21,Monthly,18,6,22,20,420,0,1,3.0,65,0.0894778714453282,240,21.47468914687877,6.442406744063631,4.0,2.4424067440636312,Low,0
CUST_04889,Male,36,Germany,Delhi,SME,56,Monthly,1,3,3,20,1120,0,0,4.0,2,0.2048100845326648,240,49.15442028783956,14.746326086351866,4.0,10.746326086351866,High,0
CUST_04412,Female,33,Canada,Berlin,Individual,43,Monthly,26,5,18,10,430,1,1,3.0,-56,0.03601147538948557,120,4.321377046738268,1.2964131140214805,2.0,-0.7035868859785195,Low,0
CUST_09547,Male,31,Germany,London,SME,45,Quarterly,24,4,11,20,900,0,0,5.0,6,0.0339994170321178,240,8.159860087708271,2.4479580263124814,4.0,-1.5520419736875186,Low,0
CUST_05168,Female,52,UK,Sydney,SME,6,Monthly,29,5,7,10,60,0,1,3.0,-31,0.12252196211788734,120,14.702635454146481,4.410790636243944,2.0,2.410790636243944,Low,0
CUST_09109,Male,47,Bangladesh,Toronto,SME,37,Quarterly,27,7,13,20,740,0,0,3.0,46,0.049464492225201336,240,11.87147813404832,3.561443440214496,4.0,-0.4385565597855039,Low,0
CUST_08729,Female,26,Canada,Sydney,Individual,26,Monthly,30,6,10,30,780,2,1,3.0,58,0.16690505694483876,360,60.085820500141956,18.025746150042586,6.0,12.025746150042586,High,0
CUST_05675,Female,27,Australia,Berlin,SME,23,Monthly,3,5,4,100,2300,1,3,4.0,88,0.18441833366697383,1200,221.3020004003686,66.39060012011058,20.0,46.39060012011058,High,1
CUST_09922,Female,37,USA,Dhaka,Individual,52,Monthly,9,2,5,10,520,1,1,4.0,-73,0.047523019247789546,120,5.702762309734745,1.7108286929204235,2.0,-0.2891713070795765,Low,0
CUST_09669,Male,32,Canada,Berlin,Individual,32,Quarterly,22,2,2,50,1600,1,2,3.0,38,0.03926822625626175,600,23.56093575375705,7.0682807261271146,10.0,-2.9317192738728854,Low,0
CUST_03703,Female,40,UK,London,SME,28,Quarterly,17,7,1,20,560,1,0,3.0,11,0.06010979505525693,240,14.426350813261664,4.327905243978499,4.0,0.3279052439784991,Low,0
CUST_00734,Female,40,Bangladesh,Toronto,Enterprise,56,Monthly,44,0,2,10,560,0,1,3.0,8,0.05951079468742444,120,7.141295362490933,2.1423886087472797,2.0,0.14238860874727965,Low,0
CUST_04349,Female,42,UK,Delhi,Enterprise,31,Quarterly,3,6,3,50,1550,0,1,3.0,56,0.23064402676851917,600,138.3864160611115,41.51592481833345,10.0,31.515924818333453,High,0
CUST_05723,Male,46,Germany,Berlin,SME,30,Yearly,20,5,2,50,1500,0,0,4.0,-12,0.0400903250217624,600,24.05419501305744,7.216258503917232,10.0,-2.7837414960827678,Low,0
CUST_09050,Male,50,Australia,New York,SME,20,Quarterly,28,1,0,20,400,1,3,4.0,4,0.05552240196513762,240,13.32537647163303,3.997612941489909,4.0,-0.0023870585100911335,Low,0
CUST_07870,Female,22,Canada,Berlin,Individual,35,Monthly,25,6,2,20,700,1,2,3.0,-15,0.05978210745124508,240,14.347705788298818,4.3043117364896455,4.0,0.3043117364896455,Low,0
CUST_09617,Male,26,UK,Dhaka,Individual,51,Monthly,8,3,4,10,510,0,4,3.0,72,0.061764229856146595,120,7.411707582737591,2.2235122748212772,2.0,0.22351227482127722,Low,0
CUST_01832,Male,63,UK,Berlin,Individual,35,Monthly,12,5,10,50,1750,1,0,4.0,54,0.05041387002122472,600,30.248322012734835,9.07449660382045,10.0,-0.9255033961795505,Low,0
CUST_08184,Female,38,Bangladesh,Dhaka,Individual,37,Monthly,33,1,14,30,1110,3,0,1.0,8,0.225581674601488,360,81.20940285653569,24.362820856960706,6.0,18.362820856960706,High,0
CUST_02742,Female,43,USA,London,Individual,43,Quarterly,26,0,18,10,430,1,1,3.0,54,0.05919736404404552,120,7.103683685285462,2.1311051055856387,2.0,0.1311051055856387,Low,0
CUST_02241,Male,36,Bangladesh,Sydney,SME,29,Quarterly,10,2,7,70,2030,0,0,3.0,29,0.04556341993046216,840,38.273272741588215,11.481981822476465,14.0,-2.518018177523535,Low,0
CUST_04698,Male,31,Australia,Toronto,SME,40,Monthly,29,5,2,30,1200,0,1,5.0,46,0.05128708998089093,360,18.463352393120736,5.539005717936221,6.0,-0.4609942820637789,Low,0
CUST_06231,Male,41,Canada,Dhaka,SME,45,Monthly,0,7,1,20,900,1,1,2.0,33,0.3632794751973184,240,87.18707404735642,26.156122214206924,4.0,22.156122214206924,High,1
CUST_04074,Male,42,India,Toronto,Individual,30,Quarterly,12,7,9,100,3000,0,4,3.0,-19,0.07267805541929177,1200,87.21366650315012,26.164099950945037,20.0,6.164099950945037,Low,0
CUST_04185,Female,62,USA,Sydney,SME,42,Monthly,5,0,21,30,1260,0,0,3.0,-31,0.10860230702328044,360,39.09683052838096,11.729049158514288,6.0,5.729049158514288,Low,0
CUST_01541,Male,36,Germany,London,SME,8,Yearly,18,0,11,100,800,1,1,4.0,33,0.07600876303154726,1200,91.21051563785672,27.363154691357014,20.0,7.363154691357014,Low,0
CUST_00356,Male,36,Germany,Toronto,Individual,56,Quarterly,11,4,2,10,560,2,2,4.0,100,0.19727509259168158,120,23.673011111001788,7.101903333300537,2.0,5.101903333300537,High,0
CUST_03800,Male,60,Germany,Dhaka,Individual,57,Quarterly,21,4,38,30,1710,1,0,5.0,13,0.11130039484570259,360,40.068142144452935,12.02044264333588,6.0,6.02044264333588,Low,0
CUST_06284,Male,21,Germany,Berlin,SME,26,Monthly,5,7,12,30,780,0,0,4.0,64,0.1069508148427865,360,38.50229334340314,11.550688003020941,6.0,5.550688003020941,Low,0
CUST_02848,Female,44,India,Sydney,Individual,57,Yearly,17,6,3,70,3990,0,0,3.0,53,0.08904081814099053,840,74.79428723843205,22.438286171529615,14.0,8.438286171529615,Low,0
CUST_09098,Male,69,India,Toronto,SME,8,Quarterly,31,3,5,20,160,0,1,4.0,17,0.07384180777470718,240,17.722033865929724,5.316610159778917,4.0,1.316610159778917,Low,0
CUST_04360,Male,39,India,New York,Individual,45,Quarterly,8,6,2,20,900,3,0,2.0,42,0.2882247857705508,240,69.17394858493219,20.752184575479657,4.0,16.752184575479657,High,0
CUST_01747,Female,19,Germany,Sydney,Individual,1,Quarterly,15,2,7,10,10,0,4,4.0,33,0.3269665547427858,120,39.2359865691343,11.77079597074029,2.0,9.77079597074029,High,0
CUST_04682,Male,61,USA,Berlin,Individual,39,Monthly,13,5,4,30,1170,1,2,2.0,-8,0.24344272976706846,360,87.63938271614465,26.291814814843395,6.0,20.291814814843395,High,1
CUST_04790,Male,56,Australia,London,Enterprise,17,Monthly,12,2,2,10,170,4,1,4.0,83,0.36950864966732777,120,44.34103796007933,13.3023113880238,2.0,11.3023113880238,High,1
CUST_05969,Male,42,Bangladesh,New York,Individual,17,Monthly,21,5,8,10,170,0,2,3.0,6,0.059234617724008086,120,7.1081541268809705,2.1324462380642912,2.0,0.13244623806429123,Low,0
CUST_02367,Female,73,UK,Dhaka,Individual,38,Quarterly,11,7,6,20,760,1,0,2.0,27,0.29521806640350456,240,70.8523359368411,21.25570078105233,4.0,17.25570078105233,High,0
CUST_07301,Female,34,Canada,Toronto,Individual,1,Quarterly,31,6,0,20,20,1,0,4.0,100,0.24944974644852858,240,59.86793914764686,17.960381744294057,4.0,13.960381744294057,High,1
CUST_09342,Male,44,UK,Dhaka,Individual,21,Monthly,31,3,0,20,420,1,1,5.0,32,0.04250140251760786,240,10.200336604225887,3.060100981267766,4.0,-0.939899018732234,Low,0
CUST_05444,Male,54,India,Dhaka,Individual,20,Quarterly,7,2,17,50,1000,3,0,3.0,17,0.22540343916994607,600,135.24206350196764,40.57261905059029,10.0,30.57261905059029,High,0
CUST_03042,Female,18,Australia,New York,SME,11,Quarterly,3,1,4,20,220,0,0,3.0,19,0.24973548208301347,240,59.936515699923234,17.98095470997697,4.0,13.98095470997697,High,0
CUST_05744,Female,42,USA,Sydney,SME,6,Quarterly,38,3,20,50,300,1,1,4.0,-1,0.09009864533655844,600,54.05918720193506,16.217756160580517,10.0,6.217756160580517,Low,0
CUST_09338,Female,35,Canada,Berlin,SME,47,Quarterly,24,6,6,20,940,0,1,2.0,60,0.30856728530512945,240,74.05614847323106,22.21684454196932,4.0,18.21684454196932,High,0
CUST_09497,Male,55,Germany,Berlin,Individual,41,Monthly,19,4,0,30,1230,0,0,3.0,31,0.023592065601838373,360,8.493143616661815,2.5479430849985443,6.0,-3.4520569150014557,Low,0
CUST_07693,Female,44,USA,Delhi,SME,8,Quarterly,29,0,1,10,80,1,2,3.0,8,0.13346890353018784,120,16.01626842362254,4.8048805270867625,2.0,2.8048805270867625,Low,0
CUST_03533,Female,41,USA,Delhi,Individual,6,Quarterly,18,6,9,50,300,0,1,5.0,0,0.09932349019481432,600,59.59409411688859,17.878228235066576,10.0,7.878228235066576,Low,0
CUST_06381,Male,64,Canada,Berlin,Individual,18,Quarterly,39,4,0,100,1800,0,1,4.0,100,0.0689001516012262,1200,82.68018192147144,24.804054576441434,20.0,4.804054576441434,Low,0
CUST_01442,Female,19,India,Toronto,Enterprise,34,Monthly,6,3,10,10,340,1,1,3.0,98,0.09367212915481585,120,11.240655498577901,3.3721966495733704,2.0,1.3721966495733704,Low,0
CUST_08734,Male,70,Bangladesh,Sydney,Individual,12,Monthly,22,0,21,20,240,0,1,4.0,-29,0.08902221718742319,240,21.365332124981567,6.40959963749447,4.0,2.4095996374944697,Low,0
CUST_06056,Female,70,UK,New York,Individual,37,Monthly,19,4,35,10,370,0,0,3.0,-53,0.0935354259810113,120,11.224251117721357,3.367275335316407,2.0,1.3672753353164069,Low,0
CUST_05430,Female,41,Germany,Toronto,Enterprise,15,Monthly,25,6,0,50,750,1,3,4.0,20,0.05125158332774688,600,30.750949996648128,9.225284998994438,10.0,-0.7747150010055623,Low,0
CUST_01094,Male,55,Australia,London,Individual,58,Monthly,11,4,7,10,580,0,2,1.0,-6,0.2778635202403541,120,33.343622428842494,10.003086728652749,2.0,8.003086728652749,High,0
CUST_04188,Female,52,UK,Berlin,Individual,58,Monthly,7,1,7,20,1160,0,2,3.0,79,0.06436439701993339,240,15.447455284784015,4.634236585435204,4.0,0.6342365854352039,Low,0
CUST_07914,Male,58,India,Dhaka,SME,7,Yearly,15,5,3,20,140,1,0,3.0,-25,0.09068383007815912,240,21.76411921875819,6.5292357656274564,4.0,2.5292357656274564,Low,0
CUST_05384,Female,21,Australia,Sydney,Individual,32,Monthly,28,0,16,10,320,1,1,2.0,-59,0.16496930978466148,120,19.796317174159377,5.938895152247813,2.0,3.938895152247813,High,0
CUST_02455,Male,50,UK,Delhi,Individual,20,Yearly,29,6,11,30,600,0,1,4.0,39,0.0729602538096444,360,26.265691371471984,7.879707411441595,6.0,1.8797074114415953,Low,0
CUST_03317,Female,68,India,London,Individual,57,Quarterly,49,5,21,20,1140,1,0,3.0,-40,0.10482913207556255,240,25.15899169813501,7.547697509440503,4.0,3.5476975094405034,Low,0
CUST_01875,Female,38,Bangladesh,New York,Individual,9,Yearly,14,0,2,20,180,0,2,3.0,15,0.10478005971553134,240,25.147214331727522,7.544164299518256,4.0,3.544164299518256,Low,0
CUST_04653,Female,60,UK,New York,Individual,38,Yearly,1,3,14,100,3800,1,1,4.0,10,0.1955206328897355,1200,234.62475946768262,70.38742784030478,20.0,50.38742784030478,High,0
CUST_07617,Male,54,Australia,Berlin,Individual,4,Yearly,22,2,1,100,400,1,3,4.0,12,0.2408487003089267,1200,289.018440370712,86.7055321112136,20.0,66.7055321112136,High,0
CUST_05005,Female,30,USA,Toronto,Individual,11,Yearly,10,3,10,20,220,1,3,3.0,27,0.1539689904557225,240,36.952557709373394,11.085767312812019,4.0,7.085767312812019,High,0
CUST_09268,Male,40,Australia,Dhaka,Individual,56,Monthly,30,7,1,70,3920,1,2,4.0,43,0.09105202817017656,840,76.48370366294832,22.945111098884492,14.0,8.945111098884492,Low,0
CUST_06246,Male,35,India,London,Individual,25,Monthly,2,0,14,50,1250,2,1,5.0,56,0.2101476897972626,600,126.08861387835755,37.82658416350726,10.0,27.826584163507263,High,0
CUST_07679,Male,73,India,Dhaka,Individual,27,Monthly,21,0,13,10,270,1,1,2.0,11,0.26246398049403186,120,31.49567765928382,9.448703297785146,2.0,7.448703297785146,High,0
CUST_03936,Female,58,Australia,Dhaka,Enterprise,8,Monthly,12,0,4,10,80,1,0,2.0,7,0.22980129329334104,120,27.576155195200926,8.272846558560277,2.0,6.272846558560277,High,0
CUST_07045,Female,42,Germany,Delhi,SME,29,Monthly,14,2,11,70,2030,1,2,3.0,0,0.05314613334693713,840,44.64275201142719,13.392825603428157,14.0,-0.6071743965718426,Low,0
CUST_07291,Female,45,Germany,London,Individual,32,Monthly,15,5,6,30,960,1,2,4.0,-48,0.09560951127868074,360,34.41942406032506,10.325827218097519,6.0,4.325827218097519,Low,0
CUST_00877,Female,73,Germany,Dhaka,Individual,6,Monthly,7,1,8,100,600,0,0,3.0,51,0.0988869619004687,1200,118.66435428056243,35.599306284168726,20.0,15.599306284168726,Low,0
CUST_02288,Male,54,Australia,Berlin,Individual,3,Yearly,28,2,1,20,60,0,1,4.0,35,0.38836476914102563,240,93.20754459384615,27.962263378153846,4.0,23.962263378153846,High,0
CUST_07345,Male,21,Germany,Toronto,Individual,13,Monthly,31,3,0,50,650,0,0,5.0,57,0.0664620676757372,600,39.877240605442324,11.963172181632697,10.0,1.9631721816326966,Low,0
CUST_00916,Female,24,USA,New York,Individual,29,Monthly,15,3,2,10,290,0,0,3.0,24,0.07967172641965158,120,9.560607170358189,2.868182151107457,2.0,0.8681821511074568,Low,0
CUST_06802,Female,41,Canada,Dhaka,SME,6,Monthly,21,5,10,30,180,1,1,3.0,4,0.07879931862411689,360,28.36775470468208,8.510326411404623,6.0,2.5103264114046233,Low,0
CUST_02079,Male,30,India,Toronto,Individual,15,Monthly,19,6,20,10,150,0,0,3.0,-33,0.06436536006238441,120,7.72384320748613,2.317152962245839,2.0,0.3171529622458391,Low,0
CUST_00310,Female,61,UK,Berlin,Enterprise,47,Quarterly,17,3,1,30,1410,0,0,3.0,-8,0.029422560073970032,360,10.592121626629211,3.1776364879887633,6.0,-2.8223635120112367,Low,0
CUST_00674,Female,41,Bangladesh,Toronto,Individual,12,Quarterly,34,1,3,50,600,1,3,4.0,-58,0.06776986209950314,600,40.66191725970189,12.198575177910566,10.0,2.1985751779105662,Low,0
CUST_07158,Male,21,India,Sydney,SME,17,Monthly,29,5,4,50,850,0,2,3.0,-29,0.05282137673107979,600,31.692826038647873,9.507847811594361,10.0,-0.49215218840563857,Low,0
CUST_04065,Male,34,Bangladesh,London,Individual,13,Monthly,8,7,6,30,390,1,1,1.0,62,0.2712446056113563,360,97.64805802008827,29.29441740602648,6.0,23.29441740602648,High,0
CUST_06712,Female,71,Germany,Berlin,Individual,23,Quarterly,9,7,1,50,1150,2,0,4.0,-3,0.20472407235337345,600,122.83444341202407,36.85033302360722,10.0,26.85033302360722,High,0
CUST_04966,Female,19,USA,Berlin,SME,36,Quarterly,18,3,15,50,1800,1,2,4.0,100,0.06260110842496192,600,37.56066505497715,11.268199516493144,10.0,1.2681995164931443,Low,0
CUST_02814,Female,50,USA,Berlin,Individual,40,Yearly,4,7,0,10,400,1,0,5.0,12,0.21447593408328014,120,25.737112089993616,7.721133626998085,2.0,5.721133626998085,High,0
CUST_05863,Male,62,Germany,Delhi,Individual,56,Monthly,15,0,44,10,560,1,0,4.0,-13,0.13386584858085682,120,16.063901829702818,4.819170548910845,2.0,2.8191705489108454,Low,1
CUST_00528,Female,66,USA,Toronto,Individual,20,Monthly,34,5,1,50,1000,0,4,2.0,-34,0.2159736407837464,600,129.58418447024783,38.87525534107435,10.0,28.87525534107435,High,1
CUST_06096,Male,25,Australia,Sydney,Individual,39,Monthly,42,4,1,20,780,0,1,5.0,50,0.03706558898906174,240,8.895741357374817,2.668722407212445,4.0,-1.331277592787555,Low,0
CUST_01592,Male,35,Australia,Delhi,Individual,46,Monthly,20,5,2,50,2300,2,2,5.0,81,0.14664615057037902,600,87.98769034222741,26.39630710266822,10.0,16.39630710266822,Low,1
CUST_07666,Male,60,UK,Sydney,SME,31,Monthly,51,0,2,70,2170,1,1,4.0,22,0.07553953752964265,840,63.45321152489983,19.035963457469947,14.0,5.035963457469947,Low,0
CUST_03508,Male,35,USA,Delhi,Individual,44,Monthly,20,3,2,20,880,0,2,4.0,-27,0.049761301759293934,240,11.942712422230544,3.5828137266691633,4.0,-0.4171862733308367,Low,0
CUST_03095,Male,50,Germany,London,Individual,50,Monthly,34,5,30,70,3500,0,2,2.0,77,0.22840492794210632,840,191.8601394713693,57.55804184141079,14.0,43.55804184141079,High,0
CUST_07736,Female,18,Germany,Sydney,SME,23,Yearly,22,1,1,10,230,0,1,2.0,-7,0.24090235334442872,120,28.908282401331448,8.672484720399433,2.0,6.672484720399433,High,0
CUST_01056,Male,66,Canada,Delhi,SME,2,Monthly,20,7,34,70,140,1,0,5.0,100,0.3838055369660872,840,322.39665105151323,96.71899531545397,14.0,82.71899531545397,High,1
CUST_05303,Female,47,India,New York,SME,45,Quarterly,15,4,13,100,4500,0,0,2.0,-33,0.2749279835591301,1200,329.9135802709561,98.97407408128683,20.0,78.97407408128683,High,0
CUST_04711,Male,33,USA,Sydney,Individual,31,Monthly,26,4,1,70,2170,1,0,2.0,-33,0.220401914533868,840,185.13760820844914,55.54128246253474,14.0,41.54128246253474,High,0
CUST_07730,Male,43,India,Delhi,Individual,22,Quarterly,47,2,5,30,660,1,0,4.0,55,0.07756616006267597,360,27.923817622563348,8.377145286769004,6.0,2.3771452867690037,Low,0
CUST_02192,Male,56,Australia,London,Individual,46,Quarterly,22,6,14,20,920,0,0,3.0,6,0.040306070209957044,240,9.673456850389691,2.902037055116907,4.0,-1.097962944883093,Low,0
CUST_01013,Female,28,Canada,Delhi,Individual,19,Yearly,21,2,1,10,190,0,0,2.0,57,0.24327743233719937,120,29.193291880463924,8.757987564139176,2.0,6.757987564139176,High,0
CUST_01506,Male,61,Bangladesh,Berlin,Enterprise,28,Monthly,28,3,27,50,1400,0,1,3.0,9,0.03680321564958854,600,22.081929389753125,6.624578816925937,10.0,-3.375421183074063,Low,0
CUST_06278,Female,54,USA,Berlin,SME,44,Quarterly,18,7,11,100,4400,0,1,2.0,41,0.2518537867167984,1200,302.2245440601581,90.66736321804743,20.0,70.66736321804743,High,0
CUST_06555,Male,36,UK,Berlin,Individual,25,Quarterly,35,6,7,10,250,1,0,4.0,53,0.05071327836118842,120,6.08559340334261,1.825678021002783,2.0,-0.17432197899721702,Low,0
CUST_03105,Female,73,India,Berlin,Individual,23,Yearly,0,4,19,70,1610,2,2,3.0,56,0.29416135700629603,840,247.09553988528867,74.1286619655866,14.0,60.1286619655866,High,0
CUST_04727,Male,67,Australia,Toronto,Individual,42,Monthly,25,6,4,50,2100,0,0,4.0,5,0.034073676463755434,600,20.44420587825326,6.133261763475978,10.0,-3.8667382365240224,Low,0
CUST_06026,Male,24,Bangladesh,Sydney,Individual,51,Monthly,18,2,49,10,510,1,0,2.0,0,0.22556217316310148,120,27.067460779572176,8.120238233871653,2.0,6.120238233871653,High,1
CUST_03475,Male,37,Germany,Delhi,Enterprise,46,Monthly,26,2,14,10,460,1,1,4.0,-30,0.06841733665838574,120,8.210080399006289,2.4630241197018865,2.0,0.4630241197018865,Low,0
CUST_07976,Female,20,Bangladesh,Berlin,Individual,32,Yearly,17,7,17,70,2240,1,1,4.0,5,0.04983419409746649,840,41.86072304187185,12.558216912561555,14.0,-1.441783087438445,Low,0
CUST_04199,Male,66,UK,New York,Individual,5,Yearly,29,5,6,50,250,0,0,4.0,-20,0.282095322949938,600,169.2571937699628,50.777158130988845,10.0,40.777158130988845,High,1
CUST_06904,Male,62,Australia,Toronto,Individual,56,Monthly,23,0,0,30,1680,0,1,3.0,100,0.03770468446125697,360,13.57368640605251,4.072105921815752,6.0,-1.9278940781842477,Low,0
CUST_00540,Female,67,UK,New York,SME,9,Monthly,31,3,2,30,270,2,1,1.0,31,0.32138893807061236,360,115.70001770542045,34.710005311626134,6.0,28.710005311626134,High,1
CUST_09820,Female,74,UK,Delhi,Individual,11,Monthly,16,3,2,20,220,1,0,4.0,-58,0.10460891691782671,240,25.10614006027841,7.531842018083522,4.0,3.5318420180835224,Low,0
CUST_00418,Female,66,Canada,Delhi,Enterprise,19,Quarterly,15,0,3,50,950,0,0,4.0,-57,0.06967066252783623,600,41.80239751670174,12.54071925501052,10.0,2.5407192550105204,Low,0
CUST_02028,Female,32,India,Toronto,Individual,34,Quarterly,13,1,6,20,680,1,1,4.0,17,0.047435445786875065,240,11.384506988850015,3.4153520966550044,4.0,-0.5846479033449956,Low,0
CUST_08338,Female,34,USA,Sydney,Individual,19,Quarterly,8,6,3,20,380,0,1,5.0,52,0.09379509246762979,240,22.51082219223115,6.753246657669345,4.0,2.7532466576693446,Low,0
CUST_04943,Female,68,Germany,Delhi,Individual,48,Yearly,13,7,1,20,960,1,0,4.0,-2,0.052940628810654505,240,12.70575091455708,3.811725274367124,4.0,-0.18827472563287584,Low,0
CUST_08080,Male,65,Australia,New York,Individual,5,Quarterly,21,4,6,20,100,1,1,3.0,9,0.25840399455250024,240,62.016958692600056,18.605087607780018,4.0,14.605087607780018,High,1
CUST_03078,Male,65,UK,New York,Individual,13,Monthly,20,6,5,10,130,0,2,5.0,-95,0.12131599284576908,120,14.55791914149229,4.3673757424476864,2.0,2.3673757424476864,Low,0
CUST_01192,Male,54,India,Berlin,Individual,50,Yearly,12,1,41,30,1500,0,2,4.0,11,0.13839421484467732,360,49.821917344083836,14.94657520322515,6.0,8.94657520322515,Low,0
CUST_01352,Female,46,USA,New York,SME,46,Quarterly,31,0,10,10,460,0,2,4.0,13,0.035126079002635154,120,4.215129480316218,1.2645388440948653,2.0,-0.7354611559051347,Low,0
CUST_03405,Male,48,Australia,New York,SME,32,Quarterly,0,5,0,10,320,0,1,2.0,-16,0.2731317331643049,120,32.77580797971659,9.832742393914977,2.0,7.832742393914977,High,1
CUST_05918,Female,70,India,Sydney,Individual,48,Monthly,9,7,0,50,2400,0,1,4.0,-17,0.06471547094627422,600,38.82928256776454,11.64878477032936,10.0,1.6487847703293603,Low,0
CUST_02287,Male,25,UK,Toronto,SME,12,Monthly,7,6,6,50,600,1,3,5.0,100,0.0546103050823845,600,32.7661830494307,9.82985491482921,10.0,-0.1701450851707893,Low,0
CUST_03068,Male,58,UK,Berlin,Individual,58,Quarterly,15,3,14,30,1740,0,0,3.0,26,0.07443688691174326,360,26.79727928822757,8.039183786468271,6.0,2.0391837864682714,Low,0
CUST_06024,Male,68,India,Dhaka,Individual,52,Monthly,31,4,1,50,2600,0,1,2.0,-12,0.21084317544156048,600,126.50590526493629,37.951771579480884,10.0,27.951771579480884,High,0
CUST_06220,Male,48,Canada,Toronto,Individual,41,Quarterly,35,6,37,10,410,1,1,2.0,-53,0.21372615626593766,120,25.647138751912518,7.694141625573755,2.0,5.694141625573755,High,0
CUST_05389,Female,61,Canada,London,Individual,27,Monthly,15,1,11,10,270,1,2,3.0,-31,0.07955222604340687,120,9.546267125208823,2.863880137562647,2.0,0.863880137562647,Low,0
CUST_04078,Male,50,India,New York,Individual,39,Quarterly,6,4,12,30,1170,0,0,5.0,43,0.05593222293377269,360,20.135600256158167,6.04068007684745,6.0,0.04068007684745023,Low,0
CUST_05064,Female,54,Australia,New York,Individual,13,Monthly,7,2,3,20,260,0,0,3.0,-8,0.13785307803674676,240,33.084738728819225,9.925421618645768,4.0,5.9254216186457676,Low,0
CUST_05537,Male,29,Bangladesh,Toronto,Individual,2,Monthly,13,3,0,10,20,0,0,4.0,14,0.2647980290742823,120,31.775763488913874,9.532729046674161,2.0,7.532729046674161,High,0
CUST_08942,Male,38,Canada,New York,Individual,23,Quarterly,24,2,25,20,460,0,0,3.0,-5,0.09686229785356743,240,23.246951484856183,6.974085445456855,4.0,2.974085445456855,Low,0
CUST_09091,Male,30,USA,Toronto,Individual,11,Yearly,16,2,14,20,220,0,1,5.0,84,0.06845555524727892,240,16.42933325934694,4.928799977804082,4.0,0.9287999778040819,Low,0
CUST_05724,Male,29,Australia,Dhaka,SME,27,Quarterly,14,7,0,10,270,0,0,3.0,-61,0.07377338570263124,120,8.852806284315749,2.6558418852947248,2.0,0.6558418852947248,Low,0
CUST_07895,Female,62,India,Sydney,Enterprise,46,Quarterly,10,7,10,30,1380,1,0,4.0,-9,0.08729139766397102,360,31.42490315902957,9.427470947708871,6.0,3.427470947708871,Low,0
CUST_03989,Male,56,USA,Dhaka,SME,53,Quarterly,23,4,18,20,1060,1,0,3.0,13,0.06420085545014984,240,15.40820530803596,4.6224615924107875,4.0,0.6224615924107875,Low,0
CUST_01133,Female,40,India,New York,SME,34,Yearly,8,0,25,10,340,0,1,2.0,7,0.2899947788671842,120,34.79937346406211,10.439812039218632,2.0,8.439812039218632,High,1
CUST_00438,Female,41,Canada,Delhi,Individual,38,Quarterly,17,4,2,70,2660,0,1,3.0,37,0.05201575648566376,840,43.69323544795756,13.107970634387268,14.0,-0.892029365612732,Low,0
CUST_01037,Female,37,Australia,Dhaka,SME,25,Yearly,16,0,13,20,500,0,2,5.0,35,0.07375827642105726,240,17.70198634105374,5.3105959023161216,4.0,1.3105959023161216,Low,0
CUST_04891,Female,25,Canada,Toronto,Individual,18,Quarterly,15,2,12,20,360,0,1,3.0,1,0.05624029235424828,240,13.497670165019587,4.049301049505876,4.0,0.04930104950587566,Low,0
CUST_06178,Male,56,USA,Toronto,Individual,58,Monthly,35,0,1,10,580,0,1,3.0,52,0.05781394362129879,120,6.937673234555855,2.0813019703667566,2.0,0.08130197036675657,Low,0
CUST_04212,Female,39,UK,Berlin,SME,32,Monthly,8,4,4,30,960,2,3,4.0,14,0.2392933873847962,360,86.14561945852662,25.843685837557988,6.0,19.843685837557988,High,0
CUST_03040,Male,43,Australia,Berlin,Enterprise,22,Yearly,7,6,21,30,660,1,2,4.0,0,0.06404048427785276,360,23.054574340026996,6.9163723020080985,6.0,0.9163723020080985,Low,0
CUST_09769,Female,74,Canada,Sydney,Individual,39,Monthly,9,4,28,20,780,0,2,4.0,58,0.13103706898170628,240,31.448896555609508,9.434668966682851,4.0,5.434668966682851,Low,0
CUST_09882,Male,68,India,Delhi,SME,1,Yearly,12,7,33,10,10,2,0,5.0,42,0.3646690026578158,120,43.7602803189379,13.12808409568137,2.0,11.12808409568137,High,0
CUST_03097,Female,47,UK,Toronto,Individual,46,Yearly,7,4,3,50,2300,0,1,3.0,8,0.052197660708937624,600,31.318596425362575,9.395578927608772,10.0,-0.6044210723912276,Low,1
CUST_04445,Female,41,India,Dhaka,Enterprise,2,Quarterly,28,1,0,50,100,1,2,3.0,92,0.2907884132609789,600,174.47304795658732,52.34191438697619,10.0,42.34191438697619,High,0
CUST_00142,Male,50,Australia,Sydney,SME,7,Monthly,36,7,7,20,140,1,3,4.0,-51,0.13244062268534026,240,31.785749444481663,9.5357248333445,4.0,5.535724833344499,Low,0
CUST_03335,Male,59,India,Dhaka,SME,15,Monthly,16,3,6,20,300,0,1,3.0,76,0.06932660528856543,240,16.638385269255703,4.991515580776711,4.0,0.9915155807767109,Low,0
CUST_07915,Female,49,USA,Berlin,Individual,58,Monthly,27,3,11,70,4060,0,1,1.0,23,0.3010772838025897,840,252.90491839417535,75.87147551825261,14.0,61.87147551825261,High,0
CUST_08420,Female,22,Canada,Toronto,Individual,48,Quarterly,12,2,27,10,480,0,1,5.0,100,0.09807435938297047,120,11.768923125956457,3.530676937786937,2.0,1.5306769377869371,Low,0
CUST_09426,Male,42,Australia,Sydney,Enterprise,44,Quarterly,11,0,13,50,2200,1,1,4.0,94,0.05951576662647466,600,35.7094599758848,10.712837992765438,10.0,0.7128379927654382,Low,0
CUST_05359,Female,67,Canada,New York,Enterprise,33,Quarterly,14,1,6,20,660,1,2,3.0,-14,0.1015070444098546,240,24.361690658365102,7.30850719750953,4.0,3.30850719750953,Low,0
CUST_08774,Male,64,UK,Toronto,Individual,12,Monthly,8,0,5,30,360,1,0,2.0,73,0.21451262126065007,360,77.22454365383402,23.167363096150204,6.0,17.167363096150204,High,0
CUST_07482,Female,20,India,Delhi,SME,41,Monthly,22,6,12,20,820,1,1,5.0,9,0.08395783505052357,240,20.149880412125654,6.044964123637696,4.0,2.044964123637696,Low,0
CUST_09423,Male,42,Bangladesh,Berlin,SME,9,Monthly,7,0,12,30,270,1,2,4.0,57,0.1052905690103299,360,37.904604843718765,11.37138145311563,6.0,5.37138145311563,Low,0
CUST_03753,Male,61,UK,London,Individual,4,Monthly,32,5,0,50,200,2,0,3.0,9,0.3551590108875642,600,213.0954065325385,63.92862195976155,10.0,53.92862195976155,High,1
CUST_04948,Female,71,Australia,Dhaka,SME,52,Quarterly,22,6,12,20,1040,1,3,4.0,41,0.0583308543643167,240,13.999405047436008,4.199821514230802,4.0,0.19982151423080197,Low,0
CUST_01825,Male,69,Canada,Toronto,Individual,8,Quarterly,18,5,5,20,160,0,1,3.0,76,0.09224535271442383,240,22.13888465146172,6.641665395438515,4.0,2.6416653954385154,Low,0
CUST_03615,Female,68,Australia,Delhi,Enterprise,49,Monthly,22,5,11,50,2450,1,1,4.0,33,0.09839023948874566,600,59.034143693247394,17.710243107974218,10.0,7.710243107974218,Low,0
CUST_08975,Female,47,Bangladesh,Toronto,Individual,21,Yearly,5,2,12,100,2100,2,0,3.0,12,0.2386024167110754,1200,286.3229000532905,85.89687001598715,20.0,65.89687001598715,High,0
CUST_06663,Male,69,Bangladesh,New York,Individual,55,Yearly,38,7,12,20,1100,0,2,3.0,87,0.0592184601198804,240,14.212430428771295,4.263729128631389,4.0,0.26372912863138875,Low,0
CUST_08533,Female,49,Australia,London,Individual,29,Monthly,9,6,29,50,1450,1,1,3.0,20,0.05467674544079982,600,32.80604726447989,9.841814179343968,10.0,-0.1581858206560316,Low,0
CUST_07381,Female,61,Australia,Toronto,Individual,42,Monthly,21,2,15,70,2940,2,2,3.0,15,0.2689820243566864,840,225.94490045961658,67.78347013788498,14.0,53.783470137884976,High,0
CUST_03933,Male,55,Australia,Berlin,Individual,7,Monthly,11,7,11,20,140,0,0,4.0,18,0.12916617950116682,240,30.999883080280036,9.29996492408401,4.0,5.29996492408401,Low,0
CUST_06551,Male,34,Canada,Delhi,Individual,36,Quarterly,20,6,2,50,1800,0,0,2.0,4,0.22987460084598277,600,137.92476050758967,41.3774281522769,10.0,31.3774281522769,High,0
CUST_06642,Female,25,USA,Delhi,SME,59,Monthly,17,1,2,10,590,0,2,3.0,26,0.11420404327761668,120,13.704485193314003,4.111345557994201,2.0,2.111345557994201,Low,0
CUST_07743,Female,28,Australia,Sydney,Individual,16,Quarterly,16,5,4,30,480,0,2,4.0,39,0.06864982374317449,360,24.71393654754282,7.414180964262846,6.0,1.4141809642628456,Low,0
CUST_05660,Male,18,Bangladesh,Berlin,Enterprise,58,Yearly,14,0,12,50,2900,1,0,3.0,31,0.09141287842993048,600,54.84772705795829,16.454318117387487,10.0,6.454318117387487,Low,0
CUST_00899,Male,25,Bangladesh,Toronto,Individual,19,Monthly,13,0,6,10,190,0,1,5.0,48,0.09080840746787631,120,10.897008896145158,3.2691026688435474,2.0,1.2691026688435474,Low,0
CUST_04498,Female,26,Canada,London,Individual,24,Monthly,19,2,10,50,1200,0,2,3.0,-36,0.04354728304055341,600,26.128369824332044,7.838510947299612,10.0,-2.1614890527003876,Low,0
CUST_05040,Male,59,Germany,Dhaka,SME,59,Monthly,31,1,6,10,590,0,5,3.0,53,0.0672549030257754,120,8.070588363093048,2.4211765089279145,2.0,0.4211765089279145,Low,0
CUST_04122,Male,21,India,Dhaka,Individual,10,Yearly,5,3,1,30,300,0,1,3.0,25,0.09626068870526053,360,34.65384793389379,10.396154380168138,6.0,4.396154380168138,Low,0
CUST_04335,Female,73,Australia,Berlin,SME,5,Monthly,33,0,0,20,100,1,3,2.0,-12,0.3378942209156467,240,81.0946130197552,24.32838390592656,4.0,20.32838390592656,High,0
CUST_08439,Female,54,India,Berlin,SME,45,Quarterly,7,3,2,50,2250,0,2,3.0,46,0.082104099583527,600,49.2624597501162,14.778737925034859,10.0,4.778737925034859,Low,0
CUST_00137,Male,23,USA,Sydney,SME,58,Monthly,0,7,44,10,580,0,1,2.0,75,0.3292956795863385,120,39.51548155036062,11.854644465108185,2.0,9.854644465108185,High,1
CUST_02005,Female,28,USA,London,Individual,23,Monthly,22,5,6,10,230,0,2,4.0,-4,0.05035458361745667,120,6.0425500340948,1.81276501022844,2.0,-0.18723498977155995,Low,0
CUST_07590,Male,65,Germany,Sydney,SME,56,Monthly,19,1,11,50,2800,0,2,5.0,9,0.06347792036445418,600,38.08675221867251,11.426025665601752,10.0,1.4260256656017525,Low,0
CUST_07211,Male,72,India,Berlin,Individual,17,Monthly,18,7,35,20,340,2,0,2.0,-52,0.176743923702802,240,42.418541688672484,12.725562506601745,4.0,8.725562506601745,High,0
CUST_08519,Male,67,UK,Berlin,Individual,43,Monthly,14,4,4,20,860,0,0,4.0,55,0.04669976171530191,240,11.207942811672458,3.3623828435017376,4.0,-0.6376171564982624,Low,0
CUST_08885,Female,64,Germany,Sydney,Enterprise,20,Yearly,16,3,2,50,1000,1,3,3.0,-51,0.11769190587742974,600,70.61514352645784,21.18454305793735,10.0,11.18454305793735,Low,0
CUST_01347,Male,54,Canada,Berlin,Individual,33,Yearly,22,4,11,50,1650,2,0,3.0,12,0.19881548693414067,600,119.2892921604844,35.786787648145314,10.0,25.786787648145314,High,0
CUST_01385,Male,32,UK,Berlin,Individual,11,Yearly,13,0,23,10,110,0,2,3.0,64,0.14622551281450516,120,17.547061537740618,5.264118461322185,2.0,3.2641184613221847,Low,0
CUST_00792,Female,20,Bangladesh,London,SME,58,Quarterly,5,7,0,30,1740,0,2,3.0,23,0.10743860919936257,360,38.677899311770524,11.603369793531156,6.0,5.603369793531156,Low,0
CUST_02177,Female,22,Germany,Toronto,SME,19,Yearly,16,5,30,30,570,0,1,4.0,22,0.1034800851108917,360,37.25283063992101,11.175849191976303,6.0,5.175849191976303,Low,0
CUST_04209,Female,34,Bangladesh,London,Individual,50,Quarterly,17,1,2,30,1500,0,0,1.0,100,0.2447869196667656,360,88.12329108003561,26.436987324010683,6.0,20.436987324010683,High,0
CUST_09012,Male,34,Canada,New York,Individual,48,Monthly,9,2,9,20,960,0,2,4.0,-24,0.04145712169069361,240,9.949709205766467,2.98491276172994,4.0,-1.01508723827006,Low,0
CUST_01503,Female,57,Australia,Delhi,SME,35,Quarterly,10,7,9,50,1750,1,0,3.0,75,0.08305405113758785,600,49.83243068255271,14.949729204765813,10.0,4.949729204765813,Low,0
CUST_00652,Female,41,Australia,Berlin,SME,54,Yearly,12,7,5,50,2700,0,2,5.0,29,0.12991156491097386,600,77.94693894658431,23.384081683975293,10.0,13.384081683975293,Low,0
CUST_03178,Male,46,Australia,Sydney,Individual,33,Quarterly,22,0,1,20,660,0,2,2.0,4,0.22818833028799815,240,54.765199269119556,16.429559780735865,4.0,12.429559780735865,High,0
CUST_00554,Female,74,Bangladesh,New York,Individual,43,Monthly,18,6,5,30,1290,2,1,3.0,55,0.19676352669326747,360,70.83486960957629,21.250460882872886,6.0,15.250460882872886,High,0
CUST_08851,Female,63,USA,Toronto,Individual,20,Yearly,23,5,7,10,200,1,0,5.0,23,0.09612862604153503,120,11.535435124984204,3.4606305374952613,2.0,1.4606305374952613,Low,0
CUST_04463,Female,51,USA,Dhaka,SME,37,Yearly,30,5,20,100,3700,1,1,4.0,37,0.09087784291956158,1200,109.0534115034739,32.71602345104217,20.0,12.716023451042169,Low,0
CUST_06222,Male,33,Bangladesh,Dhaka,Individual,20,Monthly,20,2,3,30,600,0,4,3.0,49,0.035223804656932735,360,12.680569676495784,3.804170902948735,6.0,-2.195829097051265,Low,0
CUST_01713,Male,40,Bangladesh,Sydney,Individual,35,Yearly,1,4,0,50,1750,0,0,3.0,-9,0.25535878552689223,600,153.21527131613533,45.9645813948406,10.0,35.9645813948406,High,0
CUST_08237,Female,39,USA,Dhaka,Individual,30,Monthly,25,0,4,100,3000,0,1,5.0,100,0.07952344773632923,1200,95.42813728359508,28.628441185078522,20.0,8.628441185078522,Low,0
CUST_06470,Male,43,Australia,Delhi,Individual,48,Monthly,34,0,24,30,1440,3,2,3.0,67,0.16878372501871838,360,60.76214100673862,18.228642302021584,6.0,12.228642302021584,High,0
CUST_02864,Male,60,India,London,SME,59,Monthly,29,4,12,100,5900,2,2,3.0,96,0.18702757904824693,1200,224.43309485789632,67.3299284573689,20.0,47.329928457368894,High,0
CUST_00453,Female,20,Canada,Delhi,Individual,17,Yearly,15,0,8,20,340,0,0,4.0,44,0.09366994667106399,240,22.480787201055357,6.744236160316607,4.0,2.744236160316607,Low,0
CUST_00612,Female,19,UK,Delhi,SME,25,Monthly,3,2,0,30,750,1,1,5.0,14,0.18493033816305637,360,66.5749217387003,19.972476521610087,6.0,13.972476521610087,High,1
CUST_05101,Male,60,India,Delhi,Individual,46,Quarterly,22,0,21,70,3220,0,3,2.0,-5,0.20791186742463094,840,174.64596863669,52.393790591007,14.0,38.393790591007,High,0
CUST_09362,Male,19,Canada,New York,Individual,15,Quarterly,40,2,2,50,750,0,1,3.0,-52,0.056803870411865735,600,34.08232224711944,10.224696674135833,10.0,0.22469667413583316,Low,0
CUST_06086,Female,68,India,New York,SME,39,Monthly,24,6,10,50,1950,0,4,4.0,66,0.08174636196761034,600,49.047817180566206,14.71434515416986,10.0,4.714345154169861,Low,0
CUST_00058,Male,18,Bangladesh,Berlin,Individual,41,Quarterly,22,3,4,10,410,0,2,4.0,28,0.055757590520878315,120,6.6909108625053975,2.0072732587516193,2.0,0.007273258751619327,Low,0
CUST_02910,Male,63,UK,Dhaka,Enterprise,20,Quarterly,0,1,3,30,600,0,2,3.0,-6,0.292796913338519,360,105.40688880186683,31.622066640560046,6.0,25.622066640560046,High,1
CUST_03270,Female,29,India,Sydney,Individual,5,Quarterly,23,6,25,20,100,0,2,3.0,2,0.3597796835965092,240,86.34712406316221,25.904137218948662,4.0,21.904137218948662,High,0
CUST_01263,Male,54,India,Toronto,SME,43,Yearly,13,2,15,50,2150,0,0,3.0,-11,0.08236333397092664,600,49.41800038255599,14.825400114766795,10.0,4.825400114766795,Low,0
CUST_04774,Male,46,Germany,Dhaka,Individual,54,Yearly,15,4,8,70,3780,1,2,4.0,-31,0.10453839896134073,840,87.81225512752621,26.343676538257863,14.0,12.343676538257863,Low,0
CUST_09944,Female,25,UK,London,SME,53,Yearly,48,4,18,70,3710,0,1,4.0,39,0.09865933614403018,840,82.87384236098535,24.862152708295604,14.0,10.862152708295604,Low,0
CUST_06234,Female,68,Germany,Toronto,Individual,8,Monthly,36,4,2,70,560,0,2,3.0,28,0.0885099254716162,840,74.3483373961576,22.30450121884728,14.0,8.304501218847282,Low,1
CUST_07089,Male,67,Canada,Dhaka,SME,1,Quarterly,22,3,3,50,50,0,3,4.0,-8,0.3668950277022401,600,220.13701662134406,66.04110498640321,10.0,56.04110498640321,High,0
CUST_08330,Male,47,Canada,London,Individual,4,Monthly,0,0,5,10,40,1,0,5.0,-64,0.37523123236017975,120,45.02774788322157,13.508324364966471,2.0,11.508324364966471,High,1
CUST_08927,Female,28,Bangladesh,Berlin,Individual,25,Yearly,22,7,11,20,500,0,2,3.0,-44,0.0420288529320024,240,10.086924703680575,3.0260774111041724,4.0,-0.9739225888958276,Low,0
CUST_08890,Male,74,Germany,Delhi,Individual,24,Monthly,20,4,1,20,480,0,0,4.0,26,0.0726710805428602,240,17.44105933028645,5.232317799085934,4.0,1.2323177990859344,Low,0
CUST_06885,Male,40,Australia,New York,Individual,30,Monthly,8,3,12,50,1500,0,1,3.0,17,0.04587269860002017,600,27.5236191600121,8.257085748003629,10.0,-1.7429142519963712,Low,0
CUST_06187,Male,53,UK,Dhaka,Individual,54,Yearly,22,1,8,30,1620,0,3,3.0,14,0.044414777960002066,360,15.989320065600744,4.796796019680223,6.0,-1.2032039803197767,Low,0
CUST_08253,Female,20,Bangladesh,Delhi,SME,49,Monthly,22,2,25,50,2450,0,2,3.0,55,0.09232996106835407,600,55.39797664101244,16.61939299230373,10.0,6.61939299230373,Low,0
CUST_05920,Male,59,Australia,London,Individual,19,Yearly,13,6,3,20,380,0,1,3.0,-31,0.10247682394428766,240,24.594437746629037,7.378331323988711,4.0,3.3783313239887107,Low,0
CUST_07327,Female,47,Australia,Delhi,Individual,58,Quarterly,29,4,9,50,2900,0,1,5.0,-46,0.0707657062332541,600,42.459423739952456,12.737827121985736,10.0,2.7378271219857364,Low,0
CUST_04971,Female,61,India,London,Individual,47,Monthly,37,6,33,20,940,2,1,2.0,-42,0.22709347738349975,240,54.50243457203994,16.35073037161198,4.0,12.35073037161198,High,0
CUST_03543,Male,26,USA,Sydney,SME,3,Yearly,15,7,10,10,30,0,1,4.0,12,0.3147837819414224,120,37.774053832970694,11.332216149891208,2.0,9.332216149891208,High,0
CUST_02659,Male,65,India,Toronto,SME,42,Monthly,20,1,9,100,4200,0,1,4.0,3,0.062395004131737805,1200,74.87400495808537,22.46220148742561,20.0,2.4622014874256095,Low,0
CUST_06232,Male,34,USA,Toronto,Individual,6,Monthly,15,7,8,10,60,1,0,2.0,35,0.28822320100763105,120,34.58678412091572,10.376035236274717,2.0,8.376035236274717,High,0
CUST_00576,Female,74,Australia,London,Individual,34,Quarterly,21,1,1,20,680,0,3,4.0,-60,0.05667845049688976,240,13.602828119253541,4.080848435776062,4.0,0.08084843577606193,Low,0
CUST_04968,Male,25,Germany,Berlin,SME,32,Monthly,5,4,0,20,640,0,1,3.0,-25,0.11323095872783905,240,27.17543009468137,8.15262902840441,4.0,4.1526290284044105,Low,0
CUST_01899,Female,49,India,London,SME,52,Monthly,30,0,26,50,2600,0,0,3.0,37,0.138972735394345,600,83.38364123660699,25.015092370982096,10.0,15.015092370982096,Low,0
CUST_00535,Male,57,Canada,Dhaka,Individual,27,Monthly,0,2,11,50,1350,0,0,1.0,-32,0.42295627030414373,600,253.77376218248625,76.13212865474587,10.0,66.13212865474587,High,0
CUST_00285,Female,28,UK,Dhaka,SME,17,Monthly,27,0,0,10,170,0,2,3.0,23,0.08616997956303422,120,10.340397547564107,3.102119264269232,2.0,1.102119264269232,Low,0
CUST_01745,Female,44,Bangladesh,Berlin,SME,11,Monthly,17,6,2,30,330,0,2,4.0,-3,0.03918750524762675,360,14.10750188914563,4.232250566743689,6.0,-1.767749433256311,Low,0
CUST_03891,Female,34,UK,London,Individual,10,Yearly,18,5,3,30,300,0,3,4.0,-60,0.08267236914174392,360,29.76205289102781,8.928615867308343,6.0,2.928615867308343,Low,0
CUST_04194,Male,65,India,Berlin,SME,10,Quarterly,27,6,29,20,200,1,3,4.0,-22,0.10498687612316207,240,25.196850269558897,7.559055080867669,4.0,3.559055080867669,Low,0
CUST_01059,Female,65,Australia,Toronto,SME,51,Quarterly,22,6,1,50,2550,0,1,3.0,13,0.03064899091849439,600,18.389394551096633,5.51681836532899,10.0,-4.48318163467101,Low,0
CUST_02215,Female,36,Germany,Delhi,SME,34,Monthly,16,2,13,30,1020,0,3,1.0,8,0.3094402037706392,360,111.3984733574301,33.41954200722903,6.0,27.419542007229033,High,0
CUST_02330,Female,28,UK,Toronto,Individual,40,Quarterly,0,0,11,30,1200,1,1,5.0,20,0.23906848584459756,360,86.06465490405512,25.819396471216535,6.0,19.819396471216535,High,0
CUST_09985,Female,30,Bangladesh,Sydney,Individual,27,Yearly,25,0,8,30,810,1,1,3.0,-62,0.0750083268074324,360,27.002997650675663,8.100899295202698,6.0,2.100899295202698,Low,0
CUST_06781,Female,62,Australia,Berlin,Individual,11,Monthly,26,1,17,10,110,2,0,3.0,-32,0.22745074731672896,120,27.294089678007474,8.188226903402242,2.0,6.188226903402242,High,1
CUST_02276,Male,47,Bangladesh,Sydney,Individual,5,Quarterly,23,4,5,50,250,0,3,4.0,75,0.3240989136675062,600,194.4593482005037,58.33780446015111,10.0,48.33780446015111,High,1
CUST_06956,Female,19,India,London,SME,27,Monthly,0,4,1,10,270,1,0,4.0,-20,0.21336290841617409,120,25.603549009940892,7.681064702982267,2.0,5.681064702982267,High,0
CUST_01222,Female,41,USA,London,Individual,57,Monthly,0,5,0,20,1140,0,0,3.0,33,0.16322385457580318,240,39.17372509819276,11.752117529457829,4.0,7.752117529457829,High,0
CUST_07151,Female,21,Canada,Berlin,Individual,6,Quarterly,31,2,9,30,180,0,0,4.0,36,0.10923653691902271,360,39.32515329084818,11.797545987254454,6.0,5.797545987254454,Low,0
CUST_02542,Male,42,UK,Toronto,SME,51,Quarterly,33,7,2,10,510,0,2,3.0,-73,0.08332892402810461,120,9.999470883372554,2.9998412650117663,2.0,0.9998412650117663,Low,0
CUST_09957,Female,48,Australia,New York,Individual,29,Quarterly,15,1,8,20,580,1,1,3.0,-55,0.06389152155529207,240,15.333965173270096,4.600189551981028,4.0,0.6001895519810283,Low,0
CUST_04702,Male,47,UK,Sydney,SME,20,Monthly,20,7,20,20,400,1,2,4.0,13,0.06282493724589819,240,15.077984939015565,4.523395481704669,4.0,0.5233954817046689,Low,0
CUST_04261,Male,50,Australia,Delhi,Individual,22,Monthly,11,4,31,20,440,1,2,4.0,24,0.0889184407258316,240,21.340425774199584,6.402127732259875,4.0,2.402127732259875,Low,0
CUST_04398,Female,30,USA,Sydney,SME,58,Yearly,15,1,6,30,1740,1,0,5.0,-84,0.06478272918061705,360,23.321782505022135,6.9965347515066405,6.0,0.9965347515066405,Low,0
CUST_00764,Female,24,Australia,Dhaka,Individual,55,Quarterly,13,3,9,20,1100,0,2,4.0,-3,0.03626522205271233,240,8.703653292650959,2.6110959877952875,4.0,-1.3889040122047125,Low,0
CUST_01577,Male,56,India,Berlin,Individual,4,Quarterly,32,5,29,10,40,0,1,5.0,61,0.2576820232119948,120,30.921842785439374,9.276552835631811,2.0,7.276552835631811,High,0
CUST_03498,Male,70,Germany,New York,Individual,55,Monthly,32,5,9,10,550,1,0,4.0,38,0.06283917518962777,120,7.540701022755332,2.2622103068265997,2.0,0.26221030682659974,Low,0
CUST_08595,Male,69,UK,Dhaka,SME,56,Monthly,10,7,1,50,2800,1,3,2.0,-22,0.19971962399530124,600,119.83177439718075,35.94953231915422,10.0,25.949532319154223,High,0
CUST_03198,Male,51,Canada,Dhaka,Individual,58,Quarterly,14,2,3,70,4060,0,2,5.0,65,0.07726196959054893,840,64.9000544560611,19.47001633681833,14.0,5.470016336818329,Low,0
CUST_06653,Male,64,USA,London,Individual,30,Monthly,38,5,4,20,600,2,4,4.0,79,0.15030395674441052,240,36.07294961865853,10.821884885597557,4.0,6.821884885597557,High,0
CUST_05196,Male,33,Bangladesh,Toronto,Individual,45,Monthly,16,6,3,50,2250,2,1,3.0,52,0.13384866929307102,600,80.30920157584261,24.092760472752783,10.0,14.092760472752783,Low,0
CUST_07041,Female,48,Bangladesh,Delhi,SME,39,Quarterly,24,3,0,50,1950,0,0,3.0,55,0.028343077100739,600,17.005846260443402,5.10175387813302,10.0,-4.89824612186698,Low,0
CUST_09527,Female,47,Canada,New York,Enterprise,1,Monthly,23,6,45,20,20,0,0,3.0,-20,0.3388405887002714,240,81.32174128806514,24.39652238641954,4.0,20.39652238641954,High,1
CUST_03827,Female,51,Germany,New York,Individual,42,Yearly,21,1,9,30,1260,1,1,4.0,10,0.050272392967572195,360,18.09806146832599,5.429418440497797,6.0,-0.5705815595022026,Low,0
CUST_02997,Male,28,Australia,London,SME,17,Quarterly,7,3,8,30,510,1,1,4.0,-23,0.08844804821015761,360,31.841297355656742,9.552389206697022,6.0,3.552389206697022,Low,0
CUST_08752,Male,47,Canada,New York,Individual,12,Monthly,22,1,6,20,240,2,0,4.0,-49,0.25018886106309307,240,60.04532665514234,18.0135979965427,4.0,14.0135979965427,High,0
CUST_07891,Male,28,USA,Toronto,Enterprise,12,Monthly,14,6,3,20,240,0,1,3.0,37,0.07899493815046321,240,18.95878515611117,5.68763554683335,4.0,1.6876355468333504,Low,0
CUST_00627,Male,36,India,London,Individual,19,Monthly,19,7,27,30,570,0,1,4.0,26,0.06641854624258742,360,23.91067664733147,7.173202994199441,6.0,1.1732029941994409,Low,0
CUST_04977,Male,36,Canada,Delhi,Individual,55,Yearly,30,2,42,50,2750,0,1,2.0,-37,0.21816343225187354,600,130.89805935112412,39.269417805337234,10.0,29.269417805337234,High,1
CUST_01458,Female,61,India,Berlin,Individual,58,Monthly,17,6,0,50,2900,1,1,3.0,-48,0.04576013965050421,600,27.456083790302525,8.236825137090758,10.0,-1.763174862909242,Low,0
CUST_07796,Female,44,India,Sydney,Individual,25,Monthly,8,0,8,10,250,0,1,3.0,-10,0.11647713166807215,120,13.977255800168658,4.193176740050597,2.0,2.193176740050597,Low,0
CUST_08614,Female,63,Australia,Berlin,Individual,29,Quarterly,27,1,13,20,580,0,3,5.0,30,0.0384732751925618,240,9.233586046214832,2.7700758138644495,4.0,-1.2299241861355505,Low,0
CUST_06736,Female,25,Australia,Toronto,Individual,52,Monthly,16,4,16,20,1040,0,0,2.0,-4,0.3027736779209096,240,72.6656827010183,21.79970481030549,4.0,17.79970481030549,High,0
CUST_08987,Male,60,USA,London,SME,53,Yearly,22,5,31,20,1060,1,2,3.0,4,0.10851560473831223,240,26.043745137194936,7.813123541158481,4.0,3.8131235411584807,Low,0
CUST_00806,Female,69,Australia,Dhaka,Individual,8,Quarterly,23,7,0,30,240,0,2,2.0,62,0.21445309104584012,360,77.20311277650245,23.160933832950736,6.0,17.160933832950736,High,0
CUST_01870,Female,31,USA,London,SME,14,Yearly,17,7,2,20,280,1,2,4.0,-43,0.06998089371285837,240,16.79541449108601,5.038624347325803,4.0,1.0386243473258032,Low,0
CUST_08150,Female,34,Canada,Toronto,Individual,41,Monthly,17,4,13,70,2870,0,0,4.0,37,0.08225802086064261,840,69.09673752293979,20.729021256881936,14.0,6.729021256881936,Low,0
CUST_03544,Female,51,Australia,New York,Enterprise,13,Yearly,20,3,13,20,260,1,2,3.0,54,0.11775737933543132,240,28.261771040503515,8.478531312151054,4.0,4.478531312151054,Low,0
CUST_02235,Male,59,Australia,Berlin,Individual,5,Monthly,9,1,0,70,350,1,0,3.0,0,0.23997033539326465,840,201.5750817303423,60.47252451910269,14.0,46.47252451910269,High,1
CUST_05522,Female,33,USA,New York,SME,38,Monthly,20,3,0,50,1900,0,1,3.0,63,0.0783536645848161,600,47.01219875088966,14.103659625266898,10.0,4.103659625266898,Low,0
CUST_05187,Male,68,India,Dhaka,SME,3,Yearly,24,4,0,50,150,1,1,5.0,47,0.384667401431845,600,230.80044085910703,69.2401322577321,10.0,59.2401322577321,High,1
CUST_08121,Male,66,India,London,Enterprise,49,Monthly,21,1,18,20,980,0,0,2.0,38,0.19685890975522283,240,47.24613834125348,14.173841502376042,4.0,10.173841502376042,High,0
CUST_03395,Male,48,Australia,New York,Individual,41,Monthly,24,3,5,30,1230,0,0,5.0,-1,0.041743287916019625,360,15.027583649767065,4.508275094930119,6.0,-1.4917249050698809,Low,0
CUST_00255,Male,57,Canada,New York,SME,42,Monthly,30,3,2,10,420,1,3,4.0,52,0.023582366786302267,120,2.829884014356272,0.8489652043068816,2.0,-1.1510347956931184,Low,0
CUST_07766,Male,67,Canada,New York,Individual,15,Quarterly,21,7,10,70,1050,0,2,4.0,36,0.052957133783552504,840,44.483992378184105,13.345197713455232,14.0,-0.6548022865447685,Low,0
CUST_01099,Female,25,Bangladesh,London,Individual,26,Yearly,6,2,0,50,1300,0,0,3.0,88,0.061255256952311064,600,36.75315417138664,11.025946251415991,10.0,1.0259462514159914,Low,0
CUST_08231,Female,20,Canada,Toronto,Individual,42,Monthly,17,0,17,30,1260,2,1,4.0,-57,0.25476203029848077,360,91.71433090745307,27.51429927223592,6.0,21.51429927223592,High,0
CUST_02353,Male,69,Australia,Berlin,Individual,12,Quarterly,30,6,29,20,240,0,0,3.0,18,0.09426248576826543,240,22.622996584383703,6.78689897531511,4.0,2.7868989753151103,Low,0
CUST_03863,Male,68,Germany,Delhi,SME,59,Monthly,20,2,9,30,1770,0,1,4.0,40,0.0672783092052299,360,24.22019131388276,7.266057394164828,6.0,1.2660573941648279,Low,0
CUST_05479,Female,19,India,Berlin,Individual,20,Quarterly,9,1,13,10,200,1,2,3.0,2,0.1403887616879376,120,16.84665140255251,5.0539954207657525,2.0,3.0539954207657525,Low,0
CUST_02879,Male,23,USA,New York,Enterprise,29,Monthly,11,0,5,20,580,0,1,4.0,44,0.047691972312263436,240,11.446073354943225,3.4338220064829676,4.0,-0.5661779935170324,Low,0
CUST_08426,Male,33,Bangladesh,Dhaka,Individual,52,Monthly,21,2,9,20,1040,1,3,3.0,40,0.08637109076898326,240,20.729061784555984,6.218718535366795,4.0,2.2187185353667953,Low,0
CUST_03675,Male,31,Canada,Dhaka,Individual,28,Quarterly,25,4,12,30,840,0,4,2.0,70,0.21909224236166092,360,78.87320725019794,23.66196217505938,6.0,17.66196217505938,High,0
CUST_04675,Female,20,Canada,Sydney,Individual,26,Monthly,34,0,15,20,520,0,1,4.0,-24,0.07085729094829006,240,17.005749827589614,5.1017249482768845,4.0,1.1017249482768845,Low,0
CUST_08279,Female,70,Germany,Sydney,SME,8,Quarterly,9,7,11,50,400,0,1,4.0,26,0.06890505175842271,600,41.34303105505362,12.402909316516086,10.0,2.4029093165160855,Low,0
CUST_06831,Male,57,USA,Sydney,Individual,49,Quarterly,10,0,0,20,980,0,0,5.0,82,0.0395519249360081,240,9.492461984641944,2.847738595392583,4.0,-1.152261404607417,Low,0
CUST_02305,Male,22,Australia,Dhaka,Enterprise,50,Monthly,20,3,7,10,500,2,0,3.0,42,0.2060770135044406,120,24.72924162053287,7.418772486159861,2.0,5.418772486159861,High,0
CUST_09794,Female,25,UK,Toronto,SME,39,Quarterly,8,4,2,20,780,0,2,4.0,56,0.07426963775853725,240,17.82471306204894,5.347413918614682,4.0,1.3474139186146816,Low,0
CUST_07944,Female,21,India,Berlin,SME,16,Quarterly,23,6,2,10,160,0,2,5.0,-27,0.09204486680478055,120,11.045384016573665,3.3136152049720997,2.0,1.3136152049720997,Low,0
CUST_04826,Female,57,Bangladesh,Sydney,Individual,6,Quarterly,14,5,12,20,120,0,2,2.0,9,0.2127392010006333,240,51.057408240151986,15.317222472045595,4.0,11.317222472045595,High,1
CUST_02199,Female,21,Australia,New York,Individual,53,Quarterly,19,1,3,50,2650,0,1,2.0,91,0.31926312060233725,600,191.55787236140236,57.467361708420704,10.0,47.467361708420704,High,0
CUST_09665,Female,19,Germany,London,Individual,5,Quarterly,33,7,13,30,150,0,0,3.0,-27,0.23186389546014838,360,83.47100236565342,25.041300709696024,6.0,19.041300709696024,High,0
CUST_01050,Male,27,Bangladesh,Delhi,Individual,46,Quarterly,22,7,3,20,920,1,0,5.0,-21,0.06290691524796482,240,15.097659659511557,4.529297897853467,4.0,0.5292978978534668,Low,0
CUST_08969,Female,45,Germany,Berlin,SME,18,Quarterly,7,1,1,50,900,0,6,3.0,93,0.06280963316290059,600,37.68577989774035,11.305733969322105,10.0,1.3057339693221053,Low,0
CUST_00219,Female,51,Bangladesh,Toronto,SME,35,Quarterly,22,2,22,50,1750,0,0,3.0,-4,0.08129320372832358,600,48.77592223699415,14.632776671098243,10.0,4.632776671098243,Low,0
CUST_09279,Female,22,India,London,Individual,19,Yearly,21,4,10,20,380,1,2,3.0,18,0.10001191710766738,240,24.00286010584017,7.200858031752051,4.0,3.200858031752051,Low,0
CUST_03124,Male,18,USA,Sydney,SME,43,Quarterly,16,6,8,70,3010,0,1,3.0,-100,0.10644295879557783,840,89.41208538828538,26.82362561648561,14.0,12.82362561648561,Low,0
CUST_00272,Female,73,USA,Berlin,Individual,40,Yearly,27,7,6,70,2800,0,0,3.0,-79,0.10444277338917367,840,87.73192964690588,26.319578894071764,14.0,12.319578894071764,Low,0
CUST_07833,Male,20,Australia,New York,Individual,7,Quarterly,29,6,41,100,700,0,0,4.0,-6,0.13229598608911078,1200,158.75518330693293,47.62655499207988,20.0,27.626554992079882,Low,0
CUST_01137,Male,33,Germany,Delhi,SME,12,Monthly,34,7,3,20,240,0,0,2.0,-2,0.25542611329076614,240,61.302267189783876,18.39068015693516,4.0,14.390680156935161,High,0
CUST_09837,Male,62,Canada,Sydney,SME,38,Yearly,30,6,12,50,1900,1,2,4.0,24,0.06080700579463806,600,36.48420347678284,10.94526104303485,10.0,0.9452610430348507,Low,0
CUST_01850,Female,39,USA,Delhi,Individual,33,Quarterly,26,6,14,50,1650,1,0,5.0,43,0.05522657277763929,600,33.13594366658357,9.940783099975071,10.0,-0.05921690002492852,Low,0
CUST_04962,Male,52,Australia,Berlin,Individual,1,Yearly,43,2,4,20,20,0,2,3.0,0,0.35309663068588587,240,84.74319136461261,25.422957409383784,4.0,21.422957409383784,High,0
CUST_05906,Male,70,Bangladesh,Dhaka,Individual,33,Yearly,24,5,6,70,2310,1,1,4.0,-2,0.019112238075703374,840,16.054279983590835,4.81628399507725,14.0,-9.18371600492275,Low,0
CUST_03782,Male,56,UK,Sydney,Individual,31,Monthly,18,4,35,20,620,0,0,3.0,82,0.10390892638247816,240,24.938142331794758,7.481442699538427,4.0,3.4814426995384267,Low,0
CUST_06607,Male,59,USA,London,SME,12,Quarterly,21,7,26,20,240,0,0,2.0,-38,0.233217129395396,240,55.97211105489504,16.79163331646851,4.0,12.79163331646851,High,1
CUST_02653,Female,23,India,New York,SME,1,Yearly,23,7,0,50,50,0,0,3.0,79,0.30425615942950757,600,182.55369565770454,54.76610869731136,10.0,44.76610869731136,High,1
CUST_07166,Male,43,Germany,Toronto,SME,49,Yearly,37,6,2,50,2450,2,1,3.0,33,0.23894394217672366,600,143.3663653060342,43.009909591810256,10.0,33.009909591810256,High,1
CUST_03075,Male,26,India,London,Individual,15,Yearly,11,6,13,20,300,1,0,4.0,39,0.06690668191554731,240,16.057603659731356,4.817281097919406,4.0,0.8172810979194063,Low,0
CUST_08544,Male,52,Bangladesh,Berlin,Individual,54,Quarterly,27,2,50,70,3780,0,1,3.0,37,0.10947655356831232,840,91.96030499738235,27.588091499214705,14.0,13.588091499214705,Low,0
CUST_05355,Male,68,Australia,Toronto,Individual,18,Monthly,14,6,8,20,360,1,0,1.0,-32,0.20308861658828392,240,48.741267981188145,14.622380394356442,4.0,10.622380394356442,High,0
CUST_01005,Male,21,UK,Sydney,Individual,12,Monthly,18,7,26,20,240,0,0,3.0,19,0.10998320530547913,240,26.39596927331499,7.918790781994496,4.0,3.9187907819944963,Low,0
CUST_08914,Male,31,UK,Delhi,Individual,27,Yearly,42,6,17,30,810,0,1,2.0,44,0.1832603439831389,360,65.97372383393001,19.792117150179003,6.0,13.792117150179003,High,0
CUST_04191,Female,39,Canada,Delhi,SME,59,Monthly,17,7,1,10,590,0,1,3.0,91,0.08500580064203256,120,10.200696077043908,3.060208823113172,2.0,1.060208823113172,Low,0
CUST_09979,Female,68,Germany,New York,Individual,53,Quarterly,8,0,2,50,2650,0,0,5.0,-38,0.10389978899576963,600,62.33987339746177,18.701962019238533,10.0,8.701962019238533,Low,0
CUST_00179,Male,54,Bangladesh,London,Individual,45,Monthly,9,4,1,20,900,0,2,3.0,-36,0.07069391038374008,240,16.96653849209762,5.089961547629286,4.0,1.0899615476292857,Low,0
CUST_03896,Female,21,India,Berlin,SME,35,Yearly,11,4,20,50,1750,0,2,4.0,21,0.06327041315009387,600,37.96224789005632,11.388674367016895,10.0,1.388674367016895,Low,0
CUST_01277,Male,30,Germany,Dhaka,Individual,50,Yearly,31,7,3,70,3500,1,0,4.0,10,0.0506878471332815,840,42.577791591956455,12.773337477586937,14.0,-1.2266625224130632,Low,0
CUST_02849,Male,74,USA,Dhaka,SME,9,Quarterly,12,7,9,50,450,0,0,2.0,51,0.28547157943977114,600,171.28294766386267,51.3848842991588,10.0,41.3848842991588,High,0
CUST_07436,Female,48,Bangladesh,Dhaka,SME,12,Quarterly,19,7,6,50,600,0,0,5.0,35,0.05406039868861143,600,32.43623921316686,9.730871763950057,10.0,-0.2691282360499425,Low,0
CUST_07601,Male,31,USA,London,Individual,54,Yearly,10,7,50,30,1620,0,0,2.0,-33,0.1750783342505192,360,63.028200330186905,18.90846009905607,6.0,12.908460099056072,High,1
CUST_07240,Female,44,Bangladesh,New York,Individual,35,Yearly,24,6,1,10,350,1,1,3.0,64,0.035545538180020084,120,4.26546458160241,1.279639374480723,2.0,-0.7203606255192769,Low,0
CUST_08074,Female,68,Canada,Delhi,Individual,34,Yearly,27,5,7,70,2380,0,0,2.0,38,0.27260203834030977,840,228.9857122058602,68.69571366175806,14.0,54.69571366175806,High,0
CUST_04550,Female,68,Canada,New York,Individual,34,Monthly,11,6,9,10,340,3,0,5.0,-24,0.2662821676885575,120,31.9538601226269,9.586158036788069,2.0,7.586158036788069,High,0
CUST_03455,Male,59,USA,Dhaka,SME,7,Yearly,8,0,2,20,140,0,2,3.0,4,0.11424577157819975,240,27.41898517876794,8.225695553630382,4.0,4.225695553630382,Low,0
CUST_02132,Male,73,UK,Toronto,Individual,5,Monthly,15,7,5,20,100,1,3,2.0,59,0.43345229158809173,240,104.02854998114202,31.208564994342606,4.0,27.208564994342606,High,0
CUST_08169,Female,41,USA,Dhaka,SME,3,Monthly,20,7,9,50,150,1,1,3.0,-10,0.3456881212714056,600,207.41287276284334,62.223861828852996,10.0,52.223861828852996,High,0
CUST_09522,Female,37,UK,Sydney,SME,9,Quarterly,24,3,5,20,180,0,1,2.0,-8,0.21810708744401183,240,52.34570098656284,15.70371029596885,4.0,11.70371029596885,High,0
CUST_05807,Male,37,Australia,Berlin,SME,54,Monthly,36,3,3,20,1080,0,1,5.0,43,0.06455292659306634,240,15.492702382335922,4.647810714700777,4.0,0.6478107147007766,Low,0
CUST_01589,Male,55,India,Berlin,Individual,53,Yearly,0,4,10,50,2650,2,3,3.0,9,0.25228193152123113,600,151.36915891273867,45.4107476738216,10.0,35.4107476738216,High,1
CUST_03407,Female,20,Australia,Sydney,Individual,22,Quarterly,0,2,6,30,660,0,1,2.0,-12,0.34659829595228886,360,124.775386542824,37.432615962847194,6.0,31.432615962847194,High,0
CUST_02813,Male,37,UK,Sydney,Individual,17,Monthly,12,5,22,30,510,0,1,3.0,14,0.0350772681088979,360,12.627816519203243,3.788344955760973,6.0,-2.211655044239027,Low,0
CUST_07845,Female,53,Canada,Delhi,Individual,53,Monthly,7,7,20,20,1060,0,0,4.0,59,0.04140108380192465,240,9.936260112461916,2.9808780337385747,4.0,-1.0191219662614253,Low,0
CUST_02228,Male,26,Canada,New York,Individual,57,Monthly,12,0,4,100,5700,1,0,3.0,72,0.07247446708866041,1200,86.96936050639249,26.090808151917745,20.0,6.090808151917745,Low,0
CUST_03925,Female,55,USA,Berlin,Individual,54,Quarterly,40,5,1,20,1080,0,1,3.0,-28,0.04749442689406794,240,11.398662454576305,3.4195987363728917,4.0,-0.5804012636271083,Low,0
CUST_03188,Female,32,USA,Sydney,Individual,47,Monthly,22,5,9,50,2350,1,1,4.0,65,0.0728201195459554,600,43.692071727573236,13.107621518271971,10.0,3.107621518271971,Low,0
CUST_02990,Female,18,India,London,SME,14,Monthly,21,2,11,50,700,0,0,3.0,19,0.1504070569851914,600,90.24423419111484,27.073270257334453,10.0,17.073270257334453,High,0
CUST_04641,Female,50,Australia,Delhi,Individual,42,Monthly,22,6,22,10,420,0,2,4.0,40,0.08201690939540773,120,9.842029127448928,2.9526087382346784,2.0,0.9526087382346784,Low,0
CUST_03575,Male,74,Australia,Dhaka,Individual,31,Quarterly,19,0,10,10,310,0,2,4.0,19,0.06278336629897699,120,7.534003955877239,2.2602011867631715,2.0,0.2602011867631715,Low,0
CUST_07583,Male,27,Australia,Delhi,Individual,40,Yearly,23,3,5,20,800,2,1,5.0,24,0.23332626582461838,240,55.99830379790841,16.799491139372524,4.0,12.799491139372524,High,0
CUST_03866,Female,70,India,London,SME,55,Quarterly,23,4,10,20,1100,0,2,5.0,0,0.08630421035498569,240,20.713010485196566,6.2139031455589695,4.0,2.2139031455589695,Low,0
CUST_01155,Female,66,Australia,Toronto,Individual,44,Quarterly,25,0,7,20,880,0,1,2.0,50,0.2896948914046083,240,69.52677393710599,20.858032181131794,4.0,16.858032181131794,High,1
CUST_07226,Female,45,UK,New York,Individual,44,Quarterly,27,6,15,50,2200,0,2,3.0,57,0.0636281852976045,600,38.1769111785627,11.45307335356881,10.0,1.4530733535688096,Low,0
CUST_00007,Male,23,India,Toronto,SME,54,Monthly,21,4,13,20,1080,0,1,4.0,-3,0.04717188172764582,240,11.321251614634996,3.3963754843904987,4.0,-0.6036245156095013,Low,0
CUST_04678,Male,74,India,Delhi,SME,48,Yearly,18,7,1,30,1440,0,1,3.0,26,0.021550521989078468,360,7.758187916068248,2.3274563748204744,6.0,-3.6725436251795256,Low,0
CUST_05231,Male,44,Germany,Delhi,Enterprise,53,Quarterly,43,4,12,30,1590,1,2,5.0,1,0.06980810649620268,360,25.130918338632966,7.53927550158989,6.0,1.5392755015898896,Low,0
CUST_06028,Female,23,Australia,Dhaka,SME,44,Monthly,14,4,0,30,1320,1,2,5.0,-49,0.10926912659698322,360,39.33688557491396,11.801065672474186,6.0,5.801065672474186,Low,0
CUST_07754,Female,25,Germany,New York,SME,4,Monthly,18,7,8,50,200,0,1,4.0,0,0.23560660858043345,600,141.36396514826006,42.40918954447802,10.0,32.40918954447802,High,0
CUST_03777,Male,73,Australia,Dhaka,SME,10,Quarterly,4,2,32,70,700,1,0,4.0,31,0.2736025433721998,840,229.82613643264784,68.94784092979435,14.0,54.94784092979435,High,1
CUST_07028,Male,24,Germany,New York,SME,3,Monthly,37,7,15,30,90,0,0,4.0,32,0.26989588533267955,360,97.16251871976463,29.14875561592939,6.0,23.14875561592939,High,0
CUST_06259,Female,43,UK,Berlin,SME,15,Yearly,30,7,2,10,150,1,2,4.0,15,0.06242242201257305,120,7.490690641508766,2.24720719245263,2.0,0.2472071924526298,Low,0
CUST_00981,Female,62,Germany,Toronto,Individual,23,Quarterly,8,4,1,30,690,0,3,5.0,47,0.07525491780529456,360,27.09177040990604,8.127531122971812,6.0,2.1275311229718117,Low,0
CUST_06999,Male,25,Germany,New York,SME,23,Monthly,30,6,4,10,230,0,1,2.0,29,0.2377064757234949,120,28.524777086819388,8.557433126045815,2.0,6.557433126045815,High,0
CUST_09096,Female,39,USA,New York,Enterprise,33,Quarterly,16,3,2,20,660,0,1,4.0,-7,0.04636644994276417,240,11.1279479862634,3.3383843958790202,4.0,-0.6616156041209798,Low,0
CUST_00941,Female,64,Australia,New York,Enterprise,26,Monthly,19,3,4,10,260,0,2,4.0,-55,0.05065675858727624,120,6.078811030473148,1.8236433091419444,2.0,-0.1763566908580556,Low,0
CUST_00494,Female,36,Germany,New York,SME,7,Monthly,12,6,28,50,350,0,0,3.0,52,0.12222679640973873,600,73.33607784584323,22.00082335375297,10.0,12.00082335375297,Low,0
CUST_09858,Female,28,India,Dhaka,Enterprise,44,Monthly,21,2,16,100,4400,1,0,2.0,36,0.26701438260701216,1200,320.41725912841457,96.12517773852437,20.0,76.12517773852437,High,1
CUST_03829,Male,74,UK,Dhaka,Individual,7,Quarterly,18,4,2,10,70,1,0,5.0,40,0.09233837873218954,120,11.080605447862744,3.324181634358823,2.0,1.324181634358823,Low,0
CUST_00681,Female,37,India,Berlin,Individual,14,Monthly,9,6,20,10,140,0,1,4.0,65,0.1299786028385962,120,15.597432340631542,4.679229702189462,2.0,2.6792297021894624,Low,0
CUST_08829,Male,27,Australia,Dhaka,Individual,22,Quarterly,14,0,10,20,440,1,3,5.0,-2,0.029835809055925165,240,7.16059417342204,2.1481782520266117,4.0,-1.8518217479733883,Low,0
CUST_02352,Male,63,UK,Berlin,Individual,1,Quarterly,11,7,0,100,100,0,5,4.0,48,0.22968097292190284,1200,275.6171675062834,82.68515025188502,20.0,62.68515025188502,High,0
CUST_03091,Female,34,Germany,Dhaka,Individual,17,Yearly,28,4,5,30,510,1,2,1.0,3,0.28359879765582974,360,102.09556715609871,30.628670146829613,6.0,24.628670146829613,High,1
CUST_00918,Female,34,Canada,Toronto,Individual,13,Monthly,9,4,21,20,260,0,0,4.0,26,0.07718603125370085,240,18.524647500888204,5.557394250266461,4.0,1.5573942502664613,Low,0
CUST_02695,Female,74,Canada,London,Individual,20,Yearly,15,1,17,10,200,0,1,3.0,29,0.0971425351892813,120,11.657104222713755,3.4971312668141263,2.0,1.4971312668141263,Low,0
CUST_01432,Male,47,Canada,Delhi,Individual,38,Yearly,11,0,2,10,380,0,1,4.0,14,0.09484286910053888,120,11.381144292064665,3.4143432876193995,2.0,1.4143432876193995,Low,0
CUST_08444,Female,21,Australia,New York,Individual,25,Quarterly,12,5,2,70,1750,1,6,3.0,40,0.06585370390297611,840,55.31711127849993,16.595133383549978,14.0,2.595133383549978,Low,0
CUST_05838,Female,56,Germany,Sydney,Individual,17,Quarterly,31,0,43,50,850,0,1,3.0,-44,0.1296637755026655,600,77.7982653015993,23.33947959047979,10.0,13.33947959047979,Low,0
CUST_08355,Male,66,Canada,Dhaka,SME,15,Quarterly,32,6,22,50,750,0,0,4.0,60,0.06062468521498505,600,36.37481112899103,10.912443338697308,10.0,0.9124433386973081,Low,0
CUST_04806,Male,60,Germany,Berlin,Enterprise,51,Quarterly,20,0,6,20,1020,0,0,2.0,-12,0.21436595737165268,240,51.447829769196645,15.434348930758993,4.0,11.434348930758993,High,0
CUST_06939,Female,74,UK,London,Individual,18,Monthly,25,0,0,10,180,2,0,3.0,-42,0.2446608509793783,120,29.3593021175254,8.80779063525762,2.0,6.80779063525762,High,0
CUST_07660,Female,43,Canada,Dhaka,SME,38,Quarterly,8,5,18,30,1140,1,0,4.0,73,0.05559848334383549,360,20.01545400378078,6.004636201134233,6.0,0.004636201134233353,Low,0
CUST_06277,Female,58,Bangladesh,Berlin,Individual,8,Yearly,21,6,4,50,400,0,1,3.0,26,0.07808689452738951,600,46.852136716433705,14.055641014930112,10.0,4.055641014930112,Low,0
CUST_05164,Male,52,Germany,Berlin,SME,10,Monthly,8,5,18,20,200,1,3,4.0,20,0.12871904245059848,240,30.892570188143637,9.26777105644309,4.0,5.26777105644309,Low,0
CUST_09100,Female,58,India,London,SME,8,Quarterly,38,4,24,50,400,1,1,3.0,-7,0.06771765163433911,600,40.630590980603465,12.18917729418104,10.0,2.1891772941810395,Low,0
CUST_06118,Male,63,India,London,Individual,19,Monthly,11,6,1,20,380,0,3,4.0,-30,0.09340709416970144,240,22.417702600728347,6.725310780218504,4.0,2.7253107802185044,Low,0
CUST_01831,Female,42,Australia,New York,SME,51,Quarterly,27,3,11,50,2550,1,2,3.0,39,0.08558645284316313,600,51.35187170589788,15.405561511769363,10.0,5.405561511769363,Low,0
CUST_01082,Male,48,Germany,Dhaka,Individual,9,Monthly,29,6,6,30,270,1,0,3.0,43,0.06110343504904941,360,21.997236617657787,6.599170985297336,6.0,0.5991709852973361,Low,1
CUST_09310,Male,20,UK,New York,Enterprise,4,Monthly,21,3,0,20,80,0,1,3.0,16,0.3523811660522778,240,84.57147985254667,25.371443955764,4.0,21.371443955764,High,0
CUST_00915,Female,29,India,Berlin,Individual,15,Monthly,23,3,3,50,750,0,2,3.0,-46,0.06237676013640898,600,37.42605608184539,11.227816824553615,10.0,1.2278168245536154,Low,0
CUST_05643,Female,71,India,Dhaka,Individual,1,Monthly,7,4,3,20,20,0,1,3.0,68,0.34450010620540555,240,82.68002548929734,24.8040076467892,4.0,20.8040076467892,High,0
CUST_07912,Female,64,Bangladesh,New York,SME,5,Monthly,24,4,10,20,100,0,4,4.0,62,0.3832735045226758,240,91.98564108544218,27.595692325632655,4.0,23.595692325632655,High,0
CUST_04772,Female,48,Germany,London,Individual,40,Monthly,0,0,29,20,800,1,1,4.0,0,0.31297130039267923,240,75.11311209424302,22.533933628272905,4.0,18.533933628272905,High,0
CUST_08096,Female,59,USA,Delhi,Enterprise,28,Monthly,20,0,12,50,1400,0,0,3.0,20,0.04859984300719648,600,29.15990580431789,8.747971741295366,10.0,-1.2520282587046339,Low,0
CUST_01054,Male,71,UK,New York,Individual,54,Yearly,21,3,5,20,1080,0,1,2.0,56,0.4013032998949138,240,96.31279197477932,28.893837592433794,4.0,24.893837592433794,High,0
CUST_04167,Female,38,UK,Toronto,Individual,54,Monthly,27,4,1,20,1080,1,0,2.0,64,0.3455155005023597,240,82.92372012056633,24.877116036169898,4.0,20.877116036169898,High,1
CUST_03269,Female,33,USA,Berlin,SME,11,Monthly,8,5,6,30,330,0,1,4.0,96,0.13752728426713887,360,49.50982233616999,14.852946700850996,6.0,8.852946700850996,Low,0
CUST_00633,Male,71,USA,Toronto,Individual,29,Monthly,21,7,5,50,1450,0,0,3.0,66,0.08365924378348721,600,50.19554627009233,15.058663881027698,10.0,5.058663881027698,Low,0
CUST_09172,Female,44,UK,New York,Individual,58,Quarterly,23,1,2,20,1160,1,4,4.0,100,0.07310470533204043,240,17.545129279689704,5.2635387839069105,4.0,1.2635387839069105,Low,0
CUST_05555,Female,71,Australia,Dhaka,Individual,24,Monthly,0,5,3,50,1200,0,2,4.0,19,0.25570711325603906,600,153.42426795362343,46.02728038608703,10.0,36.02728038608703,High,1
CUST_07687,Female,39,UK,Toronto,Individual,7,Monthly,33,3,6,10,70,1,1,5.0,-7,0.11851507626158975,120,14.221809151390769,4.26654274541723,2.0,2.2665427454172304,Low,0
CUST_03325,Male,57,UK,London,Enterprise,21,Monthly,24,4,12,100,2100,0,0,4.0,-87,0.06596780537150713,1200,79.16136644580857,23.74840993374257,20.0,3.7484099337425683,Low,0
CUST_09865,Female,44,UK,Delhi,Enterprise,10,Monthly,16,5,27,20,200,2,2,4.0,1,0.2599884984387296,240,62.39723962529511,18.71917188758853,4.0,14.71917188758853,High,1
CUST_08962,Male,74,India,Berlin,Individual,2,Monthly,12,6,4,10,20,1,1,2.0,11,0.4364948254241498,120,52.379379050897974,15.713813715269392,2.0,13.713813715269392,High,1
CUST_05325,Male,71,Germany,New York,Individual,24,Monthly,22,1,12,50,1200,0,0,5.0,14,0.04917364903549334,600,29.504189421296,8.8512568263888,10.0,-1.1487431736111997,Low,0
CUST_08148,Male,35,USA,London,SME,7,Yearly,31,0,1,20,140,1,3,4.0,71,0.11875204665847522,240,28.50049119803405,8.550147359410214,4.0,4.550147359410214,Low,0
CUST_06356,Male,23,Bangladesh,Berlin,Enterprise,11,Monthly,19,4,2,10,110,3,1,2.0,37,0.37623465835155173,120,45.148159002186205,13.54444770065586,2.0,11.54444770065586,High,0
CUST_06193,Female,25,Canada,Toronto,SME,29,Quarterly,24,1,18,30,870,1,3,3.0,-41,0.0857791471697743,360,30.88049298111875,9.264147894335624,6.0,3.2641478943356237,Low,0
CUST_03977,Male,46,India,New York,Individual,39,Quarterly,17,4,1,30,1170,1,2,4.0,16,0.023616877131914304,360,8.50207576748915,2.5506227302467446,6.0,-3.4493772697532554,Low,0
CUST_08126,Male,44,Bangladesh,London,SME,53,Monthly,17,3,8,10,530,0,4,3.0,-48,0.06395186253065895,120,7.674223503679073,2.3022670511037218,2.0,0.30226705110372176,Low,0
CUST_00587,Female,57,Canada,Berlin,SME,27,Monthly,9,1,25,30,810,0,3,3.0,-1,0.10254284760413207,360,36.915425137487546,11.074627541246263,6.0,5.074627541246263,Low,0
CUST_08140,Male,19,Germany,New York,SME,7,Quarterly,40,2,14,30,210,1,3,2.0,-10,0.17683251297226746,360,63.65970467001628,19.097911401004882,6.0,13.097911401004882,High,0
CUST_03139,Male,40,Bangladesh,Toronto,SME,18,Monthly,17,2,14,20,360,0,4,4.0,69,0.09505172706820789,240,22.812414496369893,6.843724348910968,4.0,2.8437243489109676,Low,0
CUST_02809,Male,42,USA,Berlin,Enterprise,21,Quarterly,12,4,1,30,630,0,1,3.0,73,0.054040839208914865,360,19.45470211520935,5.836410634562805,6.0,-0.16358936543719516,Low,0
CUST_08378,Female,69,USA,Toronto,SME,51,Monthly,13,7,5,20,1020,1,4,4.0,26,0.05649062368192139,240,13.557749683661134,4.06732490509834,4.0,0.06732490509834044,Low,0
CUST_04104,Female,60,UK,Dhaka,Individual,35,Monthly,6,7,11,20,700,0,1,4.0,50,0.11514992437790433,240,27.63598185069704,8.29079455520911,4.0,4.290794555209111,Low,0
CUST_00919,Female,62,Germany,New York,Individual,19,Monthly,21,2,14,30,570,0,3,5.0,-10,0.050525537959396495,360,18.18919366538274,5.456758099614821,6.0,-0.5432419003851789,Low,0
CUST_00760,Male,47,Germany,Delhi,SME,14,Yearly,21,3,3,30,420,0,0,4.0,9,0.09056705123996228,360,32.60413844638642,9.781241533915926,6.0,3.781241533915926,Low,0
CUST_06459,Female,62,Bangladesh,Dhaka,Individual,1,Monthly,20,4,0,10,10,2,1,2.0,85,0.41836275502588866,120,50.203530603106636,15.06105918093199,2.0,13.06105918093199,High,1
CUST_04030,Female,53,UK,Berlin,Enterprise,31,Monthly,25,6,53,30,930,2,1,3.0,36,0.12812714777915982,360,46.125773200497534,13.83773196014926,6.0,7.837731960149259,Low,0
CUST_01625,Female,26,Australia,Delhi,Individual,55,Monthly,19,1,16,70,3850,0,1,4.0,34,0.062227344301810594,840,52.2709692135209,15.68129076405627,14.0,1.6812907640562695,Low,0
CUST_02299,Male,18,Australia,New York,SME,6,Quarterly,24,2,21,50,300,0,3,3.0,100,0.1166182414376416,600,69.97094486258496,20.991283458775488,10.0,10.991283458775488,Low,0
CUST_03203,Female,18,USA,London,Individual,13,Quarterly,18,2,22,100,1300,0,0,2.0,-7,0.17289737603082184,1200,207.4768512369862,62.243055371095856,20.0,42.243055371095856,High,0
CUST_09309,Female,59,Germany,London,SME,27,Monthly,31,7,8,10,270,1,1,4.0,15,0.06199825038361382,120,7.439790046033658,2.2319370138100973,2.0,0.23193701381009735,Low,0
CUST_05443,Male,50,Germany,Dhaka,SME,8,Monthly,26,2,4,30,240,0,2,3.0,3,0.045862269510598366,360,16.51041702381541,4.953125107144623,6.0,-1.046874892855377,Low,0
CUST_09451,Male,39,USA,Sydney,Individual,52,Yearly,15,2,2,50,2600,0,1,3.0,-13,0.10678265613261673,600,64.06959367957003,19.22087810387101,10.0,9.220878103871009,Low,0
CUST_07904,Female,63,Germany,London,Individual,7,Yearly,22,5,8,20,140,0,2,2.0,100,0.2947286982305692,240,70.7348875753366,21.22046627260098,4.0,17.22046627260098,High,0
CUST_00727,Male,45,UK,London,Individual,7,Monthly,31,6,1,30,210,1,1,2.0,-59,0.1527502911879258,360,54.99010482765328,16.497031448295985,6.0,10.497031448295985,High,0
CUST_01834,Male,41,Canada,London,Individual,34,Quarterly,28,1,12,10,340,0,2,2.0,16,0.3250748145238648,120,39.00897774286377,11.702693322859131,2.0,9.702693322859131,High,0
CUST_00329,Female,51,UK,Delhi,Individual,28,Quarterly,3,5,20,50,1400,1,1,4.0,-18,0.2540732785126563,600,152.44396710759378,45.73319013227813,10.0,35.73319013227813,High,0
CUST_01204,Female,62,USA,Delhi,Enterprise,48,Quarterly,14,6,16,50,2400,0,0,4.0,48,0.07237423622144837,600,43.424541732869024,13.027362519860707,10.0,3.0273625198607075,Low,0
CUST_05089,Female,32,India,Toronto,SME,56,Yearly,23,7,26,50,2800,0,2,5.0,31,0.07605872107980137,600,45.63523264788082,13.690569794364245,10.0,3.6905697943642455,Low,0
CUST_00299,Male,30,Australia,Berlin,Individual,5,Quarterly,6,1,10,20,100,0,2,3.0,-21,0.3284114507847386,240,78.81874818833727,23.645624456501178,4.0,19.645624456501178,High,1
CUST_04027,Male,28,UK,Berlin,SME,46,Yearly,34,2,5,30,1380,0,3,3.0,18,0.04116303022123083,360,14.818690879643098,4.44560726389293,6.0,-1.5543927361070704,Low,0
CUST_04893,Female,41,Canada,New York,Individual,17,Monthly,16,5,19,50,850,1,0,4.0,-6,0.030221945640651404,600,18.13316738439084,5.4399502153172525,10.0,-4.5600497846827475,Low,0
CUST_07941,Male,38,Bangladesh,Berlin,SME,34,Quarterly,27,0,11,10,340,1,1,1.0,36,0.2578894089049605,120,30.946729068595257,9.284018720578576,2.0,7.284018720578576,High,0
CUST_06320,Female,33,USA,Delhi,SME,13,Monthly,21,7,15,50,650,1,1,5.0,-36,0.08043913723598778,600,48.26348234159267,14.4790447024778,10.0,4.4790447024778,Low,0
CUST_02110,Female,32,Australia,Berlin,Individual,33,Monthly,28,1,4,50,1650,0,1,1.0,-41,0.22277495449437126,600,133.66497269662275,40.099491808986826,10.0,30.099491808986826,High,0
CUST_04215,Male,45,Canada,Dhaka,Enterprise,26,Monthly,17,2,0,50,1300,0,0,2.0,16,0.22107042560991247,600,132.64225536594748,39.792676609784245,10.0,29.792676609784245,High,0
CUST_05127,Female,34,India,London,Individual,28,Monthly,33,7,16,70,1960,1,4,3.0,-44,0.0880576810206666,840,73.96845205735995,22.190535617207985,14.0,8.190535617207985,Low,0
CUST_06140,Male,52,UK,Berlin,SME,18,Monthly,23,6,3,100,1800,1,2,3.0,-26,0.05972123593591653,1200,71.66548312309983,21.49964493692995,20.0,1.4996449369299505,Low,0
CUST_04165,Female,70,Australia,Berlin,SME,17,Quarterly,19,1,6,20,340,0,2,3.0,-25,0.06632303218987282,240,15.917527725569476,4.7752583176708425,4.0,0.7752583176708425,Low,1
CUST_01376,Male,46,India,London,Enterprise,34,Quarterly,23,1,4,50,1700,0,0,4.0,-3,0.04107827455819702,600,24.646964734918214,7.3940894204754635,10.0,-2.6059105795245365,Low,0
CUST_05433,Female,27,Bangladesh,New York,Individual,59,Quarterly,34,7,1,30,1770,0,2,5.0,24,0.1041570565552691,360,37.496540359896876,11.248962107969062,6.0,5.248962107969062,Low,0
CUST_00126,Female,34,UK,Berlin,Individual,53,Yearly,21,5,10,50,2650,1,2,5.0,31,0.06671757154322339,600,40.03054292593403,12.009162877780208,10.0,2.0091628777802075,Low,0
CUST_02102,Male,31,UK,New York,Individual,58,Monthly,8,7,0,70,4060,0,2,3.0,1,0.10156689098687932,840,85.31618842897863,25.59485652869359,14.0,11.59485652869359,Low,0
CUST_03380,Female,34,USA,Toronto,Enterprise,36,Yearly,15,5,9,20,720,0,2,3.0,97,0.0486363153675099,240,11.672715688202375,3.5018147064607126,4.0,-0.4981852935392874,Low,0
CUST_06317,Female,31,Germany,Delhi,Individual,41,Quarterly,35,5,0,30,1230,0,0,3.0,3,0.058921464759201674,360,21.211727313312604,6.363518193993781,6.0,0.36351819399378105,Low,0
CUST_03796,Female,39,Australia,New York,Individual,2,Monthly,15,7,7,20,40,1,0,4.0,51,0.3412384991142809,240,81.89723978742741,24.569171936228223,4.0,20.569171936228223,High,0
CUST_08724,Male,43,Canada,London,Enterprise,22,Yearly,17,1,38,30,660,0,1,4.0,-41,0.06501112502845476,360,23.40400501024371,7.021201503073113,6.0,1.0212015030731134,Low,0
CUST_01945,Male,26,Germany,Berlin,Individual,58,Monthly,22,1,6,30,1740,0,2,4.0,52,0.04763605776492425,360,17.14898079537273,5.144694238611819,6.0,-0.8553057613881814,Low,0
CUST_04071,Male,64,India,Dhaka,Individual,16,Quarterly,29,0,23,10,160,0,1,3.0,13,0.08064442404675648,120,9.677330885610777,2.903199265683233,2.0,0.903199265683233,Low,0
CUST_08385,Female,33,Germany,Sydney,Enterprise,45,Monthly,24,5,7,30,1350,0,1,4.0,-15,0.025134816351561312,360,9.048533886562073,2.7145601659686216,6.0,-3.2854398340313784,Low,0
CUST_05233,Male,64,Bangladesh,New York,Individual,55,Yearly,17,5,16,20,1100,0,0,4.0,34,0.03479125320794205,240,8.34990076990609,2.504970230971827,4.0,-1.4950297690281729,Low,0
CUST_09295,Female,24,Canada,Delhi,Individual,35,Monthly,14,0,1,50,1750,0,2,2.0,47,0.2694677165024607,600,161.68062990147644,48.50418897044293,10.0,38.50418897044293,High,0
CUST_02148,Male,60,India,New York,SME,45,Yearly,7,7,6,10,450,0,2,3.0,76,0.08302815523645929,120,9.963378628375114,2.989013588512534,2.0,0.9890135885125342,Low,0
CUST_01170,Male,19,Germany,Dhaka,Individual,30,Quarterly,19,7,15,10,300,0,1,4.0,-18,0.05625091753953522,120,6.750110104744226,2.0250330314232676,2.0,0.025033031423267627,Low,0
CUST_08315,Female,46,India,Dhaka,Individual,5,Monthly,15,7,4,50,250,0,0,3.0,45,0.33886898050680175,600,203.32138830408104,60.99641649122431,10.0,50.99641649122431,High,0
CUST_05372,Male,73,Bangladesh,New York,Individual,14,Quarterly,17,5,26,20,280,0,5,5.0,24,0.13210112814022357,240,31.704270753653656,9.511281226096097,4.0,5.511281226096097,Low,0
CUST_07968,Female,33,Bangladesh,New York,Individual,39,Monthly,30,5,32,70,2730,0,0,4.0,86,0.0874726144045685,840,73.47699609983754,22.04309882995126,14.0,8.043098829951258,Low,0
CUST_04541,Female,23,India,Berlin,Individual,29,Yearly,11,3,38,10,290,1,1,4.0,-40,0.17018852544299318,120,20.42262305315918,6.126786915947754,2.0,4.126786915947754,High,0
CUST_09314,Female,62,Germany,Dhaka,SME,34,Quarterly,4,5,14,10,340,1,3,3.0,71,0.19008765994416787,120,22.810519193300145,6.8431557579900435,2.0,4.8431557579900435,High,0
CUST_08164,Male,41,USA,Toronto,Individual,14,Monthly,8,4,0,10,140,1,2,3.0,61,0.102610240534134,120,12.31322886409608,3.693968659228824,2.0,1.693968659228824,Low,0
CUST_09479,Female,73,UK,New York,SME,42,Monthly,13,0,16,20,840,5,0,2.0,14,0.2931035577652511,240,70.34485386366026,21.103456159098076,4.0,17.103456159098076,High,0
CUST_03002,Female,33,Australia,Delhi,Individual,15,Monthly,25,7,12,70,1050,0,0,5.0,65,0.0611185924535368,840,51.33961766097091,15.401885298291273,14.0,1.4018852982912726,Low,0
CUST_02135,Male,51,India,Toronto,Individual,52,Monthly,27,0,0,30,1560,1,0,4.0,100,0.06675670975451552,360,24.032415511625587,7.209724653487676,6.0,1.209724653487676,Low,0
CUST_09192,Female,52,Germany,London,Enterprise,31,Monthly,42,0,2,10,310,0,2,2.0,68,0.21085131716562078,120,25.302158059874493,7.590647417962348,2.0,5.590647417962348,High,0
CUST_01926,Male,33,Bangladesh,Toronto,Individual,57,Monthly,22,6,4,10,570,0,0,2.0,4,0.22452476566581056,120,26.942971879897268,8.08289156396918,2.0,6.082891563969181,High,0
CUST_03204,Male,30,Bangladesh,Berlin,Individual,41,Monthly,12,4,7,30,1230,0,2,2.0,12,0.20130765645128623,360,72.47075632246305,21.74122689673891,6.0,15.741226896738912,High,0
CUST_09589,Male,52,Germany,Toronto,Individual,5,Yearly,16,3,2,50,250,1,2,5.0,86,0.3335521400284668,600,200.13128401708008,60.03938520512402,10.0,50.03938520512402,High,0
CUST_06987,Female,40,USA,Dhaka,Individual,53,Yearly,17,0,9,20,1060,0,2,3.0,8,0.030331137250881508,240,7.279472940211562,2.1838418820634686,4.0,-1.8161581179365314,Low,0
CUST_08666,Female,58,India,Sydney,Individual,17,Yearly,38,1,9,20,340,2,1,4.0,30,0.26486820655132837,240,63.56836957231881,19.070510871695642,4.0,15.070510871695642,High,0
CUST_01387,Male,21,Australia,Sydney,Individual,47,Monthly,19,4,4,30,1410,0,1,4.0,15,0.031198244658523683,360,11.231368077068526,3.3694104231205575,6.0,-2.6305895768794425,Low,0
CUST_05913,Male,56,USA,Delhi,SME,38,Quarterly,22,3,16,10,380,0,0,3.0,52,0.10219092727687032,120,12.262911273224438,3.678873381967331,2.0,1.678873381967331,Low,0
CUST_08598,Male,61,Bangladesh,Delhi,Individual,53,Yearly,28,0,55,10,530,2,0,4.0,59,0.1795282052756621,120,21.54338463307945,6.463015389923835,2.0,4.463015389923835,High,1
CUST_07276,Male,71,UK,London,Individual,25,Monthly,21,4,12,30,750,0,0,4.0,-5,0.055570183728676205,360,20.005266142323435,6.001579842697031,6.0,0.00157984269703082,Low,0
CUST_07734,Female,53,USA,New York,Enterprise,37,Monthly,30,4,28,50,1850,1,0,2.0,90,0.24270988416537287,600,145.62593049922373,43.68777914976712,10.0,33.68777914976712,High,0
CUST_04688,Male,56,Germany,London,Enterprise,42,Monthly,5,4,10,70,2940,1,1,4.0,39,0.10225786333832959,840,85.89660520419686,25.768981561259057,14.0,11.768981561259057,Low,0
CUST_03060,Female,37,USA,Delhi,Enterprise,36,Yearly,33,1,15,50,1800,0,2,3.0,18,0.06725672970412186,600,40.35403782247312,12.106211346741935,10.0,2.1062113467419348,Low,0
CUST_09499,Female,43,Germany,New York,Individual,22,Monthly,26,2,7,50,1100,0,1,3.0,-11,0.05943872428377865,600,35.66323457026719,10.698970371080158,10.0,0.6989703710801578,Low,0
CUST_00641,Female,55,India,New York,SME,37,Monthly,9,7,12,10,370,1,0,4.0,-4,0.1080759616823813,120,12.969115401885757,3.890734620565727,2.0,1.890734620565727,Low,0
CUST_01665,Male,19,Bangladesh,Dhaka,Individual,10,Yearly,21,0,0,20,200,0,1,3.0,71,0.09462479530333846,240,22.70995087280123,6.812985261840368,4.0,2.8129852618403683,Low,0
CUST_03084,Male,18,Bangladesh,New York,SME,33,Quarterly,16,7,29,30,990,0,2,3.0,-3,0.07740846742943651,360,27.867048274597142,8.360114482379142,6.0,2.3601144823791422,Low,1
CUST_08917,Male,48,Canada,Sydney,SME,1,Monthly,13,6,26,70,70,0,1,5.0,-14,0.37419002244238636,840,314.31961885160456,94.29588565548137,14.0,80.29588565548137,High,0
CUST_01083,Male,30,India,Delhi,Individual,29,Quarterly,31,0,10,30,870,0,0,3.0,-5,0.037718619845429166,360,13.578703144354499,4.07361094330635,6.0,-1.9263890566936501,Low,0
CUST_07245,Female,68,Canada,New York,SME,6,Monthly,0,2,7,10,60,0,2,4.0,-28,0.27914020516976984,120,33.49682462037238,10.049047386111713,2.0,8.049047386111713,High,1
CUST_05241,Female,62,Bangladesh,Toronto,SME,23,Monthly,11,3,7,50,1150,2,1,3.0,61,0.16395342810830396,600,98.37205686498238,29.511617059494714,10.0,19.511617059494714,High,0
CUST_09222,Male,68,Australia,Toronto,SME,33,Yearly,39,6,6,10,330,2,0,5.0,14,0.20828138086440626,120,24.99376570372875,7.498129711118625,2.0,5.498129711118625,High,0
CUST_05874,Female,55,Canada,Toronto,SME,29,Yearly,0,4,0,20,580,0,0,3.0,14,0.28407116411195155,240,68.17707938686837,20.45312381606051,4.0,16.45312381606051,High,0
CUST_03481,Female,47,Australia,Sydney,Individual,55,Monthly,4,6,8,10,550,0,0,3.0,71,0.2087101651732985,120,25.04521982079582,7.513565946238745,2.0,5.513565946238745,High,0
CUST_00590,Male,62,Canada,Toronto,SME,40,Yearly,8,2,0,70,2800,1,1,5.0,72,0.08210742556382047,840,68.9702374736092,20.69107124208276,14.0,6.69107124208276,Low,0
CUST_09927,Female,55,Australia,Sydney,SME,21,Monthly,31,0,22,50,1050,0,0,4.0,-42,0.08507872102981393,600,51.047232617888355,15.314169785366506,10.0,5.314169785366506,Low,0
CUST_03035,Female,47,Bangladesh,Sydney,Enterprise,47,Monthly,20,5,4,70,3290,0,1,2.0,-19,0.27081457319472513,840,227.48424148356912,68.24527244507074,14.0,54.24527244507074,High,1
CUST_07703,Male,57,Australia,Toronto,SME,58,Yearly,1,3,4,20,1160,2,1,4.0,14,0.27903564718110874,240,66.96855532346609,20.090566597039828,4.0,16.090566597039828,High,1
CUST_08197,Female,58,USA,New York,Individual,30,Quarterly,8,2,10,30,900,0,0,4.0,-12,0.04072380426602293,360,14.660569535768254,4.398170860730476,6.0,-1.6018291392695243,Low,0
CUST_05283,Male,55,UK,Sydney,SME,27,Quarterly,31,6,7,50,1350,0,2,4.0,-18,0.05805138937097639,600,34.830833622585835,10.44925008677575,10.0,0.4492500867757503,Low,0
CUST_03490,Female,25,Canada,London,SME,1,Monthly,8,2,8,30,30,0,0,4.0,-28,0.2411979279004355,360,86.83125404415678,26.049376213247033,6.0,20.049376213247033,High,1
CUST_03730,Male,27,UK,New York,SME,59,Monthly,19,1,2,20,1180,1,3,4.0,31,0.049748675574085924,240,11.939682137780622,3.5819046413341864,4.0,-0.4180953586658136,Low,0
CUST_02453,Female,57,Canada,Dhaka,Individual,30,Quarterly,9,4,15,30,900,1,2,4.0,10,0.043689628432000874,360,15.728266235520314,4.718479870656094,6.0,-1.2815201293439058,Low,0
CUST_08159,Male,60,Bangladesh,London,Enterprise,29,Yearly,31,4,3,20,580,0,2,5.0,3,0.02400841572328854,240,5.762019773589249,1.7286059320767746,4.0,-2.271394067923225,Low,0
CUST_09966,Male,62,India,Delhi,SME,46,Quarterly,25,4,24,30,1380,1,1,3.0,-38,0.046628785802705804,360,16.78636288897409,5.0359088666922265,6.0,-0.9640911333077735,Low,0
CUST_09229,Female,55,Australia,London,Individual,16,Monthly,0,6,21,10,160,1,3,4.0,56,0.28069056361206296,120,33.68286763344756,10.104860290034267,2.0,8.104860290034267,High,0
CUST_02486,Male,24,Germany,Sydney,Individual,55,Monthly,26,2,8,70,3850,2,1,2.0,22,0.27092827548156906,840,227.57975140451802,68.2739254213554,14.0,54.2739254213554,High,1
CUST_05148,Male,48,USA,London,SME,30,Monthly,13,0,11,20,600,1,0,4.0,62,0.031043840795159396,240,7.4505217908382555,2.2351565372514766,4.0,-1.7648434627485234,Low,0
CUST_03958,Male,44,USA,London,SME,12,Monthly,25,7,1,30,360,1,2,3.0,28,0.09222687009878809,360,33.20167323556371,9.960501970669112,6.0,3.960501970669112,Low,0
CUST_09655,Female,37,Bangladesh,Sydney,Individual,50,Monthly,5,5,23,70,3500,0,2,4.0,-60,0.05773135859099599,840,48.49434121643663,14.548302364930988,14.0,0.5483023649309882,Low,0
CUST_05595,Female,39,India,Sydney,Individual,28,Yearly,27,7,3,20,560,1,0,4.0,-15,0.07862782315953605,240,18.87067755828865,5.661203267486595,4.0,1.661203267486595,Low,0
CUST_01792,Female,30,UK,Dhaka,Individual,37,Monthly,19,0,1,50,1850,1,1,3.0,44,0.025813169387746915,600,15.48790163264815,4.646370489794445,10.0,-5.353629510205555,Low,1
CUST_09049,Male,64,USA,Sydney,Individual,5,Monthly,21,4,2,20,100,0,2,4.0,0,0.4151214427709686,240,99.62914626503246,29.888743879509736,4.0,25.888743879509736,High,0
CUST_03527,Female,28,Bangladesh,Toronto,Individual,47,Quarterly,29,7,64,20,940,0,0,2.0,-8,0.2501118585932229,240,60.026846062373494,18.008053818712046,4.0,14.008053818712046,High,0
CUST_07800,Male,18,Bangladesh,Berlin,Individual,14,Quarterly,23,4,11,50,700,0,0,3.0,11,0.09383746976366152,600,56.30248185819691,16.890744557459072,10.0,6.890744557459072,Low,0
CUST_05612,Female,73,Australia,New York,SME,28,Monthly,30,0,11,10,280,2,2,4.0,62,0.20118408598123752,120,24.1420903177485,7.24262709532455,2.0,5.24262709532455,High,0
CUST_04961,Female,63,Australia,Delhi,Enterprise,41,Monthly,13,7,0,100,4100,0,1,5.0,26,0.13178227228337594,1200,158.13872674005114,47.44161802201534,20.0,27.44161802201534,Low,0
CUST_07546,Female,30,Canada,Toronto,Individual,7,Monthly,24,5,7,50,350,2,3,3.0,-8,0.27521946302821815,600,165.13167781693087,49.53950334507926,10.0,39.53950334507926,High,0
CUST_05649,Female,18,India,Berlin,SME,13,Monthly,24,4,5,30,390,1,2,4.0,30,0.08046540077346914,360,28.96754427844889,8.690263283534668,6.0,2.6902632835346676,Low,0
CUST_03221,Female,28,USA,Delhi,Individual,21,Yearly,25,0,2,10,210,0,1,4.0,-5,0.06554039303681261,120,7.8648471644175135,2.359454149325254,2.0,0.3594541493252539,Low,0
CUST_03297,Female,27,Canada,Berlin,SME,8,Yearly,3,1,8,30,240,0,1,4.0,3,0.2744161570652098,360,98.78981654347552,29.636944963042655,6.0,23.636944963042655,High,0
CUST_03872,Male,30,UK,Dhaka,SME,1,Quarterly,22,4,1,20,20,0,1,5.0,44,0.20710756919343432,240,49.705816606424236,14.91174498192727,4.0,10.91174498192727,High,1
CUST_01616,Male,57,Bangladesh,New York,Individual,41,Quarterly,10,7,6,20,820,1,0,4.0,34,0.0372397251917399,240,8.937534046017577,2.681260213805273,4.0,-1.318739786194727,Low,0
CUST_01772,Male,62,India,Dhaka,SME,49,Monthly,24,7,4,30,1470,0,3,4.0,-4,0.021296963589585268,360,7.666906892250696,2.3000720676752087,6.0,-3.6999279323247913,Low,0
CUST_03774,Female,38,Australia,Toronto,Individual,44,Monthly,27,4,0,50,2200,0,1,4.0,35,0.07374046852667104,600,44.244281116002625,13.273284334800787,10.0,3.2732843348007865,Low,0
CUST_02066,Female,38,India,Sydney,Individual,9,Quarterly,2,4,1,30,270,1,1,3.0,65,0.28001522986524036,360,100.80548275148652,30.241644825445956,6.0,24.241644825445956,High,0
CUST_01418,Male,25,Germany,Sydney,SME,38,Monthly,28,4,34,50,1900,0,2,4.0,100,0.09907408514308279,600,59.44445108584967,17.833335325754902,10.0,7.833335325754902,Low,0
CUST_02394,Male,43,UK,New York,Individual,54,Monthly,2,5,24,30,1620,0,1,4.0,34,0.27306553308873693,360,98.30359191194529,29.491077573583585,6.0,23.491077573583585,High,0
CUST_06847,Female,59,Australia,London,SME,22,Quarterly,11,7,9,30,660,0,1,4.0,51,0.1182975416967074,360,42.587115010814664,12.776134503244398,6.0,6.776134503244398,Low,0
CUST_05876,Male,36,UK,Delhi,SME,19,Monthly,10,3,5,10,190,0,2,3.0,52,0.07809553793667617,120,9.371464552401141,2.8114393657203425,2.0,0.8114393657203425,Low,0
CUST_00214,Male,71,Bangladesh,Dhaka,Individual,36,Monthly,17,3,0,50,1800,0,2,3.0,-4,0.0474583734796433,600,28.475024087785982,8.542507226335795,10.0,-1.457492773664205,Low,0
CUST_04595,Male,44,Australia,Dhaka,SME,23,Quarterly,21,6,15,50,1150,1,0,4.0,28,0.04426881309275872,600,26.561287855655234,7.96838635669657,10.0,-2.03161364330343,Low,0
CUST_02851,Female,41,Australia,London,Individual,23,Quarterly,7,7,5,10,230,0,2,4.0,1,0.12247786660400069,120,14.697343992480082,4.4092031977440245,2.0,2.4092031977440245,Low,0
CUST_02937,Female,32,Bangladesh,Berlin,Individual,51,Yearly,12,4,19,30,1530,0,1,5.0,100,0.06419375474349204,360,23.109751707657132,6.93292551229714,6.0,0.9329255122971398,Low,0
CUST_00489,Male,31,Australia,Berlin,Individual,27,Monthly,17,0,3,10,270,0,2,2.0,42,0.20820669935993255,120,24.984803923191905,7.495441176957571,2.0,5.495441176957571,High,1
CUST_01258,Male,29,India,New York,Individual,21,Quarterly,1,6,1,30,630,2,0,4.0,-29,0.3146036012477025,360,113.2572964491729,33.977188934751865,6.0,27.977188934751865,High,0
CUST_09530,Female,74,USA,London,Individual,17,Quarterly,28,0,1,10,170,1,0,4.0,40,0.07641204797539786,120,9.169445757047743,2.750833727114323,2.0,0.7508337271143231,Low,0
CUST_02458,Male,29,Germany,London,SME,27,Quarterly,6,0,3,50,1350,0,2,4.0,32,0.08671145616327264,600,52.02687369796358,15.608062109389074,10.0,5.608062109389074,Low,0
CUST_05563,Male,19,India,Berlin,Enterprise,58,Monthly,20,7,11,10,580,0,3,4.0,55,0.055862462238812395,120,6.703495468657487,2.011048640597246,2.0,0.011048640597246084,Low,0
CUST_06722,Male,63,Canada,Toronto,SME,11,Monthly,18,5,24,20,220,0,1,4.0,51,0.0739667334329071,240,17.752016023897706,5.325604807169312,4.0,1.325604807169312,Low,0
CUST_04392,Female,66,India,Toronto,Individual,28,Monthly,10,1,27,20,560,0,2,5.0,-20,0.08457211224774581,240,20.297306939458995,6.089192081837698,4.0,2.089192081837698,Low,0
CUST_05387,Male,53,Germany,Sydney,SME,36,Quarterly,22,1,3,10,360,2,0,5.0,-44,0.2558956325067668,120,30.707475900812014,9.212242770243604,2.0,7.212242770243604,High,0
CUST_06565,Female,59,Germany,Delhi,Individual,59,Monthly,28,0,18,10,590,0,2,2.0,63,0.17751280139203635,120,21.30153616704436,6.390460850113308,2.0,4.390460850113308,High,0
CUST_02628,Female,40,Germany,Toronto,SME,1,Yearly,24,5,3,20,20,0,2,4.0,37,0.34709550366465414,240,83.30292087951699,24.990876263855096,4.0,20.990876263855096,High,0
CUST_07827,Male,21,India,Berlin,Individual,59,Quarterly,8,0,26,100,5900,0,1,4.0,84,0.06908859340496212,1200,82.90631208595455,24.871893625786367,20.0,4.871893625786367,Low,0
CUST_01382,Female,73,Canada,Dhaka,SME,32,Monthly,18,3,15,10,320,0,3,2.0,30,0.2803716258463173,120,33.644595101558075,10.093378530467422,2.0,8.093378530467422,High,1
CUST_08656,Female,23,USA,Toronto,Individual,51,Quarterly,23,3,19,30,1530,0,0,4.0,49,0.05458176156354508,360,19.64943416287623,5.894830248862869,6.0,-0.10516975113713123,Low,0
CUST_03935,Male,66,Bangladesh,New York,Individual,51,Quarterly,20,5,25,50,2550,2,1,3.0,40,0.19706586352358257,600,118.23951811414955,35.471855434244866,10.0,25.471855434244866,High,0
CUST_05228,Female,20,Canada,New York,Individual,13,Yearly,8,6,12,70,910,0,3,2.0,57,0.2792986404955169,840,234.6108580162342,70.38325740487026,14.0,56.383257404870264,High,0
CUST_02517,Male,34,India,Sydney,SME,52,Monthly,21,5,3,20,1040,0,1,4.0,16,0.050848841091715016,240,12.203721862011603,3.6611165586034806,4.0,-0.3388834413965194,Low,0
CUST_09637,Male,61,India,London,Individual,52,Yearly,15,4,10,70,3640,1,0,5.0,41,0.08784180427372217,840,73.78711558992661,22.136134676977985,14.0,8.136134676977985,Low,0
CUST_06726,Male,59,Bangladesh,Dhaka,Individual,55,Monthly,27,1,3,50,2750,0,2,4.0,-63,0.03130940529955669,600,18.785643179734013,5.635692953920204,10.0,-4.364307046079796,Low,0
CUST_03259,Male,27,India,London,Individual,55,Quarterly,11,4,13,50,2750,1,1,3.0,24,0.09566375322657208,600,57.39825193594325,17.219475580782973,10.0,7.219475580782973,Low,0
CUST_06635,Female,28,Australia,Berlin,Individual,13,Monthly,1,0,1,20,260,2,0,2.0,-5,0.3203594588475427,240,76.88627012341024,23.065881037023072,4.0,19.065881037023072,High,1
CUST_08311,Female,61,Canada,Sydney,SME,31,Monthly,30,0,10,50,1550,1,1,5.0,-55,0.06676347857864075,600,40.05808714718445,12.017426144155335,10.0,2.017426144155335,Low,0
CUST_08336,Male,40,USA,Toronto,SME,3,Monthly,30,6,11,20,60,0,0,3.0,3,0.30970309097904497,240,74.3287418349708,22.29862255049124,4.0,18.29862255049124,High,1
CUST_01598,Male,34,Bangladesh,Toronto,Individual,38,Monthly,24,5,6,30,1140,1,0,3.0,45,0.026864990842166356,360,9.671396703179887,2.901419010953966,6.0,-3.098580989046034,Low,0
CUST_08012,Male,54,Bangladesh,Delhi,Enterprise,13,Monthly,30,1,5,100,1300,1,1,4.0,3,0.0941253699555484,1200,112.95044394665808,33.885133183997425,20.0,13.885133183997425,Low,0
CUST_07725,Male,46,UK,New York,Individual,34,Quarterly,2,5,33,20,680,0,2,2.0,-29,0.38782187860290596,240,93.07725086469743,27.92317525940923,4.0,23.92317525940923,High,1
CUST_07279,Female,57,India,Sydney,SME,38,Quarterly,32,0,0,70,2660,0,0,5.0,-1,0.09121455857552874,840,76.62022920344414,22.98606876103324,14.0,8.986068761033241,Low,0
CUST_02265,Female,35,UK,London,Individual,53,Monthly,12,4,21,20,1060,0,2,4.0,52,0.08341923325069668,240,20.020615980167204,6.006184794050161,4.0,2.006184794050161,Low,0
CUST_03501,Male,66,UK,Dhaka,SME,53,Monthly,13,6,10,10,530,1,2,4.0,3,0.04349602128305005,120,5.219522553966006,1.5658567661898017,2.0,-0.43414323381019826,Low,0
CUST_04636,Female,36,Canada,Dhaka,Individual,50,Quarterly,28,6,12,10,500,0,1,2.0,-25,0.24032938004099022,120,28.839525604918826,8.651857681475647,2.0,6.651857681475647,High,0
CUST_07509,Male,21,Canada,Sydney,Individual,18,Yearly,14,6,3,10,180,0,2,5.0,11,0.07888115645033393,120,9.465738774040071,2.8397216322120213,2.0,0.8397216322120213,Low,0
CUST_09753,Female,71,Germany,Dhaka,Individual,20,Monthly,20,3,10,100,2000,2,3,3.0,3,0.1897835369947146,1200,227.74024439365752,68.32207331809725,20.0,48.32207331809725,High,0
CUST_04006,Female,53,Bangladesh,Berlin,Individual,36,Quarterly,7,7,11,10,360,0,1,5.0,9,0.0971881326115211,120,11.66257591338253,3.498772774014759,2.0,1.4987727740147592,Low,0
CUST_09396,Male,43,Australia,New York,Individual,56,Yearly,20,4,1,10,560,0,2,4.0,31,0.029273613311726704,120,3.5128335974072042,1.0538500792221612,2.0,-0.9461499207778388,Low,0
CUST_00598,Male,51,USA,London,Individual,23,Yearly,11,4,29,100,2300,0,3,4.0,48,0.08044016013917316,1200,96.52819216700779,28.958457650102336,20.0,8.958457650102336,Low,0
CUST_03727,Female,28,USA,Berlin,Individual,42,Monthly,21,5,0,10,420,0,1,3.0,-47,0.04894863353806967,120,5.8738360245683605,1.762150807370508,2.0,-0.2378491926294919,Low,0
CUST_07421,Female,34,USA,Dhaka,Individual,30,Yearly,0,6,12,50,1500,0,0,3.0,22,0.2053003705931649,600,123.18022235589893,36.95406670676968,10.0,26.95406670676968,High,0
CUST_02253,Male,38,Germany,Toronto,Individual,4,Quarterly,10,3,10,20,80,0,0,3.0,69,0.3978455938797898,240,95.48294253114955,28.644882759344863,4.0,24.644882759344863,High,1
CUST_01480,Female,72,Bangladesh,Sydney,SME,43,Quarterly,13,4,10,20,860,1,0,3.0,2,0.0587273254995973,240,14.094558119903352,4.2283674359710055,4.0,0.2283674359710055,Low,0
CUST_01753,Female,63,Germany,New York,Individual,1,Monthly,29,4,8,30,30,1,3,4.0,20,0.34857145494726466,360,125.48572378101528,37.64571713430458,6.0,31.645717134304583,High,1
CUST_08165,Male,44,Canada,New York,SME,56,Monthly,35,3,1,10,560,0,1,2.0,1,0.2265184229824055,120,27.182210757888658,8.154663227366598,2.0,6.154663227366598,High,1
CUST_04542,Female,34,Bangladesh,New York,Individual,13,Quarterly,28,3,13,10,130,0,2,1.0,14,0.1868118209690862,120,22.417418516290343,6.7252255548871025,2.0,4.7252255548871025,High,0
CUST_06878,Male,28,Canada,Sydney,SME,12,Monthly,17,0,2,70,840,2,4,4.0,-5,0.3274440936796248,840,275.0530386908848,82.51591160726544,14.0,68.51591160726544,High,0
CUST_02471,Female,62,Bangladesh,Berlin,Individual,50,Monthly,4,2,25,10,500,1,0,4.0,4,0.19854048693996348,120,23.82485843279562,7.147457529838685,2.0,5.147457529838685,High,0
CUST_06691,Male,38,UK,Sydney,Individual,52,Quarterly,13,2,8,20,1040,0,0,2.0,19,0.3022505109444851,240,72.54012262667642,21.762036788002927,4.0,17.762036788002927,High,0
CUST_09841,Female,50,Australia,Delhi,Individual,32,Monthly,24,3,25,30,960,0,1,4.0,43,0.0666115524332258,360,23.98015887596129,7.194047662788387,6.0,1.1940476627883871,Low,0
CUST_06049,Female,31,USA,Delhi,Individual,34,Monthly,2,5,0,50,1700,0,1,4.0,21,0.21225762400277046,600,127.35457440166228,38.20637232049868,10.0,28.20637232049868,High,1
CUST_01335,Female,63,Australia,Sydney,Individual,57,Monthly,25,2,5,10,570,0,3,2.0,41,0.26364785685274117,120,31.63774282232894,9.491322846698681,2.0,7.491322846698681,High,0
CUST_06373,Male,34,Bangladesh,Sydney,Individual,13,Monthly,32,6,8,30,390,0,2,2.0,5,0.1848727775003738,360,66.55419990013458,19.966259970040372,6.0,13.966259970040372,High,1
CUST_05446,Female,48,UK,Dhaka,SME,24,Quarterly,16,1,44,20,480,1,0,4.0,15,0.21031266059192816,240,50.475038542062755,15.142511562618825,4.0,11.142511562618825,High,1
CUST_08720,Female,33,Canada,New York,Individual,16,Monthly,51,1,14,50,800,0,2,3.0,6,0.08832774833844287,600,52.99664900306572,15.898994700919715,10.0,5.898994700919715,Low,0
CUST_05438,Male,18,Bangladesh,Toronto,SME,55,Quarterly,24,3,6,50,2750,1,0,2.0,6,0.18056771945941227,600,108.34063167564736,32.50218950269421,10.0,22.502189502694208,High,0
CUST_03067,Male,26,Bangladesh,London,Enterprise,46,Quarterly,17,7,3,20,920,0,1,3.0,-30,0.09406997977487785,240,22.576795145970685,6.7730385437912055,4.0,2.7730385437912055,Low,0
CUST_03580,Male,24,UK,Sydney,Individual,45,Quarterly,8,4,0,10,450,0,1,4.0,42,0.06302823288061439,120,7.5633879456737265,2.269016383702118,2.0,0.2690163837021178,Low,0
CUST_06898,Female,64,Germany,Delhi,Individual,37,Monthly,21,3,3,10,370,0,1,5.0,71,0.03618621544339106,120,4.342345853206927,1.3027037559620782,2.0,-0.6972962440379218,Low,0
CUST_06240,Female,56,Australia,Berlin,Individual,4,Yearly,38,4,4,30,120,1,0,2.0,-18,0.4199730296862473,360,151.190290687049,45.357087206114706,6.0,39.357087206114706,High,0
CUST_06017,Female,45,Canada,Toronto,Individual,23,Monthly,10,3,2,70,1610,0,2,3.0,13,0.07611479919641993,840,63.936431324992746,19.180929397497824,14.0,5.180929397497824,Low,0
CUST_02606,Male,73,Australia,New York,Individual,45,Monthly,26,2,1,50,2250,1,3,5.0,-12,0.07582137227591207,600,45.49282336554724,13.64784700966417,10.0,3.6478470096641704,Low,0
CUST_01426,Female,62,Canada,London,Individual,42,Quarterly,0,1,6,50,2100,0,2,1.0,24,0.4368960948813328,600,262.1376569287997,78.64129707863991,10.0,68.64129707863991,High,0
CUST_07714,Female,22,India,Dhaka,Individual,22,Yearly,20,5,9,70,1540,1,1,5.0,-19,0.060890005660498,840,51.14760475481832,15.344281426445495,14.0,1.3442814264454945,Low,0
CUST_04718,Female,40,Canada,Berlin,Individual,36,Monthly,26,7,40,50,1800,0,1,4.0,-90,0.0796849827981563,600,47.81098967889378,14.343296903668135,10.0,4.343296903668135,Low,0
CUST_04885,Female,23,USA,Delhi,Individual,38,Monthly,24,2,32,30,1140,1,2,4.0,5,0.08136814535407975,360,29.292532327468713,8.787759698240613,6.0,2.787759698240613,Low,1
CUST_08310,Female,62,USA,Berlin,SME,22,Monthly,25,5,22,20,440,0,0,4.0,42,0.05166510175232299,240,12.399624420557517,3.719887326167255,4.0,-0.2801126738327451,Low,0
CUST_09792,Female,60,Bangladesh,Berlin,SME,48,Quarterly,22,5,13,100,4800,0,0,3.0,-21,0.058944388031678396,1200,70.73326563801407,21.219979691404223,20.0,1.2199796914042231,Low,0
CUST_00817,Male,41,Canada,Sydney,Individual,19,Monthly,18,4,13,20,380,0,1,5.0,35,0.04939143553779246,240,11.85394452907019,3.556183358721057,4.0,-0.4438166412789428,Low,0
CUST_03234,Female,67,India,Sydney,Enterprise,29,Quarterly,18,0,3,20,580,0,2,4.0,-7,0.03529686184874338,240,8.471246843698411,2.5413740531095232,4.0,-1.4586259468904768,Low,0
CUST_08103,Male,44,Bangladesh,Toronto,SME,20,Monthly,22,3,6,20,400,3,0,3.0,-60,0.22829958233167683,240,54.79189975960244,16.43756992788073,4.0,12.43756992788073,High,0
CUST_08805,Male,73,Canada,Toronto,Individual,54,Yearly,1,0,8,70,3780,0,0,3.0,44,0.24020853522206498,840,201.7751695865346,60.532550875960375,14.0,46.532550875960375,High,0
CUST_04211,Male,43,Germany,Delhi,Enterprise,7,Monthly,30,7,1,50,350,0,2,3.0,13,0.09443968172120255,600,56.66380903272153,16.999142709816457,10.0,6.999142709816457,Low,0
CUST_09264,Female,70,India,New York,Individual,1,Quarterly,0,3,6,30,30,1,0,1.0,15,0.37117135649071437,360,133.62168833665717,40.08650650099715,6.0,34.08650650099715,High,0
CUST_08167,Male,21,Australia,Berlin,Individual,35,Monthly,14,7,27,10,350,0,2,4.0,27,0.13244124133037366,120,15.892948959644839,4.767884687893451,2.0,2.767884687893451,Low,0
CUST_07767,Male,64,UK,Berlin,Enterprise,5,Monthly,26,5,9,70,350,0,1,4.0,-8,0.1860488908514677,840,156.28106831523286,46.884320494569856,14.0,32.884320494569856,High,0
CUST_07675,Female,69,India,Dhaka,Individual,28,Quarterly,18,0,5,30,840,1,0,3.0,55,0.04887033212346942,360,17.59331956444899,5.277995869334696,6.0,-0.7220041306653036,Low,0
CUST_04249,Male,36,Canada,London,SME,21,Monthly,6,5,3,30,630,1,1,3.0,39,0.12434719576027232,360,44.764990473698035,13.42949714210941,6.0,7.42949714210941,Low,0
CUST_06281,Female,64,UK,Toronto,Individual,48,Quarterly,26,2,29,70,3360,0,0,4.0,36,0.08475292222156301,840,71.19245466611294,21.35773639983388,14.0,7.357736399833879,Low,0
CUST_05568,Female,71,India,Delhi,Individual,24,Monthly,35,3,18,20,480,1,0,4.0,-5,0.04542467891771178,240,10.901922940250827,3.270576882075248,4.0,-0.7294231179247519,Low,0
CUST_01384,Female,46,Bangladesh,Berlin,SME,44,Monthly,22,1,36,50,2200,2,0,3.0,-51,0.14445795674474693,600,86.67477404684816,26.002432214054448,10.0,16.002432214054448,Low,0
CUST_07359,Female,46,UK,Berlin,Individual,58,Monthly,0,5,6,30,1740,0,0,3.0,93,0.25507648700382346,360,91.82753532137644,27.548260596412934,6.0,21.548260596412934,High,0
CUST_02783,Male,48,USA,Berlin,SME,33,Quarterly,9,7,0,10,330,1,1,4.0,25,0.07062696527556216,120,8.475235833067458,2.5425707499202375,2.0,0.5425707499202375,Low,0
CUST_01622,Female,27,India,Delhi,Enterprise,2,Yearly,15,3,12,10,20,0,0,2.0,39,0.3988394427823652,120,47.860733133883826,14.358219940165148,2.0,12.358219940165148,High,0
CUST_02907,Female,52,Canada,London,Individual,6,Monthly,12,5,9,20,120,0,1,5.0,74,0.09434449961038426,240,22.642679906492223,6.7928039719476665,4.0,2.7928039719476665,Low,0
CUST_05785,Female,69,India,Dhaka,SME,47,Monthly,22,3,10,20,940,1,5,2.0,7,0.18002204410608183,240,43.205290585459636,12.96158717563789,4.0,8.96158717563789,High,0
CUST_07853,Female,37,India,London,Individual,13,Yearly,19,3,4,30,390,0,2,3.0,23,0.07455880006531998,360,26.84116802351519,8.052350407054558,6.0,2.0523504070545577,Low,0
CUST_00157,Male,59,Bangladesh,New York,SME,2,Yearly,18,0,10,20,40,1,0,2.0,12,0.3951771967299043,240,94.84252721517703,28.452758164553106,4.0,24.452758164553106,High,1
CUST_09048,Male,20,Germany,Sydney,Individual,28,Yearly,16,4,16,30,840,1,0,4.0,62,0.056451731524020304,360,20.32262334864731,6.0967870045941925,6.0,0.09678700459419254,Low,0
CUST_05033,Female,60,Australia,London,Individual,14,Yearly,0,4,2,50,700,0,0,4.0,-24,0.29413807289087174,600,176.48284373452304,52.94485312035691,10.0,42.94485312035691,High,0
CUST_04628,Female,36,USA,Berlin,Individual,25,Quarterly,26,7,10,20,500,1,1,5.0,-32,0.02149861532396724,240,5.159667677752138,1.5479003033256413,4.0,-2.4520996966743587,Low,0
CUST_09715,Male,47,USA,Dhaka,SME,47,Monthly,9,1,22,20,940,0,2,5.0,-20,0.06570504298070139,240,15.769210315368333,4.7307630946104995,4.0,0.7307630946104995,Low,0
CUST_01777,Female,37,Bangladesh,Delhi,SME,14,Monthly,25,6,24,10,140,0,3,5.0,20,0.08639966171179841,120,10.36795940541581,3.110387821624743,2.0,1.1103878216247431,Low,0
CUST_08681,Male,49,India,Berlin,Individual,57,Quarterly,13,7,23,50,2850,0,2,4.0,-100,0.10183725477380509,600,61.102352864283056,18.330705859284915,10.0,8.330705859284915,Low,0
CUST_09895,Female,18,Bangladesh,New York,SME,47,Quarterly,10,3,3,10,470,0,2,3.0,-52,0.06270441740423742,120,7.524530088508491,2.257359026552547,2.0,0.25735902655254694,Low,0
CUST_02358,Male,50,India,Berlin,Enterprise,58,Monthly,23,6,35,70,4060,0,1,5.0,2,0.08126530980171957,840,68.26286023344444,20.478858070033333,14.0,6.478858070033333,Low,0
CUST_06039,Male,46,USA,New York,Individual,5,Monthly,16,0,0,70,350,0,2,3.0,70,0.29980829270169745,840,251.83896586942586,75.55168976082776,14.0,61.551689760827756,High,0
CUST_01878,Female,74,Germany,Berlin,SME,48,Monthly,29,2,34,10,480,0,1,3.0,31,0.21458052840874367,120,25.74966340904924,7.724899022714772,2.0,5.724899022714772,High,0
CUST_02706,Female,51,USA,Sydney,SME,13,Monthly,30,1,2,100,1300,0,0,5.0,-39,0.12491254147981913,1200,149.89504977578295,44.968514932734884,20.0,24.968514932734884,Low,1
CUST_04594,Female,21,UK,Delhi,Enterprise,5,Yearly,19,1,21,30,150,0,2,4.0,16,0.38014022152366717,360,136.85047974852017,41.05514392455605,6.0,35.05514392455605,High,0
CUST_08522,Female,53,Germany,Sydney,SME,10,Quarterly,26,3,0,10,100,0,3,5.0,35,0.06469851039429722,120,7.763821247315667,2.3291463741947,2.0,0.32914637419469983,Low,0
CUST_01734,Female,73,UK,New York,Individual,20,Yearly,28,3,26,50,1000,0,2,3.0,-29,0.06186691771271682,600,37.12015062763009,11.136045188289026,10.0,1.1360451882890263,Low,0
CUST_04128,Male,32,Bangladesh,Berlin,Individual,25,Monthly,10,1,18,50,1250,1,1,5.0,76,0.06526339948674326,600,39.15803969204595,11.747411907613786,10.0,1.7474119076137864,Low,0
CUST_04766,Male,60,USA,Berlin,Individual,7,Monthly,20,3,2,20,140,0,2,5.0,35,0.05875647318564618,240,14.101553564555084,4.230466069366525,4.0,0.2304660693665248,Low,0
CUST_09727,Male,29,USA,Sydney,SME,55,Monthly,22,0,11,30,1650,0,2,2.0,60,0.2934626175678808,360,105.64654232443708,31.693962697331123,6.0,25.693962697331123,High,1
CUST_08758,Male,34,Canada,Sydney,SME,33,Monthly,34,5,6,30,990,2,1,4.0,-47,0.2155130198765715,360,77.58468715556575,23.275406146669724,6.0,17.275406146669724,High,0
CUST_01447,Female,68,Bangladesh,Berlin,SME,17,Quarterly,25,4,28,70,1190,0,0,3.0,0,0.08766018544532503,840,73.63455577407302,22.090366732221906,14.0,8.090366732221906,Low,0
CUST_04389,Male,66,Canada,Sydney,Individual,19,Monthly,34,3,4,70,1330,0,1,3.0,-48,0.05991766421285046,840,50.33083793879439,15.099251381638316,14.0,1.0992513816383163,Low,0
CUST_07252,Female,32,USA,New York,Enterprise,33,Monthly,27,1,3,30,990,0,1,3.0,-31,0.0230214772259698,360,8.287731801349128,2.4863195404047382,6.0,-3.5136804595952618,Low,0
CUST_04638,Male,67,Germany,Berlin,Individual,29,Monthly,32,2,11,10,290,2,2,4.0,-22,0.17520972861254988,120,21.025167433505985,6.307550230051795,2.0,4.307550230051795,High,0
CUST_09545,Male,72,Canada,New York,Individual,6,Quarterly,16,0,0,30,180,0,2,5.0,-16,0.10128014143901726,360,36.46085091804621,10.938255275413864,6.0,4.938255275413864,Low,0
CUST_04789,Female,47,Canada,London,SME,35,Monthly,16,5,10,20,700,1,1,1.0,0,0.2521547032158064,240,60.51712877179354,18.155138631538062,4.0,14.155138631538062,High,0
CUST_04300,Female,43,Canada,Delhi,Enterprise,58,Monthly,11,3,6,70,4060,0,2,3.0,29,0.12545982045793957,840,105.38624918466924,31.61587475540077,14.0,17.61587475540077,Low,0
CUST_05380,Female,44,India,London,Individual,11,Monthly,7,2,6,30,330,0,0,2.0,46,0.286116783998904,360,103.00204223960544,30.900612671881632,6.0,24.900612671881632,High,0
CUST_05370,Female,74,India,Dhaka,Individual,16,Yearly,21,0,35,30,480,2,0,3.0,36,0.19207442641199235,360,69.14679350831724,20.744038052495174,6.0,14.744038052495174,High,1
CUST_03854,Male,26,Australia,London,Enterprise,20,Yearly,27,7,8,10,200,0,1,2.0,37,0.23809897977207356,120,28.571877572648827,8.571563271794648,2.0,6.571563271794648,High,0
CUST_02172,Female,70,India,Toronto,Individual,43,Quarterly,14,2,3,50,2150,0,1,4.0,-2,0.014535248575144287,600,8.721149145086573,2.6163447435259717,10.0,-7.383655256474029,Low,1
CUST_01089,Female,19,USA,Toronto,SME,32,Monthly,36,4,3,20,640,0,0,3.0,19,0.05228626667994769,240,12.548704003187446,3.7646112009562334,4.0,-0.23538879904376664,Low,0
CUST_01455,Male,19,Bangladesh,Sydney,SME,30,Monthly,6,7,1,50,1500,0,2,4.0,-10,0.071446442997084,600,42.8678657982504,12.86035973947512,10.0,2.86035973947512,Low,0
CUST_05456,Male,49,Canada,Sydney,Individual,16,Yearly,14,7,1,30,480,1,2,4.0,98,0.04670689078653869,360,16.814480683153928,5.044344204946178,6.0,-0.955655795053822,Low,0
CUST_06553,Female,67,Canada,Berlin,Individual,3,Yearly,17,3,1,10,30,0,1,4.0,20,0.3178132544419884,120,38.137590533038605,11.44127715991158,2.0,9.44127715991158,High,0
CUST_09709,Male,55,India,Dhaka,Individual,13,Yearly,27,5,30,20,260,0,1,3.0,75,0.11138053210657363,240,26.73132770557767,8.019398311673301,4.0,4.019398311673301,Low,0
CUST_09428,Female,22,Australia,New York,Individual,37,Yearly,29,0,0,30,1110,0,0,3.0,65,0.052276390314841,360,18.81950051334276,5.645850154002828,6.0,-0.35414984599717236,Low,0
CUST_01998,Male,39,UK,New York,Enterprise,45,Quarterly,15,7,4,20,900,0,1,4.0,44,0.05423056559644497,240,13.015335743146792,3.9046007229440374,4.0,-0.09539927705596263,Low,0
CUST_07629,Male,59,Bangladesh,New York,SME,31,Monthly,28,4,7,20,620,0,1,3.0,37,0.05699298255246296,240,13.67831581259111,4.103494743777333,4.0,0.10349474377733259,Low,0
CUST_04297,Female,74,Germany,Dhaka,Individual,13,Yearly,18,4,2,10,130,0,1,3.0,-11,0.1056970035138643,120,12.683640421663716,3.8050921264991144,2.0,1.8050921264991144,Low,0
CUST_03004,Female,30,Australia,Sydney,Individual,58,Monthly,43,7,23,10,580,0,0,4.0,14,0.10460801727229592,120,12.552962072675511,3.7658886218026533,2.0,1.7658886218026533,Low,0
CUST_03785,Female,40,UK,London,Individual,58,Monthly,10,0,6,20,1160,1,1,3.0,33,0.1209930679551046,240,29.038336309225105,8.711500892767532,4.0,4.711500892767532,Low,0
CUST_09692,Male,62,Bangladesh,Berlin,Enterprise,6,Monthly,8,0,7,50,300,0,2,3.0,63,0.11717942275489998,600,70.30765365293999,21.092296095881995,10.0,11.092296095881995,Low,0
CUST_08185,Female,27,UK,Sydney,SME,52,Yearly,19,2,1,30,1560,1,1,3.0,80,0.044414661316917174,360,15.989278074090183,4.796783422227055,6.0,-1.2032165777729453,Low,0
CUST_02290,Male,50,Germany,Sydney,Individual,4,Yearly,25,2,4,10,40,0,4,4.0,100,0.30876966393037175,120,37.05235967164461,11.115707901493382,2.0,9.115707901493382,High,0
CUST_07716,Male,49,Canada,Toronto,Individual,14,Quarterly,33,5,10,50,700,0,1,4.0,77,0.11147946681595516,600,66.8876800895731,20.06630402687193,10.0,10.06630402687193,Low,0
CUST_03300,Male,47,USA,London,SME,25,Quarterly,18,2,5,100,2500,2,0,3.0,16,0.2401776968198887,1200,288.21323618386646,86.46397085515993,20.0,66.46397085515993,High,1
CUST_02307,Female,25,Bangladesh,Sydney,SME,43,Monthly,19,1,3,20,860,0,2,4.0,100,0.06196783717858838,240,14.872280922861211,4.461684276858363,4.0,0.4616842768583629,Low,0
CUST_08173,Female,19,USA,Toronto,Individual,22,Monthly,36,0,19,30,660,1,2,4.0,8,0.10084256923251148,360,36.30332492370413,10.89099747711124,6.0,4.89099747711124,Low,0
CUST_08155,Female,33,Canada,Toronto,Individual,56,Monthly,11,5,19,50,2800,0,1,3.0,2,0.08691511608949468,600,52.149069653696806,15.64472089610904,10.0,5.644720896109041,Low,1
CUST_08516,Female,62,Canada,Berlin,SME,54,Monthly,19,0,2,100,5400,0,1,5.0,27,0.08812031150403536,1200,105.74437380484244,31.72331214145273,20.0,11.72331214145273,Low,0
CUST_04753,Male,38,India,New York,Individual,11,Monthly,0,3,24,10,110,1,3,4.0,41,0.24236289410138842,120,29.08354729216661,8.725064187649982,2.0,6.725064187649982,High,0
CUST_07064,Male,37,Australia,New York,Individual,30,Monthly,0,0,4,70,2100,0,2,5.0,-43,0.2808667140683992,840,235.92803981745533,70.7784119452366,14.0,56.7784119452366,High,0
CUST_07138,Male,23,Bangladesh,Delhi,Individual,47,Monthly,25,0,8,30,1410,1,1,3.0,47,0.04718200586783677,360,16.985522112421236,5.095656633726371,6.0,-0.9043433662736291,Low,0
CUST_08790,Female,42,USA,Toronto,SME,31,Monthly,31,6,0,10,310,0,0,4.0,76,0.09206277768550887,120,11.047533322261064,3.314259996678319,2.0,1.3142599966783188,Low,0
CUST_00368,Female,42,Canada,London,Individual,45,Monthly,27,3,1,10,450,1,0,4.0,-34,0.044548537022073766,120,5.345824442648852,1.6037473327946556,2.0,-0.39625266720534436,Low,0
CUST_03548,Female,72,Germany,London,Individual,45,Monthly,12,7,2,50,2250,1,3,3.0,10,0.09738781207785682,600,58.432687246714096,17.52980617401423,10.0,7.5298061740142295,Low,0
CUST_06561,Female,56,Bangladesh,Sydney,Individual,26,Quarterly,13,3,28,10,260,0,2,3.0,22,0.09042151497074975,120,10.850581796489971,3.2551745389469913,2.0,1.2551745389469913,Low,0
CUST_07832,Male,59,UK,Sydney,SME,15,Quarterly,11,3,23,10,150,1,1,2.0,46,0.2842302409915364,120,34.10762891898437,10.23228867569531,2.0,8.23228867569531,High,0
CUST_07711,Male,46,USA,New York,Enterprise,1,Quarterly,27,4,8,50,50,0,0,4.0,19,0.35766083044312136,600,214.5964982658728,64.37894947976184,10.0,54.37894947976184,High,1
CUST_04269,Male,63,USA,Sydney,Individual,47,Monthly,31,1,13,20,940,1,0,3.0,-33,0.029863775567475118,240,7.1673061361940285,2.1501918408582084,4.0,-1.8498081591417916,Low,0
CUST_02469,Male,72,Germany,Delhi,Individual,56,Quarterly,23,1,17,10,560,0,2,4.0,68,0.059144332702810325,120,7.097319924337239,2.1291959773011717,2.0,0.12919597730117172,Low,0
CUST_09297,Male,47,Germany,Toronto,Enterprise,12,Yearly,38,7,5,10,120,0,0,5.0,-30,0.10931177610369958,120,13.11741313244395,3.9352239397331847,2.0,1.9352239397331847,Low,0
CUST_07254,Male,74,India,Berlin,SME,15,Monthly,28,2,2,10,150,2,1,3.0,-46,0.2585453716899674,120,31.025444602796085,9.307633380838825,2.0,7.3076333808388245,High,0
CUST_06640,Female,25,UK,Toronto,Individual,9,Monthly,19,1,6,30,270,1,2,3.0,20,0.09623443633836953,360,34.64439708181303,10.39331912454391,6.0,4.393319124543909,Low,0
CUST_02915,Male,29,USA,Toronto,SME,46,Monthly,6,5,0,20,920,0,2,4.0,63,0.056123065930913124,240,13.46953582341915,4.040860747025745,4.0,0.040860747025744715,Low,0
CUST_00870,Female,30,USA,Delhi,Individual,30,Monthly,35,0,3,10,300,0,3,4.0,-23,0.08624802730415482,120,10.349763276498578,3.1049289829495734,2.0,1.1049289829495734,Low,0
CUST_09844,Female,73,Australia,Toronto,SME,24,Quarterly,0,2,5,70,1680,0,4,2.0,71,0.37086056293079944,840,311.5228728618715,93.45686185856145,14.0,79.45686185856145,High,0
CUST_08842,Female,41,Bangladesh,Sydney,Individual,27,Yearly,0,3,23,20,540,1,1,5.0,-33,0.29972709410655424,240,71.93450258557301,21.580350775671903,4.0,17.580350775671903,High,1
CUST_02216,Female,65,USA,Toronto,Individual,57,Yearly,0,0,15,20,1140,0,1,3.0,19,0.2673656454694307,240,64.16775491266337,19.25032647379901,4.0,15.25032647379901,High,1
CUST_03428,Male,69,Australia,Sydney,SME,56,Monthly,24,4,27,20,1120,1,0,3.0,-48,0.10324992677502268,240,24.779982426005443,7.4339947278016325,4.0,3.4339947278016325,Low,0
CUST_00878,Female,27,Germany,London,SME,59,Monthly,23,7,3,20,1180,1,1,3.0,-25,0.10477141959756207,240,25.1451407034149,7.543542211024469,4.0,3.5435422110244694,Low,0
CUST_00758,Male,27,Germany,Dhaka,Individual,2,Yearly,27,6,4,20,40,0,1,5.0,27,0.3846487777377556,240,92.31570665706134,27.6947119971184,4.0,23.6947119971184,High,0
CUST_06658,Male,32,Bangladesh,New York,SME,26,Monthly,25,3,1,10,260,0,3,4.0,39,0.043682501042576594,120,5.241900125109192,1.5725700375327574,2.0,-0.42742996246724263,Low,0
CUST_01533,Female,44,India,Berlin,Enterprise,36,Monthly,20,3,20,30,1080,1,1,4.0,74,0.07369412893382898,360,26.529886416178435,7.95896592485353,6.0,1.9589659248535298,Low,0
CUST_01652,Female,28,USA,Berlin,Enterprise,58,Monthly,19,3,0,20,1160,0,1,4.0,47,0.10386527028130688,240,24.92766486751365,7.478299460254094,4.0,3.478299460254094,Low,0
CUST_06842,Female,19,USA,London,SME,33,Monthly,15,4,4,30,990,0,2,4.0,78,0.06203037791803925,360,22.33093605049413,6.6992808151482395,6.0,0.6992808151482395,Low,0
CUST_02164,Female,31,Australia,Berlin,SME,40,Quarterly,16,4,9,30,1200,1,3,5.0,-2,0.05064427565595251,360,18.231939236142903,5.469581770842871,6.0,-0.5304182291571289,Low,1
CUST_02272,Male,60,Australia,Sydney,Individual,29,Quarterly,9,6,6,10,290,0,1,4.0,42,0.07116117370979672,120,8.539340845175605,2.5618022535526817,2.0,0.5618022535526817,Low,0
CUST_08945,Male,27,Bangladesh,Sydney,Individual,59,Yearly,22,5,5,50,2950,0,2,4.0,-3,0.05941752473515773,600,35.65051484109464,10.695154452328392,10.0,0.6951544523283921,Low,0
CUST_04044,Female,30,Canada,London,Individual,35,Monthly,29,4,5,50,1750,1,1,5.0,35,0.047330859215249856,600,28.398515529149915,8.519554658744974,10.0,-1.4804453412550256,Low,0
CUST_01069,Male,55,Germany,Sydney,Individual,33,Quarterly,10,4,25,20,660,1,0,2.0,3,0.1911604412433524,240,45.878505898404576,13.763551769521372,4.0,9.763551769521372,High,0
CUST_06744,Male,49,Australia,Berlin,Individual,9,Monthly,27,7,21,30,270,2,4,3.0,-56,0.23010702269285252,360,82.83852816942691,24.851558450828072,6.0,18.851558450828072,High,1
CUST_05732,Male,29,Germany,Dhaka,SME,6,Quarterly,25,2,10,10,60,0,1,3.0,78,0.13701451322408428,120,16.441741586890114,4.932522476067034,2.0,2.9325224760670343,Low,0
CUST_05854,Female,22,Germany,Delhi,Individual,57,Quarterly,22,7,4,10,570,0,0,4.0,76,0.07033337634830836,120,8.440005161797004,2.532001548539101,2.0,0.532001548539101,Low,0
CUST_02396,Female,56,Germany,Toronto,Individual,11,Quarterly,23,4,6,50,550,0,1,5.0,-16,0.11305648642310992,600,67.83389185386595,20.350167556159786,10.0,10.350167556159786,Low,1
CUST_00562,Male,63,UK,Sydney,SME,42,Monthly,36,0,14,70,2940,0,2,3.0,8,0.07441877188202138,840,62.51176838089796,18.75353051426939,14.0,4.753530514269389,Low,0
CUST_08238,Female,34,India,New York,Individual,48,Monthly,10,5,11,70,3360,1,2,2.0,23,0.29488440074056177,840,247.70289662207188,74.31086898662156,14.0,60.31086898662156,High,0
CUST_00526,Male,47,India,London,Individual,25,Monthly,0,1,0,50,1250,0,2,4.0,-4,0.15385889392609586,600,92.31533635565752,27.694600906697257,10.0,17.694600906697257,High,0
CUST_09650,Female,57,India,Sydney,Individual,28,Monthly,32,1,5,20,560,0,0,5.0,19,0.03665530009791335,240,8.797272023499204,2.639181607049761,4.0,-1.360818392950239,Low,0
CUST_06629,Male,68,Bangladesh,London,Individual,20,Yearly,3,0,6,30,600,0,2,3.0,16,0.2961494737278764,360,106.61381054203551,31.98414316261065,6.0,25.98414316261065,High,1
CUST_07130,Female,34,UK,Toronto,Individual,2,Monthly,24,7,29,30,60,1,0,4.0,100,0.2158241251719688,360,77.69668506190877,23.30900551857263,6.0,17.30900551857263,High,0
CUST_01186,Female,19,Bangladesh,Toronto,Individual,7,Monthly,31,3,1,30,210,0,4,5.0,-14,0.07337053069459812,360,26.413391050055324,7.924017315016597,6.0,1.924017315016597,Low,0
CUST_01670,Female,41,USA,New York,Enterprise,37,Yearly,16,0,2,30,1110,0,1,4.0,-3,0.03952839504193953,360,14.23022221509823,4.269066664529469,6.0,-1.7309333354705307,Low,0
CUST_02193,Female,56,India,Dhaka,Individual,34,Monthly,15,7,7,20,680,0,2,2.0,87,0.23797586730400985,240,57.11420815296236,17.13426244588871,4.0,13.134262445888709,High,0
CUST_05627,Male,53,Canada,Dhaka,Individual,13,Quarterly,35,0,7,20,260,1,3,5.0,76,0.09349684841418851,240,22.439243619405243,6.7317730858215725,4.0,2.7317730858215725,Low,0
CUST_06728,Male,69,Australia,Dhaka,Individual,15,Monthly,29,7,5,10,150,0,0,4.0,29,0.0570520248545302,120,6.846242982543624,2.0538728947630873,2.0,0.05387289476308732,Low,0
CUST_00840,Male,44,UK,Sydney,SME,8,Monthly,26,2,1,30,240,1,0,4.0,78,0.10921247459155511,360,39.31649085295984,11.794947255887951,6.0,5.794947255887951,Low,0
CUST_03953,Female,57,Bangladesh,Sydney,Individual,51,Monthly,23,1,5,50,2550,1,1,3.0,-49,0.03653981481780066,600,21.923888890680395,6.577166667204119,10.0,-3.4228333327958813,Low,0
CUST_04780,Female,20,Bangladesh,Berlin,Individual,50,Monthly,18,5,1,30,1500,1,2,3.0,25,0.04672407584926773,360,16.820667305736382,5.0462001917209145,6.0,-0.9537998082790855,Low,0
CUST_05899,Male,25,India,Dhaka,Individual,39,Monthly,18,6,4,20,780,0,1,5.0,7,0.07056283584941225,240,16.935080603858943,5.080524181157682,4.0,1.0805241811576822,Low,0
CUST_08249,Male,40,USA,Dhaka,Individual,28,Quarterly,27,2,11,10,280,1,1,2.0,-31,0.25945762286668966,120,31.13491474400276,9.340474423200828,2.0,7.340474423200828,High,0
CUST_05028,Male,54,USA,Delhi,Individual,16,Yearly,29,7,31,10,160,1,1,3.0,23,0.14587350625459514,120,17.504820750551417,5.251446225165425,2.0,3.2514462251654246,Low,0
CUST_01955,Male,18,Australia,Dhaka,Individual,23,Quarterly,26,7,0,30,690,0,1,4.0,25,0.03574727713495963,360,12.869019768585465,3.8607059305756395,6.0,-2.1392940694243605,Low,0
CUST_02773,Female,18,USA,Berlin,SME,31,Yearly,6,2,7,50,1550,2,0,3.0,7,0.2849272206781583,600,170.95633240689497,51.28689972206849,10.0,41.28689972206849,High,0
CUST_07910,Female,37,Australia,Dhaka,Individual,18,Monthly,28,2,1,30,540,1,2,2.0,47,0.2415955260421572,360,86.97438937517659,26.092316812552976,6.0,20.092316812552976,High,1
CUST_01633,Female,51,UK,Toronto,Individual,34,Quarterly,19,1,0,30,1020,0,2,2.0,56,0.2235669250177882,360,80.48409300640375,24.145227901921125,6.0,18.145227901921125,High,0
CUST_00066,Female,38,UK,Berlin,Individual,21,Monthly,20,5,0,50,1050,1,2,3.0,0,0.062127458476403385,600,37.27647508584203,11.182942525752608,10.0,1.1829425257526083,Low,0
CUST_00102,Female,67,India,Dhaka,SME,46,Monthly,9,2,35,50,2300,2,2,3.0,35,0.21584894277537728,600,129.50936566522637,38.852809699567906,10.0,28.852809699567906,High,0
CUST_04151,Female,68,Bangladesh,New York,SME,57,Yearly,25,6,2,10,570,0,1,3.0,-39,0.07792912512792784,120,9.35149501535134,2.8054485046054016,2.0,0.8054485046054016,Low,0
CUST_05909,Male,61,Australia,Sydney,Individual,19,Quarterly,21,4,22,50,950,0,2,2.0,18,0.19969485385494154,600,119.81691231296493,35.945073693889476,10.0,25.945073693889476,High,0
CUST_02257,Male,65,USA,Toronto,SME,47,Monthly,18,6,2,100,4700,0,2,3.0,-32,0.053617340485785,1200,64.340808582942,19.3022425748826,20.0,-0.6977574251173984,Low,0
CUST_03041,Male,68,USA,Delhi,SME,51,Monthly,14,2,3,50,2550,1,0,4.0,-19,0.06497682852425345,600,38.98609711455207,11.695829134365619,10.0,1.6958291343656189,Low,0
CUST_06666,Female,22,Germany,Delhi,SME,28,Quarterly,22,4,9,20,560,1,1,1.0,-18,0.25211178471565426,240,60.50682833175702,18.152048499527105,4.0,14.152048499527105,High,1
CUST_08305,Male,41,Bangladesh,Berlin,Individual,22,Monthly,33,4,9,50,1100,2,1,4.0,67,0.09305055724073638,600,55.83033434444183,16.749100303332547,10.0,6.749100303332547,Low,0
CUST_01699,Male,43,Germany,Toronto,Individual,28,Quarterly,41,4,5,50,1400,0,1,2.0,16,0.19544605974652485,600,117.2676358479149,35.18029075437447,10.0,25.180290754374468,High,0
CUST_06715,Female,72,Bangladesh,Sydney,Individual,18,Quarterly,35,5,7,50,900,0,1,1.0,47,0.18114393035906015,600,108.68635821543609,32.605907464630825,10.0,22.605907464630825,High,0
CUST_06951,Female,29,India,Dhaka,Individual,8,Monthly,27,0,8,10,80,0,0,3.0,1,0.17165672288660042,120,20.59880674639205,6.179642023917615,2.0,4.179642023917615,High,0
CUST_01994,Male,25,Australia,Toronto,SME,15,Yearly,19,6,3,30,450,0,2,4.0,-8,0.07830573299858844,360,28.190063879491838,8.457019163847551,6.0,2.4570191638475514,Low,0
CUST_03691,Female,32,Bangladesh,Berlin,Individual,24,Monthly,15,5,7,20,480,0,1,3.0,74,0.02201049597470651,240,5.282519033929563,1.5847557101788687,4.0,-2.415244289821131,Low,0
CUST_05075,Male,64,Germany,London,SME,32,Monthly,18,6,7,50,1600,1,0,5.0,0,0.08356842291668228,600,50.14105375000936,15.042316125002808,10.0,5.042316125002808,Low,0
CUST_09791,Male,66,Bangladesh,Berlin,SME,17,Monthly,2,5,2,20,340,0,0,3.0,-12,0.28127295816522213,240,67.50550995965331,20.25165298789599,4.0,16.25165298789599,High,0
CUST_07030,Female,54,USA,Dhaka,SME,58,Quarterly,8,2,9,30,1740,0,3,5.0,41,0.06029718971024354,360,21.706988295687673,6.512096488706302,6.0,0.5120964887063018,Low,0
CUST_08605,Female,32,Canada,London,Individual,19,Monthly,8,6,2,20,380,0,2,3.0,25,0.050215302467458235,240,12.051672592189977,3.615501777656993,4.0,-0.3844982223430069,Low,0
CUST_02286,Female,72,India,Delhi,Individual,50,Monthly,30,7,3,30,1500,0,1,5.0,80,0.06561154831849639,360,23.6201573946587,7.08604721839761,6.0,1.08604721839761,Low,0
CUST_05575,Female,28,Germany,Dhaka,Individual,13,Monthly,17,2,17,70,910,0,1,4.0,39,0.09939805492356617,840,83.49436613579559,25.048309840738675,14.0,11.048309840738675,Low,0
CUST_05400,Male,59,Canada,Delhi,Individual,30,Monthly,10,4,24,20,600,0,1,5.0,-27,0.07597887305640856,240,18.234929533538054,5.470478860061416,4.0,1.4704788600614158,Low,0
CUST_08755,Male,31,Canada,Dhaka,Individual,53,Yearly,13,1,3,20,1060,1,3,3.0,-38,0.06832924519838716,240,16.39901884761292,4.9197056542838755,4.0,0.9197056542838755,Low,0
CUST_00059,Male,29,Germany,Toronto,Individual,38,Quarterly,25,5,0,50,1900,2,1,2.0,29,0.2780788596990072,600,166.84731581940432,50.05419474582129,10.0,40.05419474582129,High,0
CUST_04310,Male,35,USA,New York,Individual,47,Quarterly,19,5,15,20,940,1,2,5.0,74,0.02140466208206338,240,5.137118899695211,1.5411356699085632,4.0,-2.458864330091437,Low,0
CUST_02685,Female,50,India,Toronto,SME,37,Quarterly,16,3,11,10,370,0,0,4.0,51,0.08977151939441597,120,10.772582327329916,3.231774698198975,2.0,1.2317746981989748,Low,0
CUST_01121,Female,43,India,London,SME,10,Monthly,20,6,5,50,500,2,0,4.0,-7,0.24793851970237757,600,148.76311182142655,44.628933546427966,10.0,34.628933546427966,High,0
CUST_09038,Male,31,Germany,London,Individual,2,Quarterly,33,1,4,50,100,0,2,3.0,-43,0.3771807163006025,600,226.3084297803615,67.89252893410846,10.0,57.892528934108455,High,0
CUST_05500,Female,46,Bangladesh,Toronto,SME,43,Monthly,8,1,33,30,1290,0,2,3.0,-9,0.13042553089007597,360,46.95319112042735,14.085957336128205,6.0,8.085957336128205,Low,0
CUST_04204,Female,38,UK,Toronto,Individual,57,Quarterly,5,2,29,30,1710,0,1,3.0,48,0.12798795760410392,360,46.07566473747741,13.822699421243223,6.0,7.8226994212432235,Low,0
CUST_09319,Female,19,India,Dhaka,Enterprise,10,Monthly,21,3,4,30,300,1,0,3.0,8,0.06461998927320707,360,23.263196138354544,6.978958841506363,6.0,0.9789588415063628,Low,0
CUST_04067,Male,38,Bangladesh,Sydney,SME,59,Yearly,10,7,7,100,5900,1,2,3.0,-18,0.10564528985816778,1200,126.77434782980133,38.0323043489404,20.0,18.0323043489404,Low,0
CUST_04321,Male,21,Bangladesh,Toronto,SME,33,Quarterly,22,5,11,100,3300,0,0,3.0,99,0.09150148185314948,1200,109.80177822377938,32.94053346713381,20.0,12.940533467133811,Low,0
CUST_03030,Male,59,Bangladesh,Dhaka,Individual,58,Quarterly,18,3,10,50,2900,1,1,3.0,44,0.053101523153070346,600,31.86091389184221,9.558274167552662,10.0,-0.44172583244733765,Low,0
CUST_05173,Female,29,USA,Dhaka,Individual,12,Monthly,27,1,13,50,600,2,1,4.0,-4,0.28780479577397716,600,172.6828774643863,51.80486323931589,10.0,41.80486323931589,High,0
CUST_06129,Male,32,Canada,Berlin,Individual,27,Monthly,22,4,13,30,810,0,1,4.0,23,0.023761600449003224,360,8.554176161641161,2.5662528484923484,6.0,-3.4337471515076516,Low,0
CUST_07098,Male,45,Canada,London,SME,7,Yearly,26,3,1,20,140,1,0,3.0,-7,0.10304964119904306,240,24.731913887770332,7.419574166331099,4.0,3.419574166331099,Low,0
CUST_00220,Male,70,Germany,New York,Individual,41,Quarterly,9,4,12,20,820,1,4,3.0,30,0.08929158775061148,240,21.429981060146755,6.428994318044026,4.0,2.428994318044026,Low,0
CUST_08599,Female,74,Bangladesh,Toronto,Enterprise,30,Quarterly,7,7,15,50,1500,1,0,3.0,61,0.08001587447976709,600,48.00952468786025,14.402857406358073,10.0,4.402857406358073,Low,0
CUST_00731,Male,31,Canada,New York,Enterprise,42,Yearly,12,7,4,20,840,2,1,4.0,98,0.1759682191864046,240,42.2323726047371,12.66971178142113,4.0,8.66971178142113,High,0
CUST_09146,Female,58,USA,Berlin,Enterprise,5,Monthly,34,0,1,20,100,0,2,4.0,100,0.2817313003922566,240,67.61551209414158,20.284653628242474,4.0,16.284653628242474,High,0
CUST_03050,Female,24,USA,Berlin,SME,5,Quarterly,2,2,0,30,150,0,1,4.0,-9,0.28919040704408433,360,104.10854653587036,31.232563960761105,6.0,25.232563960761105,High,1
CUST_03844,Female,38,Australia,Delhi,SME,9,Quarterly,10,3,13,10,90,1,2,2.0,0,0.29020452255220586,120,34.8245427062647,10.44736281187941,2.0,8.44736281187941,High,0
CUST_09133,Male,73,India,New York,Individual,20,Monthly,5,1,70,30,600,1,2,4.0,-62,0.20887530019329487,360,75.19510806958615,22.558532420875846,6.0,16.558532420875846,High,0
CUST_00739,Male,21,Germany,Sydney,Individual,39,Quarterly,26,2,8,50,1950,1,2,4.0,91,0.06761248612839392,600,40.56749167703635,12.170247503110906,10.0,2.1702475031109056,Low,0
CUST_08004,Male,56,Bangladesh,Delhi,SME,49,Yearly,6,7,1,20,980,0,2,4.0,41,0.05094708173587996,240,12.227299616611191,3.668189884983357,4.0,-0.3318101150166428,Low,0
CUST_09822,Male,40,India,Toronto,Individual,7,Monthly,13,3,20,100,700,0,2,5.0,93,0.07894797766651239,1200,94.73757319981486,28.42127195994446,20.0,8.421271959944459,Low,0
CUST_09550,Female,42,Germany,Toronto,SME,22,Quarterly,25,2,0,50,1100,2,1,4.0,36,0.2845797088239498,600,170.74782529436987,51.22434758831096,10.0,41.22434758831096,High,0
CUST_00167,Female,57,USA,Berlin,Individual,39,Yearly,21,1,5,10,390,0,1,3.0,100,0.07980208940625545,120,9.576250728750654,2.8728752186251962,2.0,0.8728752186251962,Low,0
CUST_07694,Female,71,Germany,Delhi,SME,4,Monthly,4,0,5,30,120,1,1,4.0,7,0.4009214425907322,360,144.3317193326636,43.299515799799075,6.0,37.299515799799075,High,0
CUST_06859,Female,26,UK,Dhaka,Individual,33,Monthly,27,1,21,30,990,1,3,2.0,13,0.21216628591992578,360,76.37986293117328,22.913958879351984,6.0,16.913958879351984,High,0
CUST_03765,Male,56,UK,Sydney,Enterprise,19,Quarterly,31,2,2,30,570,1,2,3.0,27,0.07570970166595044,360,27.25549259974216,8.176647779922646,6.0,2.1766477799226465,Low,0
CUST_08818,Male,47,Canada,Toronto,Individual,10,Yearly,32,4,19,70,700,0,2,4.0,36,0.08028405052295293,840,67.43860243928046,20.23158073178414,14.0,6.231580731784138,Low,0
CUST_07933,Male,38,Germany,Toronto,Individual,13,Quarterly,44,5,10,30,390,1,2,4.0,1,0.06260023947022791,360,22.53608620928205,6.760825862784615,6.0,0.760825862784615,Low,0
CUST_02912,Male,29,Australia,Sydney,Individual,21,Monthly,0,7,1,30,630,2,2,3.0,71,0.17766815050353005,360,63.960534181270816,19.188160254381245,6.0,13.188160254381245,High,1
CUST_08552,Female,67,USA,Toronto,SME,7,Quarterly,0,3,4,10,70,0,0,3.0,-27,0.22371759772386843,120,26.846111726864212,8.053833518059264,2.0,6.053833518059264,High,0
CUST_06683,Male,55,Australia,Toronto,Individual,42,Yearly,29,4,1,50,2100,3,1,4.0,56,0.1739269416015657,600,104.35616496093941,31.30684948828182,10.0,21.30684948828182,High,0
CUST_09366,Male,41,Canada,New York,SME,6,Monthly,7,7,4,70,420,0,1,3.0,-10,0.06053771793081644,840,50.851683061885815,15.255504918565745,14.0,1.2555049185657445,Low,0
CUST_01907,Male,54,UK,London,SME,46,Quarterly,8,6,6,100,4600,0,0,3.0,-33,0.08649973307391971,1200,103.79967968870366,31.139903906611096,20.0,11.139903906611096,Low,0
CUST_03603,Male,33,Germany,Sydney,Individual,4,Quarterly,22,5,1,70,280,0,4,3.0,56,0.26315242479275586,840,221.04803682591492,66.31441104777447,14.0,52.31441104777447,High,0
CUST_06224,Female,71,USA,Delhi,Individual,43,Quarterly,17,6,0,50,2150,0,2,5.0,-3,0.05173300515612723,600,31.039803093676337,9.311940928102901,10.0,-0.6880590718970989,Low,0
CUST_09476,Male,65,UK,New York,Individual,4,Yearly,16,7,7,70,280,1,3,2.0,29,0.41383188955017297,840,347.6187872221453,104.28563616664358,14.0,90.28563616664358,High,0
CUST_00031,Male,25,Bangladesh,Berlin,Individual,22,Monthly,28,7,16,70,1540,0,1,5.0,-65,0.05988489091396427,840,50.30330836772998,15.090992510318994,14.0,1.0909925103189941,Low,0
CUST_07785,Male,43,Canada,London,Individual,58,Monthly,8,3,5,30,1740,0,0,4.0,97,0.054579825165847626,360,19.648737059705145,5.8946211179115435,6.0,-0.10537888208845647,Low,0
CUST_06191,Female,54,Canada,Sydney,Individual,52,Yearly,21,7,7,70,3640,1,2,4.0,50,0.08926562095930712,840,74.98312160581798,22.494936481745395,14.0,8.494936481745395,Low,0
CUST_04503,Male,67,Germany,Sydney,Individual,26,Quarterly,33,6,5,100,2600,1,0,5.0,-21,0.08953627716904174,1200,107.44353260285008,32.23305978085502,20.0,12.233059780855022,Low,0
CUST_00394,Female,29,Canada,Sydney,Enterprise,16,Monthly,24,7,2,50,800,0,2,4.0,56,0.059336850234906195,600,35.602110140943715,10.680633042283114,10.0,0.6806330422831142,Low,0
CUST_02324,Female,72,USA,Berlin,Individual,44,Monthly,0,3,8,20,880,0,0,4.0,-3,0.2356006218963771,240,56.544149255130506,16.963244776539153,4.0,12.963244776539153,High,0
CUST_01454,Male,26,Bangladesh,Toronto,Individual,6,Monthly,28,6,4,10,60,0,0,4.0,0,0.11687325926994895,120,14.024791112393874,4.207437333718162,2.0,2.207437333718162,Low,0
CUST_03960,Female,22,Canada,Sydney,Individual,35,Monthly,8,2,31,20,700,0,1,3.0,9,0.1129389092862222,240,27.105338228693327,8.131601468607998,4.0,4.1316014686079985,Low,0
CUST_06774,Male,71,Australia,Toronto,SME,38,Monthly,20,7,27,70,2660,1,2,3.0,-2,0.06900341045769903,840,57.962864784467186,17.388859435340155,14.0,3.388859435340155,Low,0
CUST_01765,Male,52,Canada,Delhi,Individual,13,Monthly,27,0,2,70,910,0,0,3.0,-16,0.10786408690691004,840,90.60583300180444,27.18174990054133,14.0,13.18174990054133,Low,0
CUST_06480,Male,51,India,New York,SME,51,Quarterly,22,4,2,30,1530,0,2,5.0,-71,0.1107986266041423,360,39.887505577491225,11.966251673247367,6.0,5.966251673247367,Low,0
CUST_00949,Female,47,Bangladesh,Dhaka,Individual,6,Monthly,27,6,4,70,420,1,1,3.0,18,0.07119695137982204,840,59.805439159050515,17.941631747715153,14.0,3.941631747715153,Low,0
CUST_09189,Female,33,India,Berlin,SME,40,Monthly,35,0,1,30,1200,0,2,4.0,-24,0.0843282777164996,360,30.35817997793986,9.107453993381958,6.0,3.1074539933819576,Low,0
CUST_03676,Male,63,Germany,Dhaka,Individual,46,Monthly,19,0,8,20,920,1,1,1.0,9,0.30303386081076594,240,72.72812659458383,21.818437978375147,4.0,17.818437978375147,High,0
CUST_03566,Female,58,Canada,Toronto,Individual,49,Yearly,32,4,0,50,2450,1,0,4.0,13,0.04391456029910288,600,26.348736179461728,7.904620853838518,10.0,-2.0953791461614824,Low,0
CUST_06927,Female,61,Germany,New York,Individual,49,Monthly,17,0,3,20,980,0,2,3.0,-15,0.048210655080246946,240,11.570557219259268,3.4711671657777803,4.0,-0.5288328342222197,Low,0
CUST_04162,Female,58,India,Delhi,Individual,48,Monthly,28,2,2,20,960,1,0,4.0,-15,0.02449920837787043,240,5.879810010688903,1.763943003206671,4.0,-2.2360569967933293,Low,0
CUST_01047,Male,51,Germany,Berlin,SME,55,Monthly,39,0,0,10,550,0,2,5.0,5,0.07061423535176595,120,8.473708242211913,2.542112472663574,2.0,0.542112472663574,Low,0
CUST_00713,Male,26,Bangladesh,London,Enterprise,8,Monthly,13,1,14,10,80,0,1,4.0,1,0.09893260786621809,120,11.871912943946171,3.561573883183851,2.0,1.561573883183851,Low,0
CUST_09481,Female,60,Canada,Sydney,SME,14,Monthly,12,0,2,20,280,0,2,3.0,-28,0.07827834360356901,240,18.786802464856564,5.636040739456969,4.0,1.636040739456969,Low,0
CUST_00224,Female,74,Germany,London,Individual,34,Quarterly,10,1,4,30,1020,0,0,4.0,36,0.05584334065286651,360,20.103602635031944,6.031080790509583,6.0,0.031080790509583345,Low,0
CUST_03746,Male,56,USA,New York,Individual,47,Yearly,24,3,2,30,1410,1,2,3.0,0,0.03460243088027001,360,12.456875116897205,3.7370625350691613,6.0,-2.2629374649308387,Low,0
CUST_08343,Male,30,Germany,Berlin,Individual,13,Monthly,5,1,9,20,260,0,3,2.0,30,0.3828184086253659,240,91.87641807008782,27.562925421026346,4.0,23.562925421026346,High,0
CUST_02372,Female,37,Germany,New York,Individual,44,Monthly,18,4,7,20,880,0,1,4.0,-33,0.03137221716518748,240,7.529332119644996,2.258799635893499,4.0,-1.741200364106501,Low,0
CUST_06250,Female,22,Canada,Sydney,Individual,44,Monthly,14,0,11,10,440,0,1,5.0,28,0.07380733086942083,120,8.856879704330499,2.6570639112991494,2.0,0.6570639112991494,Low,0
CUST_00138,Male,38,India,Toronto,Individual,47,Quarterly,12,4,2,30,1410,0,3,3.0,87,0.04887815724894043,360,17.596136609618554,5.2788409828855665,6.0,-0.7211590171144335,Low,0
CUST_00278,Female,32,Canada,London,Individual,23,Yearly,24,4,0,30,690,1,0,5.0,-5,0.051018384405006605,360,18.36661838580238,5.509985515740714,6.0,-0.4900144842592864,Low,0
CUST_01165,Male,59,Bangladesh,Sydney,Individual,39,Yearly,37,7,6,50,1950,0,0,4.0,0,0.07400828307560355,600,44.404969845362125,13.321490953608636,10.0,3.3214909536086363,Low,0
CUST_08505,Male,35,Australia,London,Individual,45,Quarterly,15,1,1,30,1350,0,2,4.0,-37,0.04406967461045544,360,15.865082859763959,4.759524857929187,6.0,-1.2404751420708129,Low,0
CUST_07374,Female,58,Canada,Delhi,Individual,37,Monthly,24,1,8,30,1110,2,1,4.0,-53,0.2287804905499802,360,82.36097659799287,24.70829297939786,6.0,18.70829297939786,High,0
CUST_05601,Male,44,USA,London,SME,19,Quarterly,33,2,4,30,570,0,2,2.0,56,0.21355965517667702,360,76.88147586360373,23.064442759081118,6.0,17.064442759081118,High,0
CUST_05415,Female,25,Germany,Sydney,Individual,42,Quarterly,24,3,17,30,1260,0,0,5.0,-60,0.025293417562524588,360,9.105630322508851,2.7316890967526555,6.0,-3.2683109032473445,Low,0
CUST_03069,Female,39,Canada,Sydney,SME,36,Quarterly,24,5,1,30,1080,2,0,2.0,66,0.3422245860566347,360,123.2008509803885,36.96025529411655,6.0,30.96025529411655,High,0
CUST_05385,Female,66,India,Toronto,SME,29,Monthly,29,3,9,30,870,0,0,4.0,-9,0.024070277237307095,360,8.665299805430553,2.599589941629166,6.0,-3.400410058370834,Low,0
CUST_09110,Male,40,India,Sydney,Individual,1,Monthly,14,4,25,50,50,0,4,3.0,25,0.40155998692048955,600,240.93599215229372,72.28079764568811,10.0,62.28079764568811,High,0
CUST_03332,Female,36,Bangladesh,Sydney,Individual,20,Monthly,14,1,13,50,1000,0,3,5.0,-16,0.05396959332023855,600,32.38175599214313,9.714526797642938,10.0,-0.2854732023570623,Low,0
CUST_09158,Female,24,UK,Dhaka,SME,29,Monthly,40,6,1,10,290,0,1,3.0,39,0.043082102107389816,120,5.169852252886778,1.5509556758660332,2.0,-0.4490443241339668,Low,0
CUST_08008,Male,56,Germany,Dhaka,Enterprise,28,Yearly,20,6,14,20,560,0,0,5.0,45,0.06013504021303053,240,14.432409651127328,4.3297228953381985,4.0,0.32972289533819854,Low,0
CUST_05249,Female,46,UK,Delhi,Individual,29,Quarterly,9,6,3,30,870,1,0,4.0,24,0.047893893943579124,360,17.241801819688483,5.1725405459065446,6.0,-0.8274594540934554,Low,0
CUST_01292,Male,68,Australia,Sydney,Individual,22,Yearly,11,1,0,50,1100,3,1,2.0,-12,0.27079552890896297,600,162.47731734537777,48.74319520361333,10.0,38.74319520361333,High,1
CUST_03224,Male,49,USA,London,Individual,4,Monthly,28,4,12,50,200,0,1,4.0,-20,0.27980086172635005,600,167.88051703581002,50.364155110743006,10.0,40.364155110743006,High,0
CUST_05833,Male,41,Australia,Sydney,SME,23,Quarterly,20,4,4,30,690,1,2,5.0,26,0.057570805962817495,360,20.7254901466143,6.2176470439842895,6.0,0.21764704398428947,Low,0
CUST_05690,Female,66,USA,Toronto,Individual,59,Quarterly,28,2,1,20,1180,0,0,3.0,21,0.055687218500335395,240,13.364932440080494,4.009479732024148,4.0,0.009479732024147758,Low,0
CUST_04137,Female,33,Bangladesh,Sydney,Individual,42,Yearly,20,5,8,70,2940,0,2,3.0,6,0.056426674914222444,840,47.39840692794685,14.219522078384054,14.0,0.21952207838405435,Low,0
CUST_02308,Female,74,Australia,Dhaka,Individual,18,Yearly,17,7,2,20,360,0,2,4.0,50,0.09473057212271997,240,22.73533730945279,6.820601192835837,4.0,2.820601192835837,Low,0
CUST_07982,Male,65,Germany,London,SME,53,Quarterly,23,3,9,50,2650,0,0,5.0,-13,0.05808152277288561,600,34.848913663731366,10.45467409911941,10.0,0.45467409911941026,Low,0
CUST_05037,Male,51,Canada,Delhi,Individual,4,Monthly,17,5,12,30,120,0,0,4.0,6,0.4644908064831545,360,167.21669033393562,50.16500710018068,6.0,44.16500710018068,High,0
CUST_02904,Female,55,USA,Berlin,Enterprise,41,Monthly,11,0,16,30,1230,0,0,5.0,30,0.04730605472346509,360,17.03017970044743,5.109053910134229,6.0,-0.8909460898657713,Low,0
CUST_01314,Male,53,Canada,Sydney,SME,23,Yearly,26,2,7,20,460,0,1,4.0,61,0.06972101698081747,240,16.73304407539619,5.0199132226188565,4.0,1.0199132226188565,Low,0
CUST_07318,Male,65,Australia,Toronto,SME,27,Monthly,31,4,10,10,270,0,1,3.0,0,0.0496923705585927,120,5.963084467031124,1.7889253401093372,2.0,-0.21107465989066276,Low,0
CUST_02046,Female,72,Bangladesh,Toronto,SME,26,Quarterly,8,6,15,50,1300,2,1,3.0,23,0.23433727913480637,600,140.60236748088383,42.18071024426515,10.0,32.18071024426515,High,1
CUST_02214,Male,37,UK,London,SME,59,Monthly,0,6,6,70,4130,0,1,2.0,37,0.2788929705215407,840,234.2700952380942,70.28102857142825,14.0,56.28102857142825,High,1
CUST_04507,Male,50,USA,Toronto,SME,5,Quarterly,0,1,2,20,100,0,3,2.0,44,0.49015339651772827,240,117.63681516425478,35.291044549276435,4.0,31.291044549276435,High,1
CUST_00480,Female,32,UK,Berlin,Individual,17,Monthly,26,4,11,70,1190,0,0,4.0,36,0.04134925216526356,840,34.73337181882139,10.420011545646416,14.0,-3.5799884543535843,Low,0
CUST_01935,Male,65,Bangladesh,Toronto,Individual,23,Quarterly,17,3,2,20,460,1,3,2.0,19,0.18641910758941288,240,44.74058582145909,13.422175746437727,4.0,9.422175746437727,High,1
CUST_01431,Male,20,India,Sydney,SME,16,Monthly,21,6,26,50,800,0,1,2.0,70,0.18853347067532208,600,113.12008240519324,33.93602472155797,10.0,23.93602472155797,High,0
CUST_02226,Male,59,Bangladesh,London,Individual,41,Yearly,7,2,5,20,820,4,2,2.0,-7,0.37844412942767314,240,90.82659106264155,27.247977318792465,4.0,23.247977318792465,High,0
CUST_06331,Female,70,USA,Berlin,Individual,46,Quarterly,23,2,4,100,4600,1,1,4.0,100,0.10512328757696657,1200,126.14794509235988,37.84438352770796,20.0,17.84438352770796,Low,0
CUST_02786,Female,72,USA,New York,Individual,55,Monthly,29,2,24,70,3850,0,2,2.0,30,0.3490497736858142,840,293.20180989608394,87.96054296882518,14.0,73.96054296882518,High,0
CUST_07985,Female,40,Canada,New York,Individual,20,Monthly,17,2,1,70,1400,0,1,3.0,56,0.0523584636527818,840,43.98110946833671,13.194332840501014,14.0,-0.8056671594989862,Low,0
CUST_05798,Male,48,Australia,New York,Individual,9,Yearly,28,4,0,50,450,0,1,3.0,50,0.06551208925077813,600,39.307253550466875,11.792176065140062,10.0,1.7921760651400618,Low,0
CUST_04742,Female,40,Australia,New York,Individual,14,Monthly,19,3,4,30,420,0,2,3.0,-22,0.047044414238501774,360,16.935989125860637,5.080796737758191,6.0,-0.9192032622418091,Low,0
CUST_02504,Female,29,Germany,Berlin,SME,41,Monthly,18,5,1,20,820,1,2,4.0,20,0.03650221700903342,240,8.760532082168021,2.628159624650406,4.0,-1.3718403753495938,Low,0
CUST_08898,Female,34,Germany,Dhaka,Individual,29,Quarterly,30,2,4,30,870,0,3,4.0,34,0.0482084466437755,360,17.35504079175918,5.206512237527754,6.0,-0.7934877624722461,Low,0
CUST_08568,Female,73,Germany,Toronto,Individual,58,Quarterly,11,2,10,50,2900,0,0,3.0,56,0.07483173560785199,600,44.899041364711195,13.469712409413358,10.0,3.469712409413358,Low,0
CUST_08911,Male,67,UK,Toronto,Individual,11,Monthly,19,1,0,10,110,0,1,3.0,3,0.1125994304465486,120,13.511931653585833,4.053579496075749,2.0,2.0535794960757494,Low,0
CUST_00569,Male,45,Australia,Berlin,Individual,38,Monthly,14,5,19,50,1900,0,3,2.0,4,0.19698856602524759,600,118.19313961514855,35.45794188454457,10.0,25.457941884544567,High,0
CUST_09755,Male,72,UK,Berlin,SME,32,Monthly,35,6,12,50,1600,0,0,3.0,100,0.05276373911577972,600,31.658243469467834,9.49747304084035,10.0,-0.5025269591596508,Low,0
CUST_08068,Male,62,Australia,Berlin,Individual,7,Monthly,24,6,28,30,210,2,1,5.0,4,0.277307476989624,360,99.83069171626464,29.94920751487939,6.0,23.94920751487939,High,0
CUST_09539,Female,31,India,Berlin,SME,21,Monthly,0,5,9,30,630,1,1,3.0,-83,0.22415517338393773,360,80.69586241821759,24.208758725465277,6.0,18.208758725465277,High,0
CUST_07506,Female,61,UK,London,Individual,22,Yearly,17,1,5,20,440,0,0,4.0,34,0.05903176643457962,240,14.167623944299109,4.250287183289733,4.0,0.2502871832897329,Low,0
CUST_07681,Male,25,USA,Toronto,Individual,3,Quarterly,28,5,8,10,30,0,1,1.0,90,0.41273231176072345,120,49.527877411286816,14.858363223386045,2.0,12.858363223386045,High,0
CUST_02965,Female,51,Canada,Toronto,Individual,2,Quarterly,21,7,22,20,40,0,2,3.0,16,0.2584060946428716,240,62.01746271428919,18.605238814286757,4.0,14.605238814286757,High,1
CUST_01147,Male,26,India,Delhi,Individual,1,Monthly,5,0,1,20,20,1,2,3.0,46,0.36811767341278234,240,88.34824161906776,26.504472485720328,4.0,22.504472485720328,High,1
CUST_08872,Male,21,USA,Berlin,SME,37,Quarterly,24,2,0,50,1850,0,0,2.0,-7,0.22466449808221933,600,134.7986988493316,40.439609654799476,10.0,30.439609654799476,High,0
CUST_01985,Female,49,Canada,Berlin,Enterprise,18,Monthly,3,3,3,30,540,1,3,2.0,48,0.3637229191909206,360,130.9402509087314,39.282075272619416,6.0,33.282075272619416,High,1
CUST_04990,Female,58,Australia,London,Individual,29,Monthly,31,7,6,20,580,2,0,4.0,33,0.23727034310527717,240,56.94488234526652,17.083464703579956,4.0,13.083464703579956,High,0
CUST_03435,Female,64,Australia,Berlin,Individual,12,Monthly,1,2,17,20,240,0,2,5.0,-24,0.2668918228817459,240,64.05403749161901,19.216211247485703,4.0,15.216211247485703,High,0
CUST_09752,Female,57,Australia,Toronto,Individual,12,Monthly,23,0,22,20,240,1,0,2.0,-28,0.20243977194593576,240,48.585545267024585,14.575663580107374,4.0,10.575663580107374,High,0
CUST_07812,Female,24,UK,Dhaka,Individual,6,Monthly,32,2,7,50,300,1,3,3.0,-41,0.08936375771631669,600,53.618254629790016,16.085476388937003,10.0,6.085476388937003,Low,0
CUST_03948,Male,51,Germany,Sydney,Individual,16,Quarterly,19,4,1,10,160,0,1,4.0,-16,0.035250508005682954,120,4.230060960681954,1.2690182882045862,2.0,-0.7309817117954138,Low,0
CUST_00309,Female,42,USA,London,Individual,22,Quarterly,24,0,0,30,660,0,0,4.0,-4,0.02900578558129626,360,10.442082809266653,3.132624842779996,6.0,-2.867375157220004,Low,0
CUST_06305,Female,40,UK,Berlin,Individual,39,Quarterly,26,3,13,70,2730,0,0,4.0,10,0.049884481029413646,840,41.90296406470746,12.570889219412239,14.0,-1.4291107805877612,Low,0
CUST_00245,Male,29,USA,Dhaka,SME,35,Monthly,24,1,9,30,1050,1,1,5.0,13,0.05492400048058247,360,19.77264017300969,5.9317920519029075,6.0,-0.06820794809709252,Low,0
CUST_08673,Male,30,Germany,Berlin,Individual,23,Monthly,21,3,5,10,230,2,1,4.0,-25,0.2517666200402016,120,30.211994404824193,9.063598321447257,2.0,7.063598321447257,High,0
CUST_01404,Female,35,UK,Delhi,Individual,1,Quarterly,12,7,17,30,30,0,0,2.0,2,0.4345314257230892,360,156.43131326031212,46.929393978093636,6.0,40.929393978093636,High,1
CUST_03070,Female,35,Germany,Sydney,Individual,4,Monthly,13,3,38,10,40,1,2,1.0,61,0.5419975814781485,120,65.03970977737782,19.511912933213345,2.0,17.511912933213345,High,0
CUST_04455,Male,50,Bangladesh,Toronto,Individual,8,Monthly,15,5,19,20,160,1,0,3.0,60,0.1923422831079915,240,46.162147945917965,13.848644383775389,4.0,9.848644383775389,High,0
CUST_01038,Male,20,Australia,Dhaka,SME,3,Yearly,23,7,20,50,150,1,0,3.0,89,0.30447769338212916,600,182.6866160292775,54.80598480878325,10.0,44.80598480878325,High,0
CUST_00705,Male,71,Australia,London,SME,19,Quarterly,31,6,0,30,570,0,3,5.0,25,0.06884961239932764,360,24.785860463757952,7.435758139127385,6.0,1.435758139127385,Low,0
CUST_00881,Male,57,Canada,Dhaka,Individual,47,Monthly,19,5,16,30,1410,2,3,2.0,30,0.2501744625780059,360,90.06280652808212,27.018841958424634,6.0,21.018841958424634,High,0
CUST_00948,Female,54,India,Berlin,SME,27,Quarterly,16,3,1,50,1350,0,1,5.0,30,0.057682241930087995,600,34.6093451580528,10.382803547415838,10.0,0.382803547415838,Low,0
CUST_01543,Female,36,India,New York,SME,13,Monthly,13,2,5,70,910,1,0,4.0,68,0.06112331801013248,840,51.34358712851128,15.403076138553384,14.0,1.4030761385533843,Low,0
CUST_02413,Female,21,India,Dhaka,Individual,41,Monthly,24,1,12,50,2050,0,2,1.0,52,0.32567407684532446,600,195.40444610719467,58.6213338321584,10.0,48.6213338321584,High,0
CUST_01185,Female,70,Canada,Dhaka,Individual,48,Monthly,24,0,7,30,1440,0,2,5.0,-25,0.10231748911167607,360,36.83429608020339,11.050288824061015,6.0,5.050288824061015,Low,0
CUST_01042,Female,61,Canada,Toronto,Individual,43,Monthly,20,3,7,20,860,0,1,4.0,-10,0.04820173526617621,240,11.56841646388229,3.470524939164687,4.0,-0.5294750608353129,Low,0
CUST_06015,Female,47,USA,Delhi,SME,4,Monthly,18,2,16,10,40,1,1,3.0,47,0.42561227574331467,120,51.07347308919776,15.322041926759328,2.0,13.322041926759328,High,1
CUST_08049,Male,61,Australia,Toronto,SME,22,Monthly,23,5,0,70,1540,1,1,3.0,43,0.06634106939499172,840,55.72649829179305,16.717949487537915,14.0,2.717949487537915,Low,0
CUST_05653,Female,43,UK,Dhaka,Individual,1,Yearly,17,2,6,30,30,2,0,4.0,-57,0.38348692812308194,360,138.0552941243095,41.41658823729285,6.0,35.41658823729285,High,0
CUST_06800,Male,56,UK,Dhaka,SME,24,Quarterly,15,3,4,30,720,1,4,5.0,80,0.05199101522223827,360,18.716765480005776,5.615029644001733,6.0,-0.38497035599826734,Low,0
CUST_04046,Male,73,Canada,London,SME,18,Quarterly,30,3,21,50,900,0,1,3.0,-41,0.06511855670963661,600,39.071134025781966,11.72134020773459,10.0,1.72134020773459,Low,0
CUST_03291,Male,37,Canada,Delhi,Individual,11,Yearly,32,6,4,10,110,2,2,1.0,77,0.24576568983628397,120,29.491882780354075,8.847564834106223,2.0,6.8475648341062225,High,0
CUST_02151,Male,24,Canada,Sydney,Individual,38,Yearly,29,7,22,70,2660,0,3,5.0,39,0.08688390031650597,840,72.98247626586502,21.894742879759505,14.0,7.894742879759505,Low,0
CUST_02013,Female,36,USA,London,Individual,47,Quarterly,2,5,0,50,2350,1,0,2.0,-37,0.3489452899860615,600,209.3671739916369,62.810152197491064,10.0,52.810152197491064,High,0
CUST_07737,Female,74,Canada,New York,Individual,20,Monthly,6,3,3,30,600,0,0,1.0,5,0.20676345752231484,360,74.43484470803334,22.33045341241,6.0,16.33045341241,High,0
CUST_06702,Female,54,Canada,Berlin,SME,29,Monthly,21,3,16,30,870,0,1,4.0,-42,0.05822660105754738,360,20.961576380717055,6.288472914215117,6.0,0.28847291421511656,Low,0
CUST_09128,Male,39,Australia,Toronto,SME,16,Monthly,21,0,0,20,320,1,0,2.0,39,0.24100008591304983,240,57.84002061913196,17.352006185739587,4.0,13.352006185739587,High,1
CUST_07638,Female,33,UK,New York,Individual,20,Monthly,0,3,23,10,200,2,0,4.0,17,0.29724433726960775,120,35.66932047235293,10.700796141705878,2.0,8.700796141705878,High,0
CUST_07663,Male,39,India,New York,Individual,3,Monthly,0,4,50,10,30,2,1,5.0,-34,0.366578770385507,120,43.98945244626084,13.196835733878252,2.0,11.196835733878252,High,1
CUST_02319,Male,71,Bangladesh,London,SME,24,Quarterly,0,1,4,30,720,0,0,4.0,-43,0.3100803197868515,360,111.62891512326655,33.488674536979964,6.0,27.488674536979964,High,0
CUST_08934,Female,28,Bangladesh,Dhaka,SME,6,Monthly,31,2,8,30,180,1,2,3.0,12,0.07711465828248863,360,27.761276981695907,8.328383094508771,6.0,2.328383094508771,Low,0
CUST_06733,Male,46,Bangladesh,Dhaka,Individual,57,Monthly,17,3,0,10,570,0,1,3.0,27,0.028364531074376115,120,3.403743728925134,1.0211231186775402,2.0,-0.9788768813224598,Low,0
CUST_04969,Male,53,Canada,New York,Individual,29,Quarterly,21,1,5,100,2900,1,0,5.0,55,0.06890314205215654,1200,82.68377046258786,24.805131138776357,20.0,4.805131138776357,Low,0
CUST_09292,Female,55,Germany,Dhaka,Individual,7,Quarterly,20,3,7,50,350,0,0,5.0,51,0.1053379225985743,600,63.20275355914458,18.960826067743373,10.0,8.960826067743373,Low,0
CUST_03131,Female,74,UK,London,Individual,30,Monthly,17,0,1,10,300,1,0,3.0,5,0.07852649501016119,120,9.423179401219343,2.826953820365803,2.0,0.8269538203658029,Low,0
CUST_08846,Female,70,UK,New York,SME,44,Yearly,15,7,13,20,880,0,1,5.0,12,0.06778551541439706,240,16.268523699455294,4.880557109836588,4.0,0.8805571098365883,Low,0
CUST_02181,Female,47,India,Dhaka,Individual,26,Quarterly,0,6,10,20,520,0,1,3.0,49,0.14403920213482968,240,34.569408512359125,10.370822553707738,4.0,6.370822553707738,Low,0
CUST_06046,Female,72,Bangladesh,New York,SME,59,Yearly,11,3,15,50,2950,0,0,2.0,15,0.29462180149624867,600,176.7730808977492,53.031924269324755,10.0,43.031924269324755,High,0
CUST_01183,Female,23,Australia,London,Individual,58,Quarterly,28,6,3,20,1160,0,2,4.0,-23,0.029487092143160774,240,7.076902114358586,2.1230706343075756,4.0,-1.8769293656924244,Low,0
CUST_09018,Female,67,India,New York,Individual,17,Monthly,18,6,9,10,170,0,3,3.0,7,0.10819968422876206,120,12.983962107451447,3.895188632235434,2.0,1.8951886322354339,Low,0
CUST_04490,Male,59,Australia,London,Individual,53,Yearly,20,1,3,30,1590,0,3,3.0,0,0.038534397560884955,360,13.872383121918583,4.161714936575574,6.0,-1.8382850634244257,Low,0
CUST_00051,Male,58,USA,Dhaka,Individual,40,Monthly,14,7,14,20,800,1,0,5.0,-11,0.08990122002760106,240,21.576292806624256,6.472887841987276,4.0,2.4728878419872764,Low,0
CUST_02049,Male,71,Germany,Delhi,Individual,41,Quarterly,5,7,7,50,2050,1,0,3.0,9,0.12929090931495898,600,77.5745455889754,23.272363676692617,10.0,13.272363676692617,Low,0
CUST_06397,Male,71,Bangladesh,New York,Individual,47,Quarterly,10,4,0,30,1410,0,1,5.0,-3,0.03750574694048975,360,13.50206889857631,4.050620669572893,6.0,-1.9493793304271074,Low,0
CUST_03957,Male,53,Germany,Dhaka,SME,36,Quarterly,6,6,15,10,360,1,3,1.0,41,0.2587580646240385,120,31.05096775488462,9.315290326465385,2.0,7.3152903264653855,High,0
CUST_07379,Male,66,Bangladesh,London,SME,39,Monthly,3,1,14,70,2730,1,1,1.0,36,0.2821759532400728,840,237.02780072166112,71.10834021649833,14.0,57.108340216498334,High,0
CUST_03569,Female,27,UK,London,Individual,37,Yearly,30,6,4,30,1110,0,1,4.0,-37,0.06971123608392767,360,25.09604499021396,7.5288134970641885,6.0,1.5288134970641885,Low,0
CUST_00982,Female,44,Bangladesh,Toronto,Individual,31,Monthly,18,7,13,70,2170,1,0,5.0,100,0.05837256473414313,840,49.03295437668023,14.709886313004068,14.0,0.709886313004068,Low,0
CUST_09380,Female,60,India,Dhaka,SME,22,Yearly,10,0,1,10,220,1,2,3.0,19,0.10695751687618978,120,12.834902025142773,3.8504706075428317,2.0,1.8504706075428317,Low,0
CUST_07001,Female,57,UK,Delhi,Individual,25,Quarterly,20,4,3,20,500,1,0,4.0,-6,0.027945911379956504,240,6.707018731189561,2.012105619356868,4.0,-1.987894380643132,Low,0
CUST_07107,Female,69,Australia,Delhi,Individual,33,Quarterly,16,2,10,10,330,2,0,4.0,23,0.2944493353995107,120,35.33392024794128,10.600176074382384,2.0,8.600176074382384,High,0
CUST_03849,Male,36,Germany,New York,Enterprise,42,Monthly,26,2,4,30,1260,1,0,5.0,9,0.045925742338496424,360,16.533267241858713,4.959980172557613,6.0,-1.0400198274423866,Low,0
CUST_02263,Female,54,UK,New York,Individual,10,Monthly,12,1,1,50,500,0,3,3.0,25,0.10843146233125021,600,65.05887739875013,19.51766321962504,10.0,9.517663219625039,Low,0
CUST_05932,Male,65,UK,Sydney,Enterprise,15,Quarterly,24,0,0,100,1500,0,4,2.0,100,0.20882348617515767,1200,250.5881834101892,75.17645502305676,20.0,55.17645502305676,High,0
CUST_04263,Male,33,India,New York,Individual,40,Monthly,29,6,16,20,800,0,0,3.0,85,0.0640405341543724,240,15.369728197049376,4.610918459114813,4.0,0.6109184591148127,Low,0
CUST_00070,Female,35,USA,Sydney,Enterprise,27,Monthly,25,5,12,20,540,0,1,4.0,100,0.05428280555023073,240,13.027873332055377,3.908361999616613,4.0,-0.09163800038338721,Low,0
CUST_01751,Female,56,Australia,Dhaka,Individual,5,Monthly,8,1,7,20,100,1,3,4.0,30,0.35816047314388544,240,85.9585135545325,25.78755406635975,4.0,21.78755406635975,High,0
CUST_09984,Male,23,Australia,Berlin,SME,58,Quarterly,34,5,7,20,1160,3,0,2.0,-61,0.2535092926344086,240,60.84223023225806,18.252669069677417,4.0,14.252669069677417,High,1
CUST_08037,Female,34,USA,London,Individual,44,Monthly,7,5,7,20,880,3,0,3.0,-7,0.28827948921746566,240,69.18707741219175,20.756123223657525,4.0,16.756123223657525,High,1
CUST_05705,Female,35,Germany,Delhi,Individual,13,Monthly,2,7,4,70,910,0,0,3.0,-54,0.22021270812864827,840,184.97867482806456,55.49360244841937,14.0,41.49360244841937,High,0
CUST_08616,Female,18,India,Toronto,Individual,54,Quarterly,5,2,8,70,3780,1,0,3.0,35,0.1363740788664484,840,114.55422624781666,34.366267874345,14.0,20.366267874345,Low,0
CUST_00396,Female,22,India,Berlin,Enterprise,12,Yearly,17,1,0,20,240,0,2,3.0,-27,0.11735220378236552,240,28.164528907767725,8.449358672330318,4.0,4.449358672330318,Low,0
CUST_08513,Male,61,USA,Dhaka,Individual,35,Monthly,21,1,16,20,700,1,1,4.0,-3,0.01576646111913137,240,3.7839506685915287,1.1351852005774585,4.0,-2.8648147994225415,Low,0
CUST_02920,Female,28,USA,Berlin,SME,7,Quarterly,10,6,24,30,210,1,1,4.0,42,0.14430641944566755,360,51.950311000440315,15.585093300132094,6.0,9.585093300132094,Low,0
CUST_05685,Male,34,Canada,Sydney,Individual,1,Monthly,19,1,11,30,30,1,2,5.0,-10,0.4624693294528385,360,166.48895860302184,49.94668758090655,6.0,43.94668758090655,High,1
CUST_05157,Male,54,Germany,Sydney,Individual,4,Monthly,26,7,9,20,80,2,0,3.0,-59,0.33556316945595854,240,80.53516066943006,24.160548200829016,4.0,20.160548200829016,High,1
CUST_00974,Male,70,Canada,New York,Individual,16,Monthly,33,3,4,10,160,1,0,3.0,5,0.09030323623011133,120,10.83638834761336,3.250916504284008,2.0,1.250916504284008,Low,0
CUST_01809,Female,71,USA,Delhi,Individual,41,Quarterly,14,0,4,30,1230,1,1,3.0,64,0.06935144512568382,360,24.966520245246176,7.489956073573852,6.0,1.4899560735738522,Low,0
CUST_00955,Male,65,UK,Berlin,SME,5,Monthly,11,3,7,10,50,3,1,3.0,23,0.3323942621395299,120,39.88731145674359,11.966193437023076,2.0,9.966193437023076,High,0
CUST_09083,Female,66,UK,New York,SME,37,Monthly,30,5,43,30,1110,2,0,5.0,44,0.18847206079191128,360,67.84994188508806,20.354982565526416,6.0,14.354982565526416,High,0
CUST_07791,Male,35,UK,Delhi,Individual,5,Quarterly,10,3,8,20,100,1,0,2.0,13,0.39014415434380745,240,93.63459704251379,28.090379112754135,4.0,24.090379112754135,High,1
CUST_08558,Female,52,India,Sydney,Individual,16,Quarterly,43,7,3,100,1600,1,1,3.0,31,0.059118320961274146,1200,70.94198515352898,21.28259554605869,20.0,1.2825955460586904,Low,0
CUST_06112,Female,62,UK,London,SME,25,Monthly,16,5,10,20,500,0,0,4.0,100,0.03928478494087557,240,9.428348385810136,2.8285045157430404,4.0,-1.1714954842569596,Low,0
CUST_03729,Male,32,Canada,Toronto,Individual,20,Yearly,38,0,1,70,1400,2,1,4.0,100,0.168633368370518,840,141.65202943123512,42.49560882937053,14.0,28.495608829370532,High,0
CUST_09634,Male,73,UK,Dhaka,Enterprise,26,Monthly,12,0,10,20,520,1,3,3.0,23,0.08950844938912542,240,21.4820278533901,6.44460835601703,4.0,2.4446083560170297,Low,0
CUST_09443,Male,19,Bangladesh,Berlin,Individual,28,Monthly,29,5,9,10,280,0,0,3.0,26,0.052221477338888656,120,6.266577280666638,1.8799731841999914,2.0,-0.12002681580000862,Low,0
CUST_06087,Female,22,USA,Delhi,Individual,33,Monthly,32,1,14,30,990,0,3,4.0,100,0.0689619660664417,360,24.826307783919013,7.447892335175704,6.0,1.4478923351757036,Low,0
CUST_01200,Male,34,Canada,Dhaka,Individual,22,Monthly,0,2,9,50,1100,0,0,3.0,-17,0.22686597812954057,600,136.11958687772434,40.8358760633173,10.0,30.8358760633173,High,0
CUST_09020,Male,44,USA,Delhi,Enterprise,14,Quarterly,21,2,2,100,1400,0,1,3.0,-11,0.08650469620689626,1200,103.80563544827551,31.14169063448265,20.0,11.14169063448265,Low,0
CUST_05243,Male,32,USA,London,Individual,29,Monthly,20,2,14,70,2030,1,1,3.0,43,0.04882979062713607,840,41.0170241267943,12.305107238038289,14.0,-1.694892761961711,Low,0
CUST_08472,Female,33,UK,London,Individual,11,Monthly,29,0,6,30,330,2,1,2.0,-44,0.42595880241334066,360,153.34516886880263,46.00355066064079,6.0,40.00355066064079,High,1
CUST_03248,Male,53,Germany,Berlin,Individual,3,Monthly,13,7,4,50,150,0,1,5.0,12,0.3631501561750529,600,217.89009370503175,65.36702811150953,10.0,55.367028111509526,High,0
CUST_02138,Female,32,Bangladesh,Toronto,Individual,33,Monthly,31,6,9,30,990,0,2,3.0,-4,0.014624769417418276,360,5.26491699027058,1.579475097081174,6.0,-4.420524902918826,Low,0
CUST_06255,Female,38,Australia,Berlin,Individual,36,Monthly,16,2,8,30,1080,0,1,4.0,4,0.050944984085269616,360,18.34019427069706,5.502058281209118,6.0,-0.4979417187908819,Low,0
CUST_05113,Male,61,Canada,Toronto,Individual,8,Quarterly,22,5,19,50,400,0,1,3.0,17,0.0474840076158943,600,28.490404569536583,8.547121370860975,10.0,-1.4528786291390254,Low,0
CUST_07762,Male,38,Germany,Toronto,Individual,31,Monthly,9,0,0,20,620,0,2,5.0,77,0.04910651577983626,240,11.785563787160703,3.535669136148211,4.0,-0.4643308638517891,Low,0
CUST_03158,Male,53,Germany,Delhi,SME,11,Yearly,23,4,4,20,220,0,0,3.0,33,0.10390065810483298,240,24.936157945159916,7.4808473835479745,4.0,3.4808473835479745,Low,0
CUST_01462,Male,19,Germany,New York,SME,23,Quarterly,34,1,1,50,1150,0,3,2.0,34,0.23587442689561589,600,141.52465613736953,42.45739684121086,10.0,32.45739684121086,High,0
CUST_01188,Male,40,Canada,Toronto,Individual,45,Yearly,32,5,10,50,2250,1,1,4.0,18,0.040516663951616703,600,24.30999837097002,7.292999511291006,10.0,-2.707000488708994,Low,0
CUST_07180,Male,29,Australia,Sydney,Individual,56,Quarterly,9,3,5,70,3920,1,2,5.0,29,0.06892397526953319,840,57.896139226407875,17.368841767922362,14.0,3.368841767922362,Low,0
CUST_02219,Female,20,UK,New York,Individual,25,Monthly,20,7,31,30,750,1,0,5.0,-8,0.1153909065760187,360,41.54072636736674,12.46221791021002,6.0,6.46221791021002,Low,1
CUST_06186,Male,32,India,London,SME,17,Monthly,14,1,1,30,510,0,2,4.0,65,0.03860714290300682,360,13.898571445082455,4.1695714335247365,6.0,-1.8304285664752635,Low,0
CUST_08554,Male,42,Canada,Dhaka,Individual,19,Quarterly,37,2,18,10,190,1,2,2.0,70,0.2963778212678724,120,35.56533855214469,10.669601565643406,2.0,8.669601565643406,High,0
CUST_02617,Female,47,USA,Delhi,Individual,9,Monthly,19,1,0,20,180,0,0,4.0,12,0.10007883336799511,240,24.018920008318826,7.205676002495648,4.0,3.2056760024956477,Low,0
CUST_08704,Male,43,Germany,Toronto,Enterprise,20,Quarterly,6,3,3,20,400,2,2,1.0,67,0.27130855087298705,240,65.1140522095169,19.53421566285507,4.0,15.534215662855068,High,0
CUST_06737,Female,40,UK,Berlin,SME,8,Quarterly,17,2,4,50,400,1,0,3.0,22,0.07192937456313152,600,43.15762473787891,12.947287421363674,10.0,2.947287421363674,Low,0
CUST_04676,Male,52,UK,London,Individual,23,Yearly,18,1,10,20,460,0,0,4.0,53,0.03399134059571183,240,8.157921742970839,2.4473765228912514,4.0,-1.5526234771087486,Low,0
CUST_01783,Female,43,Canada,Sydney,Individual,33,Quarterly,1,2,0,50,1650,1,0,4.0,28,0.23057154757676965,600,138.34292854606178,41.502878563818534,10.0,31.502878563818534,High,1
CUST_04532,Female,50,Germany,Sydney,Individual,59,Quarterly,26,6,0,30,1770,2,1,4.0,-18,0.20471612345448015,360,73.69780444361285,22.109341333083854,6.0,16.109341333083854,High,0
CUST_05778,Male,20,USA,Toronto,SME,14,Monthly,33,3,4,30,420,0,4,3.0,45,0.055503121298477925,360,19.981123667452053,5.994337100235616,6.0,-0.005662899764383944,Low,1
CUST_06029,Male,41,India,Toronto,Individual,1,Quarterly,39,5,18,10,10,0,1,4.0,-23,0.18136912503910835,120,21.764295004693,6.5292885014079,2.0,4.5292885014079,High,1
CUST_02980,Male,38,Bangladesh,Delhi,Individual,5,Quarterly,8,4,8,50,250,1,3,4.0,82,0.28611508745967373,600,171.66905247580425,51.50071574274127,10.0,41.50071574274127,High,1
CUST_02221,Female,24,Bangladesh,Sydney,Individual,10,Monthly,18,4,9,10,100,2,0,3.0,57,0.33767745735383276,120,40.521294882459934,12.15638846473798,2.0,10.15638846473798,High,0
CUST_03944,Female,48,Bangladesh,Berlin,SME,55,Quarterly,0,0,6,10,550,1,2,4.0,27,0.3721340082409397,120,44.65608098891276,13.39682429667383,2.0,11.39682429667383,High,0
CUST_04626,Female,35,UK,London,SME,17,Quarterly,19,4,8,30,510,1,1,5.0,66,0.058560195972781275,360,21.08167055020126,6.3245011650603775,6.0,0.3245011650603775,Low,0
CUST_08084,Male,53,India,London,SME,47,Monthly,25,1,9,10,470,0,2,2.0,47,0.26547616287952663,120,31.857139545543195,9.557141863662958,2.0,7.557141863662958,High,0
CUST_04429,Male,51,Bangladesh,London,SME,19,Quarterly,18,5,9,30,570,2,0,3.0,68,0.23220216664007556,360,83.5927799904272,25.07783399712816,6.0,19.07783399712816,High,0
CUST_08022,Female,32,UK,New York,Individual,4,Quarterly,21,3,0,50,200,0,1,4.0,73,0.2589915893160033,600,155.39495358960198,46.61848607688059,10.0,36.61848607688059,High,1
CUST_07187,Male,39,Australia,Toronto,Individual,53,Quarterly,0,1,3,30,1590,0,1,5.0,15,0.31364293987806313,360,112.91145835610273,33.87343750683082,6.0,27.873437506830818,High,0
CUST_00044,Female,27,Bangladesh,Delhi,SME,44,Monthly,13,4,21,50,2200,0,2,3.0,-17,0.03452660987806863,600,20.71596592684118,6.214789778052354,10.0,-3.7852102219476462,Low,0
CUST_01028,Male,52,UK,Delhi,Individual,31,Monthly,19,1,0,10,310,2,1,4.0,9,0.19637134476896245,120,23.564561372275495,7.069368411682649,2.0,5.069368411682649,High,0
CUST_00944,Male,35,Canada,Berlin,SME,36,Monthly,37,3,22,30,1080,2,1,4.0,-17,0.20195009330581468,360,72.70203359009328,21.810610077027984,6.0,15.810610077027984,High,0
CUST_06370,Female,53,Bangladesh,Berlin,Individual,31,Yearly,15,3,13,70,2170,0,1,4.0,-21,0.054100170475863546,840,45.44414319972538,13.633242959917615,14.0,-0.3667570400823852,Low,0
CUST_08267,Female,61,India,London,Individual,22,Monthly,24,4,8,50,1100,0,1,4.0,-1,0.02976823390204188,600,17.860940341225128,5.358282102367538,10.0,-4.641717897632462,Low,0
CUST_08171,Male,62,India,Dhaka,Individual,43,Quarterly,17,2,10,10,430,0,1,3.0,42,0.05574349939744287,120,6.689219927693145,2.0067659783079432,2.0,0.006765978307943232,Low,0
CUST_03735,Female,45,Germany,New York,SME,16,Monthly,29,3,1,10,160,0,1,5.0,41,0.06281344903019395,120,7.5376138836232744,2.261284165086982,2.0,0.26128416508698216,Low,0
CUST_04305,Male,18,UK,Toronto,Individual,35,Quarterly,17,6,4,50,1750,0,1,4.0,2,0.06252499667959006,600,37.51499800775404,11.25449940232621,10.0,1.2544994023262106,Low,0
CUST_02795,Female,42,Australia,Toronto,SME,31,Monthly,18,4,2,20,620,0,1,3.0,-50,0.05574959446194125,240,13.3799026708659,4.013970801259769,4.0,0.013970801259769239,Low,0
CUST_09845,Female,26,India,Toronto,Individual,39,Monthly,28,6,5,20,780,2,0,4.0,-12,0.3073496368974156,240,73.76391285537974,22.12917385661392,4.0,18.12917385661392,High,0
CUST_00900,Male,48,UK,Sydney,Individual,50,Quarterly,25,4,2,50,2500,0,0,5.0,14,0.04139274636733318,600,24.835647820399906,7.450694346119971,10.0,-2.5493056538800287,Low,0
CUST_01403,Male,59,USA,Sydney,SME,40,Monthly,3,2,4,30,1200,1,3,2.0,100,0.2788084835459625,360,100.3710540765465,30.11131622296395,6.0,24.11131622296395,High,0
CUST_06147,Female,62,India,Toronto,Individual,6,Monthly,0,1,9,20,120,0,0,4.0,24,0.2278066258902193,240,54.67359021365263,16.40207706409579,4.0,12.402077064095788,High,0
CUST_00890,Male,28,USA,Berlin,Individual,18,Yearly,3,1,19,30,540,0,1,3.0,13,0.22064957133807264,360,79.43384568170615,23.830153704511844,6.0,17.830153704511844,High,0
CUST_06991,Male,53,Bangladesh,Toronto,Individual,7,Monthly,32,7,6,20,140,0,0,3.0,-60,0.1398841882466461,240,33.572205179195066,10.071661553758519,4.0,6.071661553758519,Low,0
CUST_08114,Female,59,Canada,Dhaka,SME,35,Monthly,36,6,7,30,1050,1,2,3.0,-52,0.07980243098915285,360,28.728875156095025,8.618662546828507,6.0,2.6186625468285065,Low,0
CUST_07867,Male,23,Australia,Delhi,Individual,19,Quarterly,14,4,18,30,570,0,0,2.0,10,0.2642073566570939,360,95.1146483965538,28.534394518966142,6.0,22.534394518966142,High,0
CUST_03867,Female,73,Australia,New York,Individual,31,Monthly,28,1,33,70,2170,2,1,4.0,-24,0.1753367013049957,840,147.2828290961964,44.18484872885892,14.0,30.184848728858917,High,0
CUST_02674,Male,54,Canada,Berlin,Individual,58,Monthly,34,4,3,30,1740,2,1,5.0,12,0.15181611508785373,360,54.65380143162734,16.396140429488202,6.0,10.396140429488202,High,0
CUST_07083,Female,29,UK,Toronto,Individual,14,Monthly,24,5,0,10,140,0,0,3.0,45,0.08035869022917988,120,9.643042827501585,2.8929128482504756,2.0,0.8929128482504756,Low,0
CUST_07399,Female,35,India,Toronto,Individual,55,Monthly,15,0,2,10,550,1,2,5.0,16,0.0405624756753604,120,4.867497081043248,1.4602491243129743,2.0,-0.5397508756870257,Low,0
CUST_00040,Male,72,India,Toronto,SME,52,Monthly,10,5,15,10,520,1,1,2.0,30,0.2488445376347775,120,29.8613445161733,8.95840335485199,2.0,6.95840335485199,High,0
CUST_01702,Female,31,Australia,Sydney,Individual,8,Quarterly,32,5,7,10,80,1,2,3.0,77,0.12751770694763317,120,15.30212483371598,4.590637450114794,2.0,2.5906374501147944,Low,0
CUST_03798,Female,74,India,New York,Individual,8,Monthly,40,4,3,30,240,0,0,3.0,47,0.09169126418640061,360,33.00885510710422,9.902656532131266,6.0,3.9026565321312656,Low,0
CUST_05461,Male,68,Australia,Delhi,SME,25,Monthly,15,3,18,50,1250,0,0,3.0,-9,0.0855882526305912,600,51.35295157835472,15.405885473506416,10.0,5.405885473506416,Low,0
CUST_02392,Female,56,Bangladesh,London,Individual,28,Monthly,27,2,6,10,280,1,2,3.0,-76,0.07652899421070067,120,9.18347930528408,2.755043791585224,2.0,0.7550437915852242,Low,0
CUST_06532,Male,24,USA,Sydney,Individual,32,Monthly,27,2,5,30,960,1,2,4.0,54,0.06220228950819724,360,22.392824222951006,6.717847266885301,6.0,0.7178472668853013,Low,0
CUST_03879,Female,36,Australia,Dhaka,Individual,36,Monthly,15,4,8,50,1800,0,3,4.0,-39,0.041320084683473556,600,24.792050810084135,7.43761524302524,10.0,-2.56238475697476,Low,0
CUST_06631,Female,66,USA,London,SME,8,Quarterly,20,0,0,20,160,0,1,4.0,0,0.09275732353221619,240,22.261757647731887,6.678527294319566,4.0,2.678527294319566,Low,0
CUST_06243,Female,65,UK,Sydney,Individual,21,Quarterly,4,5,19,20,420,0,2,3.0,-1,0.22457457828330382,240,53.897898787992915,16.169369636397875,4.0,12.169369636397875,High,0
CUST_07619,Female,74,Canada,London,Individual,13,Monthly,12,2,17,50,650,0,1,3.0,82,0.07410247919740971,600,44.46148751844583,13.338446255533748,10.0,3.338446255533748,Low,0
CUST_07410,Male,25,Canada,London,Individual,11,Quarterly,26,5,12,50,550,1,1,5.0,60,0.03614653953053328,600,21.68792371831997,6.50637711549599,10.0,-3.49362288450401,Low,0
CUST_01787,Female,20,Canada,London,SME,22,Monthly,3,0,3,20,440,0,1,4.0,59,0.2702283719348293,240,64.85480926435903,19.45644277930771,4.0,15.45644277930771,High,0
CUST_03461,Female,36,Australia,Sydney,Enterprise,12,Yearly,12,2,27,70,840,0,0,5.0,-24,0.09114254842219904,840,76.5597406746472,22.96792220239416,14.0,8.96792220239416,Low,0
CUST_09900,Female,71,Australia,New York,Enterprise,23,Yearly,25,1,1,50,1150,0,0,3.0,-18,0.06325825303384743,600,37.95495182030845,11.386485546092535,10.0,1.3864855460925352,Low,0
CUST_06601,Male,51,Canada,Sydney,SME,38,Monthly,18,1,0,10,380,0,0,3.0,29,0.05667055128599653,120,6.800466154319584,2.040139846295875,2.0,0.04013984629587508,Low,0
CUST_06638,Female,25,UK,New York,Individual,43,Quarterly,17,2,4,20,860,1,2,3.0,-44,0.08733249772499381,240,20.959799453998514,6.287939836199554,4.0,2.2879398361995538,Low,0
CUST_07567,Male,64,India,Sydney,SME,48,Quarterly,34,1,14,50,2400,0,0,3.0,57,0.04166485011856193,600,24.998910071137157,7.499673021341147,10.0,-2.500326978658853,Low,0
CUST_05036,Female,34,UK,London,Individual,22,Quarterly,3,4,4,30,660,0,0,3.0,13,0.1921649311513158,360,69.1793752144737,20.75381256434211,6.0,14.753812564342109,High,0
CUST_04818,Female,30,UK,Toronto,SME,17,Quarterly,11,1,2,20,340,0,1,5.0,29,0.062037431698352644,240,14.888983607604635,4.46669508228139,4.0,0.46669508228139023,Low,0
CUST_04081,Male,47,Bangladesh,New York,Individual,37,Monthly,33,3,33,30,1110,0,2,3.0,5,0.15125333753738934,360,54.45120151346016,16.33536045403805,6.0,10.33536045403805,High,1
CUST_06580,Female,29,UK,Toronto,Individual,3,Monthly,24,3,5,20,60,0,1,4.0,40,0.34195848079241553,240,82.07003539017973,24.621010617053916,4.0,20.621010617053916,High,0
CUST_06947,Male,31,Canada,London,Individual,17,Monthly,1,2,30,20,340,0,0,5.0,21,0.21399809316857632,240,51.35954236045832,15.407862708137495,4.0,11.407862708137495,High,0
CUST_08909,Male,49,Bangladesh,Sydney,Individual,5,Monthly,26,2,3,50,250,0,2,1.0,-5,0.39852650802719347,600,239.1159048163161,71.73477144489482,10.0,61.73477144489482,High,0
CUST_04686,Male,67,Germany,Berlin,SME,48,Yearly,29,6,13,50,2400,0,1,3.0,-15,0.060652363659275677,600,36.39141819556541,10.917425458669621,10.0,0.9174254586696211,Low,0
CUST_01014,Male,44,India,Sydney,Individual,47,Monthly,24,5,1,20,940,1,1,2.0,0,0.18893826666830077,240,45.34518400039219,13.603555200117656,4.0,9.603555200117656,High,0
CUST_03775,Male,69,UK,Sydney,SME,22,Monthly,22,2,17,100,2200,2,1,3.0,25,0.17463980282255137,1200,209.56776338706163,62.87032901611849,20.0,42.87032901611849,High,0
CUST_03104,Female,41,Germany,Sydney,Individual,20,Monthly,25,2,0,20,400,0,1,4.0,47,0.03983900563764332,240,9.561361353034396,2.8684084059103188,4.0,-1.1315915940896812,Low,0
CUST_00667,Female,34,Germany,Berlin,Individual,51,Monthly,22,0,0,30,1530,1,0,4.0,-35,0.030314572596467956,360,10.913246134728464,3.273973840418539,6.0,-2.726026159581461,Low,0
CUST_01469,Female,61,Germany,Sydney,Individual,8,Quarterly,17,1,5,10,80,0,2,3.0,50,0.12195624255106298,120,14.634749106127558,4.390424731838267,2.0,2.3904247318382668,Low,0
CUST_00234,Female,43,UK,London,Individual,31,Monthly,12,1,6,30,930,1,3,4.0,-43,0.05424044238786092,360,19.52655925962993,5.857967777888979,6.0,-0.14203222211102062,Low,0
CUST_01098,Female,25,Australia,Toronto,SME,56,Yearly,10,2,7,10,560,1,2,4.0,39,0.0834436075459893,120,10.013232905518716,3.003969871655615,2.0,1.003969871655615,Low,0
CUST_06711,Male,56,Canada,Dhaka,Enterprise,39,Quarterly,18,5,25,10,390,0,3,3.0,33,0.06359596985591964,120,7.631516382710357,2.289454914813107,2.0,0.28945491481310714,Low,0
CUST_02285,Female,61,India,London,SME,27,Yearly,28,0,35,30,810,1,2,4.0,-38,0.14316274988399827,360,51.53858995823938,15.461576987471812,6.0,9.461576987471812,Low,1
CUST_00004,Male,49,Australia,Dhaka,Individual,19,Yearly,34,7,24,30,570,0,3,5.0,100,0.08562519019462267,360,30.82506847006416,9.247520541019247,6.0,3.247520541019247,Low,0
CUST_04117,Male,67,Australia,Berlin,Enterprise,53,Quarterly,15,6,4,10,530,0,2,4.0,-5,0.041526817706965216,120,4.983218124835826,1.4949654374507477,2.0,-0.5050345625492523,Low,0
CUST_02268,Female,19,Germany,London,Individual,11,Monthly,10,0,27,70,770,1,0,3.0,-25,0.14453753287514506,840,121.41152761512186,36.42345828453656,14.0,22.423458284536558,Low,0
CUST_02418,Female,46,India,Delhi,SME,59,Monthly,30,3,7,20,1180,0,1,4.0,-40,0.09739144404079457,240,23.373946569790697,7.012183970937209,4.0,3.012183970937209,Low,0
CUST_05742,Male,43,India,Sydney,Enterprise,44,Monthly,27,6,2,70,3080,1,0,5.0,-41,0.05644045625806992,840,47.40998325677873,14.222994977033618,14.0,0.22299497703361837,Low,0
CUST_02273,Male,57,Australia,Delhi,Individual,38,Monthly,15,6,1,30,1140,2,4,4.0,69,0.16034253176663935,360,57.72331143599016,17.316993430797048,6.0,11.316993430797048,High,1
CUST_07513,Female,53,Canada,Dhaka,Individual,27,Yearly,21,7,10,20,540,0,1,5.0,-14,0.028624586768322052,240,6.869900824397293,2.060970247319188,4.0,-1.939029752680812,Low,0
CUST_01630,Female,30,UK,New York,SME,3,Monthly,32,3,12,20,60,0,2,3.0,-22,0.3416546422130263,240,81.99711413112632,24.599134239337896,4.0,20.599134239337896,High,0
CUST_00145,Female,45,India,Sydney,Individual,16,Quarterly,12,1,10,10,160,0,1,4.0,30,0.0694103725019864,120,8.329244700238368,2.4987734100715104,2.0,0.49877341007151044,Low,0
CUST_00797,Male,24,Australia,New York,SME,42,Monthly,5,1,3,50,2100,0,2,2.0,-35,0.33122247005688543,600,198.73348203413127,59.620044610239376,10.0,49.620044610239376,High,0
CUST_09095,Male,37,India,Berlin,Individual,11,Monthly,14,1,13,50,550,1,1,3.0,43,0.07280475412047088,600,43.682852472282526,13.104855741684757,10.0,3.104855741684757,Low,0
CUST_09407,Female,45,UK,Dhaka,Individual,16,Yearly,17,6,8,10,160,1,0,5.0,83,0.11491221008183343,120,13.789465209820012,4.136839562946004,2.0,2.1368395629460037,Low,0
CUST_08451,Female,59,Germany,Dhaka,Individual,50,Yearly,25,3,15,20,1000,0,2,4.0,10,0.04941131632965454,240,11.858715919117088,3.5576147757351264,4.0,-0.4423852242648736,Low,0
CUST_01144,Male,70,UK,Toronto,SME,31,Yearly,24,4,7,30,930,0,2,4.0,-10,0.03670034791974189,360,13.21212525110708,3.963637575332124,6.0,-2.036362424667876,Low,0
CUST_04989,Male,69,Canada,London,SME,56,Monthly,29,7,7,20,1120,0,2,4.0,9,0.055191213025846814,240,13.245891126203235,3.9737673378609704,4.0,-0.02623266213902964,Low,0
CUST_08662,Male,23,Germany,Berlin,Individual,17,Quarterly,29,3,20,10,170,0,2,4.0,100,0.10947398471793476,120,13.136878166152172,3.9410634498456516,2.0,1.9410634498456516,Low,0
CUST_00976,Female,62,India,Sydney,Individual,56,Monthly,26,4,7,50,2800,0,1,2.0,-35,0.2772669685299503,600,166.36018111797017,49.90805433539105,10.0,39.90805433539105,High,1
CUST_05824,Female,36,USA,London,Individual,50,Yearly,30,5,12,10,500,0,1,4.0,25,0.03418908000441825,120,4.10268960053019,1.2308068801590568,2.0,-0.7691931198409432,Low,0
CUST_00830,Female,48,Bangladesh,Toronto,SME,36,Monthly,19,0,24,50,1800,0,3,4.0,-10,0.04634193804326061,600,27.805162825956366,8.341548847786909,10.0,-1.6584511522130914,Low,0
CUST_01874,Female,42,India,Delhi,Individual,50,Monthly,17,6,23,20,1000,0,0,4.0,53,0.06015770242179793,240,14.437848581231503,4.331354574369451,4.0,0.3313545743694508,Low,0
CUST_04734,Female,34,Australia,Sydney,Individual,16,Quarterly,4,7,65,10,160,1,1,4.0,21,0.29417686394680026,120,35.30122367361603,10.590367102084809,2.0,8.590367102084809,High,0
CUST_09949,Female,60,Australia,Sydney,SME,21,Monthly,39,7,3,50,1050,1,2,3.0,-33,0.07230295185447466,600,43.381771112684795,13.014531333805438,10.0,3.0145313338054383,Low,0
CUST_05761,Male,39,Bangladesh,London,Individual,11,Yearly,37,5,1,20,220,0,0,5.0,-31,0.07941710918573093,240,19.060106204575423,5.718031861372626,4.0,1.7180318613726264,Low,0
CUST_06448,Female,43,Canada,Sydney,Individual,11,Monthly,22,0,8,50,550,0,1,3.0,33,0.07754338107728757,600,46.526028646372545,13.957808593911762,10.0,3.9578085939117624,Low,0
CUST_00903,Female,24,UK,Toronto,Individual,17,Monthly,13,5,0,10,170,2,2,5.0,9,0.2811875817774348,120,33.74250981329217,10.122752943987651,2.0,8.122752943987651,High,1
CUST_09335,Female,62,UK,Delhi,SME,19,Monthly,11,5,12,30,570,0,0,3.0,5,0.05493078071915728,360,19.77508105889662,5.932524317668986,6.0,-0.06747568233101386,Low,0
CUST_09452,Male,55,India,Dhaka,Individual,27,Monthly,9,4,9,50,1350,0,1,4.0,-9,0.03274116343910803,600,19.64469806346482,5.893409419039446,10.0,-4.106590580960554,Low,0
CUST_08042,Female,65,Canada,Dhaka,Individual,47,Monthly,18,0,1,20,940,0,3,5.0,42,0.029277141356900238,240,7.026513925656057,2.107954177696817,4.0,-1.8920458223031829,Low,0
CUST_08427,Female,53,Australia,Berlin,Individual,34,Monthly,5,5,5,10,340,2,1,3.0,3,0.23745474251503382,120,28.494569101804057,8.548370730541217,2.0,6.548370730541217,High,0
CUST_03432,Female,61,Germany,New York,Individual,35,Quarterly,45,5,13,100,3500,0,1,3.0,62,0.10096326707916749,1200,121.15592049500098,36.3467761485003,20.0,16.346776148500297,Low,0
CUST_04957,Female,27,Canada,Sydney,Individual,48,Yearly,34,5,24,50,2400,0,2,3.0,42,0.06785108379285953,600,40.71065027571572,12.213195082714716,10.0,2.2131950827147158,Low,0
CUST_07055,Female,40,Canada,London,Enterprise,8,Quarterly,30,6,3,10,80,0,2,5.0,10,0.09557135151586137,120,11.468562181903364,3.4405686545710092,2.0,1.4405686545710092,Low,0
CUST_04832,Male,71,Australia,Dhaka,SME,38,Yearly,6,6,8,20,760,2,0,5.0,57,0.20826056788484654,240,49.98253629236317,14.994760887708951,4.0,10.994760887708951,High,1
CUST_05190,Male,33,UK,Delhi,Individual,32,Quarterly,13,4,19,50,1600,1,2,3.0,48,0.06358636673442686,600,38.15182004065611,11.445546012196834,10.0,1.445546012196834,Low,0
CUST_08996,Female,33,India,Sydney,Individual,49,Monthly,15,0,26,10,490,0,1,4.0,48,0.07005821695066551,120,8.40698603407986,2.522095810223958,2.0,0.5220958102239579,Low,0
CUST_09474,Male,66,Bangladesh,Dhaka,Individual,39,Yearly,3,7,8,20,780,0,4,4.0,24,0.23362565846886132,240,56.07015803252672,16.821047409758016,4.0,12.821047409758016,High,0
CUST_03770,Female,20,Canada,Delhi,SME,6,Monthly,14,0,22,10,60,1,1,4.0,18,0.19037226203593127,120,22.844671444311754,6.853401433293526,2.0,4.853401433293526,High,0
CUST_06648,Female,74,Canada,Sydney,Individual,2,Quarterly,14,6,0,10,20,1,1,2.0,30,0.3140384294433716,120,37.684611533204595,11.305383459961378,2.0,9.305383459961378,High,1
CUST_00629,Male,22,UK,Dhaka,Enterprise,25,Monthly,20,0,1,20,500,1,1,2.0,48,0.22695921413811188,240,54.47021139314685,16.341063417944053,4.0,12.341063417944053,High,0
CUST_00735,Female,65,USA,London,Individual,12,Monthly,22,1,2,20,240,0,1,4.0,70,0.06307153218283147,240,15.137167723879553,4.541150317163866,4.0,0.5411503171638659,Low,0
CUST_08020,Female,63,Australia,Dhaka,Individual,28,Yearly,4,4,8,100,2800,0,2,4.0,-20,0.1721655025688942,1200,206.59860308267304,61.97958092480191,20.0,41.97958092480191,High,0
CUST_08251,Male,20,Australia,New York,Individual,22,Monthly,23,1,3,20,440,0,0,2.0,-22,0.271875024583283,240,65.25000589998793,19.575001769996376,4.0,15.575001769996376,High,0
CUST_02538,Female,59,India,New York,Individual,26,Quarterly,22,4,7,70,1820,0,4,2.0,29,0.2733836693982461,840,229.64228229452672,68.89268468835802,14.0,54.89268468835802,High,0
CUST_07448,Female,58,Bangladesh,Dhaka,Individual,47,Monthly,26,0,59,10,470,0,2,4.0,37,0.12208260561893013,120,14.649912674271615,4.394973802281484,2.0,2.394973802281484,Low,0
CUST_04494,Female,26,Canada,Dhaka,Individual,32,Yearly,30,5,3,10,320,0,3,4.0,37,0.03911616507162577,120,4.6939398085950925,1.4081819425785278,2.0,-0.5918180574214722,Low,0
CUST_03036,Male,49,Canada,Delhi,Individual,52,Monthly,18,2,0,30,1560,0,0,3.0,-48,0.05278054950050652,360,19.00099782018235,5.700299346054704,6.0,-0.29970065394529577,Low,0
CUST_09936,Female,39,Germany,London,Individual,48,Monthly,7,2,3,30,1440,0,0,3.0,-35,0.11294379898960626,360,40.65976763625825,12.197930290877474,6.0,6.1979302908774745,Low,0
CUST_04871,Female,34,USA,Dhaka,Individual,26,Yearly,19,2,5,30,780,1,1,3.0,12,0.08526890214634479,360,30.696804772684125,9.209041431805238,6.0,3.209041431805238,Low,0
CUST_03984,Female,35,UK,Berlin,Individual,57,Monthly,26,0,31,10,570,0,1,3.0,-30,0.060739238008067485,120,7.288708560968098,2.1866125682904296,2.0,0.1866125682904296,Low,0
CUST_07954,Male,22,Australia,Berlin,Enterprise,50,Monthly,2,3,3,20,1000,0,0,5.0,46,0.24903992228739444,240,59.76958134897467,17.9308744046924,4.0,13.9308744046924,High,0
CUST_08107,Male,19,Australia,Delhi,Individual,52,Yearly,27,1,1,20,1040,0,2,4.0,15,0.03855585382077111,240,9.253404916985067,2.77602147509552,4.0,-1.2239785249044801,Low,0
CUST_01449,Female,56,Canada,London,SME,16,Monthly,4,0,0,20,320,1,0,4.0,13,0.20703921165974135,240,49.689410798337924,14.906823239501376,4.0,10.906823239501376,High,0
CUST_05093,Female,54,Canada,London,Individual,49,Monthly,8,1,2,50,2450,0,1,3.0,-37,0.07008521355637393,600,42.051128133824356,12.615338440147307,10.0,2.6153384401473065,Low,0
CUST_02357,Female,26,Germany,Sydney,Individual,17,Monthly,9,5,0,50,850,0,3,4.0,27,0.06300839930754253,600,37.80503958452552,11.341511875357655,10.0,1.3415118753576554,Low,0
CUST_07669,Male,55,Australia,Delhi,SME,53,Monthly,20,3,1,70,3710,1,4,5.0,10,0.05459856313987197,840,45.86279303749246,13.758837911247737,14.0,-0.24116208875226341,Low,0
CUST_07928,Female,44,Bangladesh,Toronto,Individual,29,Monthly,33,4,11,50,1450,0,1,3.0,13,0.03243356233853438,600,19.46013740312063,5.838041220936189,10.0,-4.161958779063811,Low,0
CUST_02963,Female,57,Canada,Dhaka,Individual,46,Quarterly,10,4,6,50,2300,0,3,2.0,53,0.3328157941493442,600,199.68947648960653,59.90684294688196,10.0,49.90684294688196,High,0
CUST_02266,Male,28,Bangladesh,Delhi,Individual,27,Monthly,6,5,23,50,1350,0,0,4.0,42,0.07716645224797296,600,46.299871348783775,13.889961404635132,10.0,3.889961404635132,Low,0
CUST_00563,Male,40,Bangladesh,New York,Individual,52,Quarterly,19,4,0,70,3640,2,1,2.0,5,0.2618221177083145,840,219.93057887498418,65.97917366249526,14.0,51.979173662495256,High,0
CUST_06570,Male,45,UK,Dhaka,SME,23,Monthly,20,5,18,20,460,0,1,3.0,100,0.059586554754943774,240,14.300773141186506,4.290231942355952,4.0,0.29023194235595184,Low,0
CUST_03865,Female,49,Germany,Toronto,SME,1,Monthly,37,6,3,10,10,0,0,4.0,18,0.307431359283764,120,36.891763114051685,11.067528934215504,2.0,9.067528934215504,High,0
CUST_06705,Female,63,Bangladesh,Berlin,SME,1,Yearly,12,7,0,20,20,0,2,5.0,20,0.34502721651300267,240,82.80653196312063,24.841959588936188,4.0,20.841959588936188,High,0
CUST_09664,Male,62,Australia,Berlin,Enterprise,29,Monthly,23,7,15,30,870,0,2,5.0,69,0.04604051396385309,360,16.574585026987112,4.972375508096134,6.0,-1.0276244919038664,Low,0
CUST_05095,Female,59,Germany,Dhaka,SME,52,Quarterly,12,1,2,10,520,0,0,3.0,56,0.05584246092809318,120,6.701095311371182,2.0103285934113546,2.0,0.010328593411354614,Low,0
CUST_06534,Male,33,Germany,Dhaka,SME,5,Yearly,44,7,2,10,50,0,1,4.0,95,0.23891930095421662,120,28.670316114505994,8.601094834351798,2.0,6.601094834351798,High,0
CUST_05676,Male,73,Canada,Toronto,Individual,8,Monthly,26,0,3,10,80,1,0,2.0,14,0.2049539992725313,120,24.594479912703758,7.378343973811127,2.0,5.378343973811127,High,0
CUST_06426,Female,31,Australia,Berlin,Enterprise,3,Monthly,25,5,4,30,90,1,1,4.0,44,0.23980670984838126,360,86.33041554541725,25.899124663625177,6.0,19.899124663625177,High,0
CUST_08443,Female,55,UK,Toronto,Individual,55,Monthly,17,0,8,30,1650,1,0,4.0,-20,0.09550217541533586,360,34.38078314952091,10.314234944856272,6.0,4.314234944856272,Low,0
CUST_08410,Male,61,Australia,Delhi,SME,12,Monthly,16,7,9,20,240,0,2,3.0,48,0.13233998550340356,240,31.761596520816855,9.528478956245056,4.0,5.528478956245056,Low,0
CUST_03256,Female,27,Germany,Delhi,Individual,42,Quarterly,28,1,7,30,1260,1,0,4.0,8,0.031034539462832893,360,11.172434206619842,3.3517302619859524,6.0,-2.6482697380140476,Low,0
CUST_07512,Female,73,Bangladesh,London,Enterprise,44,Yearly,35,5,6,20,880,0,1,3.0,77,0.05938203573167564,240,14.251688575602154,4.275506572680646,4.0,0.27550657268064604,Low,0
CUST_05382,Female,74,Canada,Delhi,Individual,51,Yearly,4,2,0,10,510,1,0,4.0,-17,0.15889751026589694,120,19.067701231907634,5.72031036957229,2.0,3.7203103695722897,High,0
CUST_00917,Female,56,India,New York,Individual,35,Monthly,28,3,9,30,1050,0,0,3.0,-18,0.02400861968183915,360,8.643103085462094,2.5929309256386284,6.0,-3.4070690743613716,Low,0
CUST_03558,Male,39,Canada,Dhaka,Individual,13,Quarterly,25,6,3,10,130,2,0,5.0,42,0.28151184615448716,120,33.78142153853846,10.134426461561537,2.0,8.134426461561537,High,0
CUST_02663,Female,66,Germany,Delhi,SME,4,Quarterly,27,2,17,70,280,2,0,3.0,4,0.27788869308357345,840,233.4265021902017,70.0279506570605,14.0,56.0279506570605,High,0
CUST_00958,Male,40,Germany,Berlin,Individual,12,Quarterly,9,5,4,30,360,1,0,3.0,100,0.11230008238433932,360,40.428029658362156,12.128408897508647,6.0,6.128408897508647,Low,0
CUST_02677,Male,72,USA,Berlin,Individual,7,Monthly,16,4,2,50,350,1,1,4.0,44,0.07071710136183701,600,42.43026081710221,12.729078245130662,10.0,2.729078245130662,Low,0
CUST_07585,Female,73,Australia,Dhaka,Individual,17,Quarterly,43,0,4,30,510,0,1,3.0,-65,0.07694894103926496,360,27.701618774135387,8.310485632240615,6.0,2.3104856322406153,Low,0
CUST_08260,Male,52,Germany,Dhaka,Individual,44,Monthly,14,0,2,70,3080,0,0,3.0,96,0.06469694274566888,840,54.34543190636186,16.30362957190856,14.0,2.3036295719085587,Low,0
CUST_00244,Male,39,Australia,London,SME,15,Monthly,21,7,12,10,150,0,1,4.0,31,0.09301017286529084,120,11.161220743834901,3.3483662231504705,2.0,1.3483662231504705,Low,0
CUST_05922,Male,21,Germany,London,Individual,40,Monthly,25,2,20,10,400,0,0,3.0,-16,0.06945497872550871,120,8.334597447061045,2.5003792341183133,2.0,0.5003792341183133,Low,0
CUST_03887,Female,61,India,Berlin,Individual,4,Quarterly,28,1,1,10,40,0,1,5.0,18,0.3512898888562515,120,42.15478666275018,12.646435998825055,2.0,10.646435998825055,High,1
CUST_04777,Female,18,Germany,Berlin,Individual,43,Quarterly,29,4,1,70,3010,0,1,4.0,-1,0.057383658581163954,840,48.20227320817772,14.460681962453316,14.0,0.4606819624533163,Low,0
CUST_09829,Female,72,Bangladesh,New York,Individual,56,Quarterly,8,2,7,50,2800,0,1,5.0,79,0.09275714214331639,600,55.65428528598983,16.696285585796947,10.0,6.6962855857969465,Low,0
CUST_03493,Female,29,India,Sydney,Individual,54,Yearly,13,1,9,10,540,0,0,2.0,58,0.25595149706738585,120,30.7141796480863,9.21425389442589,2.0,7.214253894425889,High,0
CUST_05857,Female,52,Australia,Dhaka,SME,8,Monthly,40,0,2,50,400,0,0,5.0,49,0.057025970707187824,600,34.21558242431269,10.264674727293807,10.0,0.2646747272938068,Low,0
CUST_05437,Male,34,Bangladesh,London,SME,44,Monthly,23,5,8,10,440,2,3,4.0,39,0.19576958620464638,120,23.492350344557565,7.047705103367269,2.0,5.047705103367269,High,0
CUST_04226,Female,26,Germany,London,Individual,24,Quarterly,18,6,2,10,240,0,0,5.0,-1,0.06024278156470815,120,7.229133787764978,2.168740136329493,2.0,0.16874013632949314,Low,0
CUST_04737,Male,70,India,London,Individual,18,Monthly,15,7,13,70,1260,1,0,3.0,65,0.0849078322863117,840,71.32257912050183,21.396773736150546,14.0,7.396773736150546,Low,0
CUST_06431,Male,44,UK,Delhi,SME,39,Quarterly,34,6,13,100,3900,1,0,4.0,15,0.06237320767718118,1200,74.84784921261742,22.454354763785226,20.0,2.4543547637852257,Low,0
CUST_07685,Male,35,Germany,Delhi,SME,32,Monthly,17,2,7,20,640,0,0,3.0,77,0.061097312491971714,240,14.663354998073212,4.399006499421963,4.0,0.3990064994219633,Low,1
CUST_02042,Male,46,USA,Berlin,Individual,16,Yearly,21,3,7,100,1600,0,0,2.0,-39,0.27998479683611943,1200,335.9817562033433,100.79452686100299,20.0,80.79452686100299,High,1
CUST_00024,Female,32,UK,Toronto,Individual,29,Monthly,23,2,16,30,870,1,0,4.0,18,0.07316841210513116,360,26.340628357847216,7.902188507354165,6.0,1.9021885073541647,Low,0
CUST_03802,Female,24,Canada,Delhi,Individual,4,Monthly,14,6,19,70,280,0,0,5.0,56,0.22993828039427255,840,193.14815553118893,57.94444665935668,14.0,43.94444665935668,High,0
CUST_06437,Female,60,Canada,Sydney,SME,25,Monthly,31,6,41,10,250,0,4,4.0,3,0.15833805449869695,120,19.000566539843636,5.70016996195309,2.0,3.7001699619530903,High,0
CUST_09022,Male,62,Canada,London,Individual,49,Monthly,19,3,4,100,4900,1,2,2.0,37,0.35780688011405776,1200,429.3682561368693,128.8104768410608,20.0,108.81047684106079,Critical,0
CUST_06398,Male,18,UK,London,SME,3,Monthly,6,2,8,20,60,2,2,5.0,-11,0.3290417317791399,240,78.97001562699359,23.691004688098076,4.0,19.691004688098076,High,0
CUST_08766,Female,57,Germany,London,Individual,45,Monthly,14,5,1,10,450,0,1,4.0,-18,0.07026517311335534,120,8.431820773602642,2.529546232080792,2.0,0.5295462320807922,Low,0
CUST_06339,Female,59,Bangladesh,Sydney,Enterprise,59,Quarterly,20,6,3,70,4130,0,1,4.0,-5,0.060016809874546766,840,50.41412029461928,15.124236088385784,14.0,1.1242360883857838,Low,0
CUST_05426,Male,38,Germany,London,SME,10,Monthly,25,0,31,100,1000,0,3,4.0,40,0.10740579365609923,1200,128.88695238731907,38.66608571619572,20.0,18.666085716195717,Low,0
CUST_05032,Male,60,Australia,Dhaka,SME,41,Quarterly,10,1,7,10,410,0,1,2.0,-5,0.24023684459896216,120,28.82842135187546,8.648526405562638,2.0,6.648526405562638,High,0
CUST_00176,Female,35,Germany,Toronto,SME,39,Quarterly,32,6,5,70,2730,0,1,5.0,19,0.08135595022524368,840,68.33899818920469,20.501699456761404,14.0,6.501699456761404,Low,0
CUST_07751,Male,26,USA,London,SME,43,Quarterly,32,6,8,50,2150,1,1,3.0,4,0.04511053484654269,600,27.066320907925615,8.119896272377684,10.0,-1.8801037276223163,Low,0
CUST_06948,Male,47,Australia,Delhi,Individual,41,Quarterly,26,3,16,50,2050,0,2,3.0,73,0.040085165710354045,600,24.051099426212428,7.215329827863728,10.0,-2.7846701721362717,Low,0
CUST_01898,Male,50,Bangladesh,Toronto,Individual,35,Quarterly,16,0,37,50,1750,1,1,2.0,-18,0.2407871996410863,600,144.47231978465177,43.34169593539553,10.0,33.34169593539553,High,0
CUST_03690,Female,72,Bangladesh,London,SME,51,Monthly,19,0,2,30,1530,1,0,4.0,0,0.056847461290207166,360,20.46508606447458,6.139525819342373,6.0,0.1395258193423734,Low,0
CUST_06182,Male,62,India,Toronto,Individual,59,Yearly,12,1,0,10,590,1,0,3.0,18,0.056031935524422254,120,6.723832262930671,2.017149678879201,2.0,0.017149678879201158,Low,0
CUST_09618,Male,70,Australia,Dhaka,Individual,21,Monthly,19,3,2,30,630,1,5,2.0,-56,0.1747275237351106,360,62.90190854463982,18.870572563391946,6.0,12.870572563391946,High,0
CUST_05351,Female,19,Germany,Dhaka,SME,57,Quarterly,13,5,4,20,1140,0,0,3.0,55,0.06077338453495431,240,14.585612288389035,4.375683686516711,4.0,0.3756836865167106,Low,0
CUST_02763,Male,42,Australia,Sydney,SME,59,Monthly,6,4,23,30,1770,0,2,4.0,28,0.11886766720504686,360,42.79236019381687,12.83770805814506,6.0,6.8377080581450596,Low,0
CUST_01097,Female,28,Bangladesh,New York,Individual,21,Quarterly,38,7,10,20,420,1,0,3.0,76,0.06957919809168045,240,16.699007542003308,5.009702262600992,4.0,1.0097022626009924,Low,0
CUST_03664,Male,58,UK,Sydney,Individual,47,Monthly,30,7,7,20,940,1,3,2.0,22,0.17090065121379222,240,41.01615629131013,12.304846887393039,4.0,8.304846887393039,High,1
CUST_09703,Male,56,Germany,Sydney,Individual,39,Yearly,9,1,18,30,1170,1,2,1.0,19,0.30044047276583435,360,108.15857019570036,32.44757105871011,6.0,26.44757105871011,High,0
CUST_00984,Male,24,Bangladesh,London,SME,16,Yearly,16,7,15,30,480,1,0,4.0,86,0.07149663991880814,360,25.738790370770932,7.72163711123128,6.0,1.7216371112312796,Low,0
CUST_02530,Male,48,Germany,Delhi,Individual,32,Monthly,16,3,2,20,640,0,4,4.0,21,0.05333717531792517,240,12.800922076302042,3.8402766228906122,4.0,-0.15972337710938778,Low,0
CUST_02749,Female,46,India,Berlin,Individual,29,Quarterly,31,5,0,20,580,0,1,4.0,47,0.058363101372449065,240,14.007144329387776,4.202143298816333,4.0,0.20214329881633297,Low,0
CUST_07547,Male,39,India,Berlin,Individual,14,Yearly,10,4,22,70,980,1,1,5.0,42,0.07466341773645369,840,62.717270898621095,18.81518126958633,14.0,4.815181269586329,Low,0
CUST_00345,Male,25,Germany,Delhi,SME,26,Monthly,12,4,6,20,520,0,4,4.0,69,0.07161449781461908,240,17.187479475508578,5.156243842652573,4.0,1.1562438426525734,Low,0
CUST_08407,Female,53,USA,London,Individual,40,Quarterly,17,4,0,30,1200,0,2,4.0,-21,0.02662679199564034,360,9.585645118430524,2.875693535529157,6.0,-3.124306464470843,Low,0
CUST_02076,Male,49,USA,Delhi,Individual,37,Monthly,20,0,1,10,370,0,0,3.0,-4,0.060529189711059764,120,7.263502765327171,2.179050829598151,2.0,0.17905082959815122,Low,0
CUST_06808,Male,40,USA,Dhaka,SME,35,Quarterly,16,2,1,70,2450,0,2,4.0,7,0.047154188048112014,840,39.609517960414095,11.882855388124229,14.0,-2.117144611875771,Low,0
CUST_06198,Male,53,India,London,Individual,56,Monthly,9,6,0,50,2800,0,1,3.0,-27,0.07100962709187586,600,42.60577625512552,12.781732876537655,10.0,2.7817328765376548,Low,0
CUST_01058,Male,23,Bangladesh,Dhaka,Individual,20,Monthly,25,3,4,20,400,1,1,3.0,8,0.031111128804675866,240,7.466670913122208,2.240001273936662,4.0,-1.7599987260633378,Low,0
CUST_07889,Male,74,Bangladesh,Toronto,Individual,13,Monthly,25,1,3,10,130,1,2,4.0,8,0.11120483867137113,120,13.344580640564535,4.00337419216936,2.0,2.0033741921693604,Low,0
CUST_04001,Female,19,UK,Toronto,Individual,3,Yearly,12,3,1,20,60,0,2,5.0,-60,0.3171058256478597,240,76.10539815548633,22.8316194466459,4.0,18.8316194466459,High,0
CUST_04083,Male,66,UK,New York,Individual,42,Quarterly,16,4,4,50,2100,2,1,4.0,15,0.14068583849828276,600,84.41150309896966,25.323450929690896,10.0,15.323450929690896,Low,0
CUST_09358,Female,54,UK,London,Enterprise,55,Monthly,14,3,4,70,3850,0,1,4.0,-1,0.07528224769430283,840,63.23708806321438,18.971126418964314,14.0,4.971126418964314,Low,0
CUST_01189,Male,19,Canada,New York,Individual,13,Monthly,21,0,6,30,390,2,1,3.0,21,0.35824847074523364,360,128.9694494682841,38.69083484048523,6.0,32.69083484048523,High,0
CUST_04443,Male,20,India,Dhaka,Individual,35,Monthly,24,6,23,30,1050,1,0,3.0,76,0.0768177226855571,360,27.654380166800557,8.296314050040166,6.0,2.2963140500401664,Low,0
CUST_04309,Female,69,Australia,Berlin,Individual,19,Quarterly,36,2,9,70,1330,0,2,4.0,34,0.06012009019381016,840,50.50087576280054,15.150262728840161,14.0,1.1502627288401612,Low,0
CUST_03494,Female,37,Bangladesh,London,SME,6,Monthly,10,1,4,30,180,0,2,3.0,-21,0.11535848051520979,360,41.52905298547552,12.458715895642657,6.0,6.458715895642657,Low,0
CUST_02419,Male,28,Germany,London,SME,45,Yearly,24,6,2,30,1350,1,0,4.0,-7,0.07218982725502876,360,25.988337811810354,7.796501343543106,6.0,1.796501343543106,Low,0
CUST_06006,Female,68,India,Sydney,Individual,50,Yearly,12,1,7,10,500,1,2,3.0,43,0.07727183909986725,120,9.27262069198407,2.781786207595221,2.0,0.7817862075952209,Low,0
CUST_08924,Female,21,India,Dhaka,SME,18,Monthly,22,3,5,20,360,0,1,4.0,-27,0.06827703629169891,240,16.38648871000774,4.915946613002322,4.0,0.9159466130023217,Low,0
CUST_08525,Male,25,Australia,Sydney,Enterprise,21,Monthly,24,7,20,30,630,0,0,4.0,29,0.06916990131154199,360,24.901164472155116,7.470349341646535,6.0,1.4703493416465347,Low,0
CUST_07911,Female,30,UK,London,Individual,41,Monthly,19,1,11,20,820,0,2,1.0,67,0.3233645579380625,240,77.607493905135,23.2822481715405,4.0,19.2822481715405,High,0
CUST_02321,Male,67,Canada,Delhi,SME,14,Monthly,24,0,15,100,1400,0,3,2.0,76,0.2617608141555176,1200,314.1129769866211,94.23389309598633,20.0,74.23389309598633,High,0
CUST_00856,Male,60,Germany,New York,Individual,38,Monthly,29,2,4,10,380,0,2,2.0,53,0.2989651482690845,120,35.875817792290135,10.76274533768704,2.0,8.76274533768704,High,1
CUST_06495,Male,51,USA,Berlin,Individual,16,Monthly,9,0,7,30,480,0,1,2.0,0,0.2968630554888863,360,106.87069997599907,32.06120999279972,6.0,26.061209992799718,High,1
CUST_00080,Female,68,Germany,Toronto,Individual,51,Yearly,25,2,8,20,1020,1,2,5.0,-42,0.037628021579759675,240,9.030725179142323,2.709217553742697,4.0,-1.2907824462573032,Low,0
CUST_01055,Male,38,UK,London,Individual,27,Monthly,24,5,2,30,810,0,0,2.0,51,0.2687303339342974,360,96.74292021634706,29.022876064904118,6.0,23.022876064904118,High,0
CUST_00372,Female,53,UK,Toronto,Individual,30,Monthly,28,5,2,20,600,1,1,3.0,76,0.05834877671813781,240,14.003706412353075,4.2011119237059225,4.0,0.20111192370592246,Low,0
CUST_09391,Male,37,Bangladesh,Dhaka,Individual,51,Monthly,31,5,2,70,3570,0,3,4.0,-20,0.05083595959439995,840,42.70220605929596,12.810661817788787,14.0,-1.1893381822112126,Low,0
CUST_04606,Female,26,Canada,Toronto,SME,8,Monthly,23,5,1,10,80,0,0,5.0,55,0.14131508850324717,120,16.95781062038966,5.0873431861168985,2.0,3.0873431861168985,Low,0
CUST_06880,Female,38,Australia,Dhaka,SME,35,Monthly,19,2,6,30,1050,1,0,4.0,25,0.04821920097846878,360,17.358912352248762,5.207673705674629,6.0,-0.7923262943253713,Low,0
CUST_07787,Male,60,USA,London,SME,32,Quarterly,12,7,21,20,640,0,1,3.0,53,0.12234796936949863,240,29.36351264867967,8.809053794603901,4.0,4.809053794603901,Low,0
CUST_05968,Female,41,USA,Sydney,Individual,13,Quarterly,20,1,4,10,130,0,2,3.0,-19,0.09645257136992307,120,11.574308564390767,3.47229256931723,2.0,1.4722925693172302,Low,0
CUST_05464,Female,21,UK,Delhi,Individual,24,Monthly,29,6,6,70,1680,0,1,5.0,5,0.05594466240992163,840,46.99351642433417,14.09805492730025,14.0,0.09805492730025023,Low,0
CUST_00565,Female,37,Germany,Sydney,SME,15,Monthly,20,4,2,10,150,1,1,3.0,-55,0.083582935329023,120,10.02995223948276,3.0089856718448282,2.0,1.0089856718448282,Low,0
CUST_05743,Male,52,UK,Berlin,SME,40,Quarterly,22,6,27,30,1200,2,0,2.0,32,0.3450832093778265,360,124.22995537601754,37.268986612805264,6.0,31.268986612805264,High,1
CUST_05342,Female,58,USA,Toronto,Individual,30,Monthly,4,0,7,10,300,0,1,4.0,-32,0.20971287262610874,120,25.16554471513305,7.549663414539914,2.0,5.549663414539914,High,0
CUST_07342,Female,37,India,Sydney,Enterprise,53,Yearly,11,5,25,30,1590,0,1,5.0,13,0.09765068909572625,360,35.15424807446145,10.546274422338435,6.0,4.546274422338435,Low,0
CUST_03762,Female,27,Bangladesh,Berlin,SME,34,Quarterly,35,0,0,50,1700,0,0,3.0,-16,0.04173255992640234,600,25.039535955841405,7.511860786752421,10.0,-2.488139213247579,Low,0
CUST_01540,Male,50,UK,New York,Enterprise,26,Quarterly,17,1,1,50,1300,1,2,4.0,21,0.03822150558969052,600,22.932903353814314,6.8798710061442945,10.0,-3.1201289938557055,Low,0
CUST_00852,Female,69,Australia,Delhi,Individual,36,Monthly,19,3,2,20,720,1,3,4.0,25,0.0654260904686609,240,15.702261712478615,4.710678513743584,4.0,0.7106785137435843,Low,0
CUST_05628,Female,23,Germany,Berlin,Individual,38,Monthly,27,6,2,20,760,0,0,3.0,35,0.09950407951892994,240,23.880979084543185,7.164293725362955,4.0,3.1642937253629553,Low,0
CUST_02721,Female,28,Canada,New York,Individual,28,Yearly,18,2,6,50,1400,0,3,2.0,-21,0.28970964370847413,600,173.82578622508447,52.14773586752534,10.0,42.14773586752534,High,0
CUST_05915,Female,23,Germany,Dhaka,Individual,15,Monthly,19,4,14,50,750,0,1,4.0,-2,0.05179131724596145,600,31.07479034757687,9.32243710427306,10.0,-0.6775628957269397,Low,0
CUST_09254,Male,18,USA,New York,Individual,41,Monthly,10,3,9,20,820,1,2,5.0,100,0.057641591868507806,240,13.833982048441873,4.150194614532562,4.0,0.15019461453256167,Low,0
CUST_08212,Male,60,Germany,Sydney,Individual,48,Monthly,19,4,4,30,1440,0,1,3.0,33,0.040544128704916096,360,14.595886333769794,4.378765900130938,6.0,-1.6212340998690618,Low,0
CUST_05067,Male,31,UK,Berlin,SME,13,Quarterly,37,1,35,50,650,0,3,3.0,-13,0.1934312863635649,600,116.05877181813895,34.817631545441685,10.0,24.817631545441685,High,0
CUST_03214,Female,62,UK,Delhi,Enterprise,58,Quarterly,13,4,0,50,2900,0,0,4.0,5,0.0573707396089582,600,34.42244376537492,10.326733129612476,10.0,0.32673312961247625,Low,0
CUST_02389,Male,28,Canada,New York,SME,11,Yearly,29,7,6,20,220,0,0,3.0,61,0.08150332456111016,240,19.56079789466644,5.868239368399932,4.0,1.8682393683999319,Low,0
CUST_09059,Male,31,UK,Toronto,Individual,55,Monthly,31,4,20,20,1100,0,0,5.0,-42,0.04569002676772643,240,10.965606424254343,3.2896819272763027,4.0,-0.7103180727236973,Low,0
CUST_03842,Male,45,India,New York,Individual,1,Monthly,23,7,0,30,30,0,0,4.0,40,0.36098944702773805,360,129.9562009299857,38.98686027899571,6.0,32.98686027899571,High,0
CUST_08684,Male,30,Canada,Sydney,Individual,39,Quarterly,21,2,5,10,390,0,0,4.0,49,0.05976632407252576,120,7.171958888703091,2.151587666610927,2.0,0.15158766661092704,Low,0
CUST_09464,Male,35,Canada,Dhaka,SME,48,Monthly,30,4,9,20,960,0,2,3.0,58,0.037772902374147085,240,9.0654965697953,2.71964897093859,4.0,-1.2803510290614102,Low,0
CUST_04616,Male,50,India,Delhi,SME,42,Quarterly,13,2,3,30,1260,0,1,3.0,-34,0.06100871370822116,360,21.963136934959618,6.588941080487885,6.0,0.588941080487885,Low,0
CUST_02668,Female,63,India,London,SME,43,Quarterly,24,5,25,50,2150,0,0,5.0,25,0.06666361737626345,600,39.99817042575807,11.99945112772742,10.0,1.9994511277274203,Low,0
CUST_05383,Female,31,UK,Dhaka,Individual,21,Yearly,15,6,5,50,1050,1,0,4.0,10,0.0804134160576304,600,48.248049634578244,14.474414890373472,10.0,4.474414890373472,Low,0
CUST_02114,Male,49,UK,Sydney,Individual,38,Monthly,31,6,4,30,1140,2,0,3.0,48,0.18756753109203056,360,67.524311193131,20.2572933579393,6.0,14.2572933579393,High,0
CUST_04118,Male,20,Germany,Sydney,Individual,9,Yearly,28,6,10,30,270,0,2,4.0,-22,0.08942390351068977,360,32.192605263848314,9.657781579154493,6.0,3.657781579154493,Low,0
CUST_08375,Male,50,Bangladesh,Dhaka,SME,52,Monthly,25,3,3,10,520,0,1,4.0,0,0.045115464641197554,120,5.413855756943707,1.6241567270831119,2.0,-0.3758432729168881,Low,0
CUST_04195,Male,68,India,Sydney,Individual,11,Monthly,9,3,2,50,550,2,3,5.0,23,0.22698190105871394,600,136.18914063522837,40.85674219056851,10.0,30.85674219056851,High,0
CUST_00012,Male,54,Bangladesh,Dhaka,Enterprise,14,Monthly,24,2,9,20,280,0,2,4.0,77,0.05596537173498936,240,13.431689216397446,4.029506764919233,4.0,0.02950676491923332,Low,0
CUST_02794,Male,39,Bangladesh,Toronto,Individual,31,Yearly,20,6,1,70,2170,1,1,2.0,-47,0.2020801177332742,840,169.74729889595034,50.9241896687851,14.0,36.9241896687851,High,0
CUST_04833,Female,21,Australia,New York,Individual,38,Yearly,14,5,14,10,380,0,1,5.0,69,0.06297691757305324,120,7.5572301087663885,2.2671690326299165,2.0,0.26716903262991654,Low,0
CUST_08518,Female,45,USA,Sydney,Individual,20,Yearly,14,0,3,20,400,1,3,5.0,23,0.07854992046408346,240,18.851980911380032,5.655594273414009,4.0,1.6555942734140094,Low,0
CUST_07699,Male,24,USA,London,SME,32,Monthly,24,5,12,30,960,0,0,2.0,1,0.17107231660733138,360,61.5860339786393,18.47581019359179,6.0,12.47581019359179,High,0
CUST_06365,Female,43,UK,Delhi,Enterprise,31,Yearly,45,7,7,20,620,0,1,4.0,71,0.07957761623246619,240,19.098627895791886,5.7295883687375655,4.0,1.7295883687375655,Low,0
CUST_04009,Female,44,Bangladesh,New York,Individual,10,Monthly,18,5,3,70,700,0,2,3.0,-21,0.08493800106890745,840,71.34792089788226,21.40437626936468,14.0,7.404376269364679,Low,0
CUST_01957,Female,23,UK,Dhaka,Individual,6,Monthly,14,0,2,50,300,0,0,3.0,65,0.07688489001903369,600,46.130934011420216,13.839280203426064,10.0,3.839280203426064,Low,0
CUST_04978,Male,63,Australia,London,SME,2,Monthly,0,0,41,30,60,1,2,4.0,28,0.47811959468788806,360,172.1230540876397,51.63691622629191,6.0,45.63691622629191,High,1
CUST_02209,Female,20,Australia,London,Individual,13,Yearly,9,3,0,30,390,0,4,3.0,63,0.07779677153770576,360,28.00683775357407,8.402051326072222,6.0,2.402051326072222,Low,0
CUST_03150,Male,68,UK,New York,Enterprise,50,Quarterly,29,6,18,50,2500,1,2,4.0,-4,0.07768275459254662,600,46.60965275552797,13.98289582665839,10.0,3.9828958266583907,Low,0
CUST_09724,Male,42,UK,Berlin,Individual,41,Quarterly,29,6,5,30,1230,0,1,4.0,70,0.03619230904710653,360,13.029231256958353,3.9087693770875056,6.0,-2.0912306229124944,Low,0
CUST_03634,Female,58,Bangladesh,Berlin,SME,51,Monthly,28,0,15,10,510,2,0,3.0,-69,0.16434514444441295,120,19.721417333329555,5.916425199998867,2.0,3.9164251999988666,High,0
CUST_03346,Female,45,Bangladesh,Berlin,Individual,44,Monthly,29,4,2,10,440,1,2,2.0,-28,0.21465115311250993,120,25.75813837350119,7.727441512050357,2.0,5.727441512050357,High,0
CUST_02023,Female,60,USA,New York,Individual,30,Quarterly,0,5,1,20,600,0,1,5.0,-14,0.19768241452096957,240,47.4437794850327,14.23313384550981,4.0,10.23313384550981,High,1
CUST_06560,Male,54,Canada,London,Individual,9,Monthly,28,2,35,20,180,0,2,5.0,48,0.17178853533782604,240,41.22924848107825,12.368774544323475,4.0,8.368774544323475,High,0
CUST_05038,Female,56,India,Dhaka,Individual,47,Monthly,18,1,25,20,940,1,3,4.0,21,0.055794937230922145,240,13.390784935421316,4.017235480626394,4.0,0.01723548062639413,Low,0
CUST_06469,Female,64,USA,Toronto,Individual,26,Yearly,21,7,4,50,1300,1,0,3.0,25,0.031083115416377757,600,18.649869249826654,5.594960774947996,10.0,-4.405039225052004,Low,0
CUST_03048,Female,73,Germany,Sydney,Individual,44,Monthly,4,2,6,50,2200,0,1,3.0,57,0.25254909762788785,600,151.5294585767327,45.458837573019814,10.0,35.458837573019814,High,0
CUST_06779,Female,51,Bangladesh,Delhi,Individual,28,Quarterly,13,2,8,50,1400,2,0,4.0,23,0.1908981144691843,600,114.53886868151059,34.36166060445318,10.0,24.361660604453178,High,1
